3.996813e+002,0.000000e+000
4.001635e+002,6.662286e+001
4.006456e+002,6.734683e+001
4.011277e+002,6.788340e+001
4.016098e+002,6.823070e+001
4.020919e+002,6.838928e+001
4.025741e+002,6.836200e+001
4.030562e+002,6.815429e+001
4.035383e+002,6.777382e+001
4.040204e+002,6.723397e+001
4.045026e+002,6.655593e+001
4.049847e+002,6.577256e+001
4.054668e+002,6.493019e+001
4.059489e+002,6.408607e+001
4.064311e+002,6.329436e+001
4.069132e+002,6.259328e+001
4.073953e+002,6.199285e+001
4.078774e+002,6.147655e+001
4.083596e+002,6.101124e+001
4.088417e+002,6.056290e+001
4.093238e+002,6.010880e+001
4.098059e+002,5.964387e+001
4.102881e+002,5.917766e+001
4.107702e+002,5.872602e+001
4.112523e+002,5.830181e+001
4.117344e+002,5.791195e+001
4.122166e+002,5.756107e+001
4.126987e+002,5.725869e+001
4.131808e+002,5.702172e+001
4.136629e+002,5.687217e+001
4.141451e+002,5.682813e+001
4.146272e+002,5.689540e+001
4.151093e+002,5.706548e+001
4.155914e+002,5.732132e+001
4.160736e+002,5.764903e+001
4.165557e+002,5.805092e+001
4.170378e+002,5.855673e+001
4.175200e+002,5.922971e+001
4.180021e+002,6.014604e+001
4.184842e+002,6.132686e+001
4.189663e+002,6.265002e+001
4.194484e+002,6.388570e+001
4.199306e+002,6.486388e+001
4.204127e+002,6.556564e+001
4.208948e+002,6.606277e+001
4.213770e+002,6.644096e+001
4.218591e+002,6.676849e+001
4.223412e+002,6.709858e+001
4.228233e+002,6.747444e+001
4.233055e+002,6.793195e+001
4.237876e+002,6.849374e+001
4.242697e+002,6.916183e+001
4.247518e+002,6.991276e+001
4.252339e+002,7.070198e+001
4.257161e+002,7.147638e+001
4.261982e+002,7.219059e+001
4.266803e+002,7.281770e+001
4.271624e+002,7.335287e+001
4.276446e+002,7.380822e+001
4.281267e+002,7.420503e+001
4.286088e+002,7.456637e+001
4.290909e+002,7.491161e+001
4.295731e+002,7.525416e+001
4.300552e+002,7.560165e+001
4.305373e+002,7.595681e+001
4.310194e+002,7.631786e+001
4.315016e+002,7.667898e+001
4.319837e+002,7.703082e+001
4.324658e+002,7.736062e+001
4.329479e+002,7.765916e+001
4.334301e+002,7.792124e+001
4.339122e+002,7.815010e+001
4.343943e+002,7.835694e+001
4.348764e+002,7.855779e+001
4.353586e+002,7.876633e+001
4.358407e+002,7.898777e+001
4.363228e+002,7.921475e+001
4.368049e+002,7.943050e+001
4.372870e+002,7.961713e+001
4.377692e+002,7.976514e+001
4.382513e+002,7.987689e+001
4.387334e+002,7.996454e+001
4.392155e+002,8.004277e+001
4.396977e+002,8.012204e+001
4.401798e+002,8.020288e+001
4.406619e+002,8.027464e+001
4.411440e+002,8.031776e+001
4.416262e+002,8.031130e+001
4.421083e+002,8.024236e+001
4.425904e+002,8.011337e+001
4.430725e+002,7.994084e+001
4.435547e+002,7.974886e+001
4.440368e+002,7.955986e+001
4.445189e+002,7.939003e+001
4.450010e+002,7.924885e+001
4.454832e+002,7.914213e+001
4.459653e+002,7.907397e+001
4.464474e+002,7.904694e+001
4.469295e+002,7.906013e+001
4.474117e+002,7.910690e+001
4.478938e+002,7.917411e+001
4.483759e+002,7.924508e+001
4.488580e+002,7.930357e+001
4.493401e+002,7.933849e+001
4.498223e+002,7.934440e+001
4.503044e+002,7.931982e+001
4.507865e+002,7.926334e+001
4.512687e+002,7.917072e+001
4.517508e+002,7.903416e+001
4.522329e+002,7.884583e+001
4.527150e+002,7.860236e+001
4.531971e+002,7.830826e+001
4.536793e+002,7.797302e+001
4.541614e+002,7.760499e+001
4.546435e+002,7.720409e+001
4.551257e+002,7.675970e+001
4.556078e+002,7.625260e+001
4.560899e+002,7.566398e+001
4.565720e+002,7.499010e+001
4.570542e+002,7.426112e+001
4.575363e+002,7.354735e+001
4.580184e+002,7.293920e+001
4.585005e+002,7.250545e+001
4.589827e+002,7.226512e+001
4.594648e+002,7.219220e+001
4.599469e+002,7.223891e+001
4.604290e+002,7.235549e+001
4.609112e+002,7.249931e+001
4.613933e+002,7.263591e+001
4.618754e+002,7.273865e+001
4.623575e+002,7.278970e+001
4.628397e+002,7.278245e+001
4.633218e+002,7.272228e+001
4.638039e+002,7.263000e+001
4.642860e+002,7.253504e+001
4.647682e+002,7.247247e+001
4.652503e+002,7.247728e+001
4.657324e+002,7.257989e+001
4.662145e+002,7.280013e+001
4.666967e+002,7.314090e+001
4.671788e+002,7.358292e+001
4.676609e+002,7.408553e+001
4.681430e+002,7.459500e+001
4.686252e+002,7.506029e+001
4.691073e+002,7.544566e+001
4.695894e+002,7.573662e+001
4.700715e+002,7.593669e+001
4.705536e+002,7.606165e+001
4.710358e+002,7.613320e+001
4.715179e+002,7.617443e+001
4.720000e+002,7.620469e+001
4.724821e+002,7.623433e+001
4.729643e+002,7.626022e+001
4.734464e+002,7.626695e+001
4.739285e+002,7.623258e+001
4.744106e+002,7.613636e+001
4.748928e+002,7.596371e+001
4.753749e+002,7.570969e+001
4.758570e+002,7.537955e+001
4.763391e+002,7.498875e+001
4.768213e+002,7.456030e+001
4.773034e+002,7.411929e+001
4.777855e+002,7.368679e+001
4.782676e+002,7.327493e+001
4.787498e+002,7.288620e+001
4.792319e+002,7.251701e+001
4.797140e+002,7.216256e+001
4.801961e+002,7.182089e+001
4.806783e+002,7.149346e+001
4.811604e+002,7.118347e+001
4.816425e+002,7.089275e+001
4.821246e+002,7.061984e+001
4.826068e+002,7.035984e+001
4.830889e+002,7.010695e+001
4.835710e+002,6.985601e+001
4.840531e+002,6.960428e+001
4.845352e+002,6.934911e+001
4.850174e+002,6.908456e+001
4.854995e+002,6.879774e+001
4.859816e+002,6.846892e+001
4.864637e+002,6.807446e+001
4.869459e+002,6.759269e+001
4.874280e+002,6.700918e+001
4.879101e+002,6.632047e+001
4.883922e+002,6.553434e+001
4.888744e+002,6.466883e+001
4.893565e+002,6.375002e+001
4.898386e+002,6.281143e+001
4.903207e+002,6.189524e+001
4.908029e+002,6.105421e+001
4.912850e+002,6.035059e+001
4.917671e+002,5.985047e+001
4.922492e+002,5.961134e+001
4.927314e+002,5.966784e+001
4.932135e+002,6.002213e+001
4.936956e+002,6.064346e+001
4.941777e+002,6.147598e+001
4.946599e+002,6.245466e+001
4.951420e+002,6.351474e+001
4.956241e+002,6.460034e+001
4.961062e+002,6.566670e+001
4.965884e+002,6.667957e+001
4.970705e+002,6.761269e+001
4.975526e+002,6.844627e+001
4.980347e+002,6.916647e+001
4.985169e+002,6.976624e+001
4.989990e+002,7.024557e+001
4.994811e+002,7.061164e+001
4.999633e+002,7.087826e+001
5.004454e+002,7.106489e+001
5.009275e+002,7.119513e+001
5.014096e+002,7.129478e+001
5.018917e+002,7.138785e+001
5.023739e+002,7.149235e+001
5.028560e+002,7.161733e+001
5.033381e+002,7.176377e+001
5.038203e+002,7.192809e+001
5.043024e+002,7.210622e+001
5.047845e+002,7.229539e+001
5.052666e+002,7.249429e+001
5.057487e+002,7.270126e+001
5.062309e+002,7.291310e+001
5.067130e+002,7.312401e+001
5.071951e+002,7.332658e+001
5.076772e+002,7.351363e+001
5.081594e+002,7.367982e+001
5.086415e+002,7.382278e+001
5.091236e+002,7.394241e+001
5.096057e+002,7.404027e+001
5.100879e+002,7.411903e+001
5.105700e+002,7.418203e+001
5.110521e+002,7.423309e+001
5.115342e+002,7.427556e+001
5.120164e+002,7.431133e+001
5.124985e+002,7.433969e+001
5.129806e+002,7.435737e+001
5.134627e+002,7.435932e+001
5.139448e+002,7.434069e+001
5.144270e+002,7.429872e+001
5.149091e+002,7.423434e+001
5.153912e+002,7.415255e+001
5.158734e+002,7.406178e+001
5.163555e+002,7.397182e+001
5.168376e+002,7.389162e+001
5.173197e+002,7.382703e+001
5.178019e+002,7.378014e+001
5.182840e+002,7.374976e+001
5.187661e+002,7.373293e+001
5.192482e+002,7.372612e+001
5.197303e+002,7.372578e+001
5.202125e+002,7.372795e+001
5.206946e+002,7.372779e+001
5.211767e+002,7.372000e+001
5.216588e+002,7.369980e+001
5.221410e+002,7.366373e+001
5.226231e+002,7.361082e+001
5.231052e+002,7.354235e+001
5.235873e+002,7.346146e+001
5.240695e+002,7.337212e+001
5.245516e+002,7.327830e+001
5.250337e+002,7.318295e+001
5.255159e+002,7.308944e+001
5.259980e+002,7.300021e+001
5.264801e+002,7.291757e+001
5.269622e+002,7.284354e+001
5.274443e+002,7.277967e+001
5.279265e+002,7.272686e+001
5.284086e+002,7.268498e+001
5.288907e+002,7.265269e+001
5.293728e+002,7.262740e+001
5.298550e+002,7.260485e+001
5.303371e+002,7.257972e+001
5.308192e+002,7.254582e+001
5.313013e+002,7.249757e+001
5.317834e+002,7.243104e+001
5.322656e+002,7.234520e+001
5.327477e+002,7.224245e+001
5.332299e+002,7.212823e+001
5.337120e+002,7.200958e+001
5.341941e+002,7.189326e+001
5.346762e+002,7.178345e+001
5.351583e+002,7.168047e+001
5.356404e+002,7.158057e+001
5.361226e+002,7.147781e+001
5.366047e+002,7.136629e+001
5.370868e+002,7.124296e+001
5.375690e+002,7.110890e+001
5.380511e+002,7.096925e+001
5.385332e+002,7.083115e+001
5.390153e+002,7.070152e+001
5.394974e+002,7.058475e+001
5.399796e+002,7.048157e+001
5.404617e+002,7.038919e+001
5.409438e+002,7.030247e+001
5.414260e+002,7.021529e+001
5.419081e+002,7.012218e+001
5.423902e+002,7.001920e+001
5.428723e+002,6.990456e+001
5.433544e+002,6.977879e+001
5.438365e+002,6.964484e+001
5.443187e+002,6.950755e+001
5.448008e+002,6.937307e+001
5.452830e+002,6.924690e+001
5.457651e+002,6.913200e+001
5.462472e+002,6.902666e+001
5.467293e+002,6.892422e+001
5.472114e+002,6.881425e+001
5.476936e+002,6.868549e+001
5.481757e+002,6.852914e+001
5.486578e+002,6.834142e+001
5.491400e+002,6.812426e+001
5.496221e+002,6.788428e+001
5.501042e+002,6.763021e+001
5.505863e+002,6.736983e+001
5.510684e+002,6.710783e+001
5.515505e+002,6.684547e+001
5.520327e+002,6.658166e+001
5.525148e+002,6.631513e+001
5.529969e+002,6.604584e+001
5.534791e+002,6.577584e+001
5.539612e+002,6.550894e+001
5.544433e+002,6.524952e+001
5.549254e+002,6.500166e+001
5.554076e+002,6.476857e+001
5.558896e+002,6.455264e+001
5.563718e+002,6.435566e+001
5.568539e+002,6.417809e+001
5.573361e+002,6.401859e+001
5.578182e+002,6.387251e+001
5.583003e+002,6.373179e+001
5.587825e+002,6.358533e+001
5.592645e+002,6.342098e+001
5.597467e+002,6.322802e+001
5.602288e+002,6.299973e+001
5.607109e+002,6.273410e+001
5.611931e+002,6.243364e+001
5.616752e+002,6.210332e+001
5.621573e+002,6.174876e+001
5.626394e+002,6.137460e+001
5.631216e+002,6.098422e+001
5.636037e+002,6.057988e+001
5.640858e+002,6.016326e+001
5.645679e+002,5.973531e+001
5.650500e+002,5.929554e+001
5.655322e+002,5.884114e+001
5.660143e+002,5.836678e+001
5.664965e+002,5.786532e+001
5.669785e+002,5.732979e+001
5.674607e+002,5.675586e+001
5.679428e+002,5.614393e+001
5.684249e+002,5.549964e+001
5.689070e+002,5.483306e+001
5.693892e+002,5.415680e+001
5.698713e+002,5.348437e+001
5.703534e+002,5.282955e+001
5.708356e+002,5.220623e+001
5.713177e+002,5.162833e+001
5.717998e+002,5.110908e+001
5.722819e+002,5.065975e+001
5.727640e+002,5.028876e+001
5.732462e+002,5.000170e+001
5.737283e+002,4.980227e+001
5.742104e+002,4.969334e+001
5.746925e+002,4.967700e+001
5.751747e+002,4.975266e+001
5.756568e+002,4.991435e+001
5.761389e+002,5.014874e+001
5.766210e+002,5.043618e+001
5.771031e+002,5.075517e+001
5.775853e+002,5.108818e+001
5.780674e+002,5.142557e+001
5.785496e+002,5.176675e+001
5.790317e+002,5.211789e+001
5.795138e+002,5.248839e+001
5.799959e+002,5.288674e+001
5.804780e+002,5.331769e+001
5.809601e+002,5.378145e+001
5.814423e+002,5.427519e+001
5.819244e+002,5.479534e+001
5.824066e+002,5.533901e+001
5.828887e+002,5.590367e+001
5.833708e+002,5.648479e+001
5.838529e+002,5.707317e+001
5.843350e+002,5.765359e+001
5.848171e+002,5.820581e+001
5.852993e+002,5.870746e+001
5.857814e+002,5.913849e+001
5.862635e+002,5.948428e+001
5.867457e+002,5.973691e+001
5.872278e+002,5.989416e+001
5.877099e+002,5.995691e+001
5.881920e+002,5.992634e+001
5.886741e+002,5.980179e+001
5.891563e+002,5.957978e+001
5.896384e+002,5.925437e+001
5.901205e+002,5.881918e+001
5.906027e+002,5.827031e+001
5.910848e+002,5.760957e+001
5.915669e+002,5.684660e+001
5.920490e+002,5.599821e+001
5.925311e+002,5.508484e+001
5.930133e+002,5.412577e+001
5.934954e+002,5.313536e+001
5.939775e+002,5.212300e+001
5.944597e+002,5.109589e+001
5.949418e+002,5.006354e+001
5.954239e+002,4.904151e+001
5.959060e+002,4.805291e+001
5.963882e+002,4.712737e+001
5.968702e+002,4.629836e+001
5.973524e+002,4.560042e+001
5.978345e+002,4.506742e+001
5.983167e+002,4.473106e+001
5.987988e+002,4.461841e+001
5.992809e+002,4.474648e+001
5.997630e+002,4.511474e+001
6.002451e+002,4.569876e+001
6.007273e+002,4.644884e+001
6.012094e+002,4.729641e+001
6.016915e+002,4.816592e+001
6.021736e+002,4.898755e+001
6.026558e+002,4.970608e+001
6.031379e+002,5.028438e+001
6.036200e+002,5.070273e+001
6.041022e+002,5.095601e+001
6.045842e+002,5.105010e+001
6.050664e+002,5.099871e+001
6.055485e+002,5.081993e+001
6.060306e+002,5.053356e+001
6.065128e+002,5.015879e+001
6.069949e+002,4.971302e+001
6.074770e+002,4.921142e+001
6.079591e+002,4.866704e+001
6.084413e+002,4.809098e+001
6.089234e+002,4.749233e+001
6.094055e+002,4.687842e+001
6.098876e+002,4.625488e+001
6.103698e+002,4.562637e+001
6.108519e+002,4.499743e+001
6.113340e+002,4.437320e+001
6.118162e+002,4.375969e+001
6.122983e+002,4.316348e+001
6.127804e+002,4.259072e+001
6.132625e+002,4.204609e+001
6.137446e+002,4.153201e+001
6.142267e+002,4.104828e+001
6.147089e+002,4.059213e+001
6.151910e+002,4.015860e+001
6.156731e+002,3.974120e+001
6.161553e+002,3.933335e+001
6.166374e+002,3.893057e+001
6.171195e+002,3.853386e+001
6.176016e+002,3.815280e+001
6.180837e+002,3.780773e+001
6.185659e+002,3.752903e+001
6.190480e+002,3.735366e+001
6.195302e+002,3.731890e+001
6.200123e+002,3.745485e+001
6.204944e+002,3.777748e+001
6.209765e+002,3.828440e+001
6.214586e+002,3.895528e+001
6.219407e+002,3.975687e+001
6.224229e+002,4.065084e+001
6.229050e+002,4.160130e+001
6.233871e+002,4.257912e+001
6.238693e+002,4.356239e+001
6.243514e+002,4.453357e+001
6.248335e+002,4.547620e+001
6.253156e+002,4.637308e+001
6.257977e+002,4.720747e+001
6.262798e+002,4.796631e+001
6.267620e+002,4.864386e+001
6.272441e+002,4.924321e+001
6.277263e+002,4.977539e+001
6.282084e+002,5.025599e+001
6.286905e+002,5.070144e+001
6.291726e+002,5.112582e+001
6.296547e+002,5.153983e+001
6.301368e+002,5.195119e+001
6.306190e+002,5.236637e+001
6.311011e+002,5.279199e+001
6.315833e+002,5.323540e+001
6.320654e+002,5.370374e+001
6.325475e+002,5.420212e+001
6.330296e+002,5.473200e+001
6.335117e+002,5.529028e+001
6.339939e+002,5.586960e+001
6.344760e+002,5.645980e+001
6.349581e+002,5.704967e+001
6.354402e+002,5.762840e+001
6.359224e+002,5.818661e+001
6.364045e+002,5.871669e+001
6.368866e+002,5.921311e+001
6.373687e+002,5.967262e+001
6.378508e+002,6.009456e+001
6.383330e+002,6.048090e+001
6.388151e+002,6.083595e+001
6.392972e+002,6.116540e+001
6.397794e+002,6.147497e+001
6.402615e+002,6.176918e+001
6.407436e+002,6.205049e+001
6.412257e+002,6.231969e+001
6.417079e+002,6.257660e+001
6.421899e+002,6.282150e+001
6.426721e+002,6.305582e+001
6.431542e+002,6.328239e+001
6.436364e+002,6.350464e+001
6.441185e+002,6.372541e+001
6.446006e+002,6.394614e+001
6.450827e+002,6.416662e+001
6.455648e+002,6.438551e+001
6.460470e+002,6.460162e+001
6.465291e+002,6.481458e+001
6.470112e+002,6.502535e+001
6.474933e+002,6.523556e+001
6.479755e+002,6.544653e+001
6.484576e+002,6.565841e+001
6.489397e+002,6.586929e+001
6.494219e+002,6.607586e+001
6.499040e+002,6.627406e+001
6.503861e+002,6.646024e+001
6.508682e+002,6.663196e+001
6.513503e+002,6.678831e+001
6.518325e+002,6.692986e+001
6.523146e+002,6.705833e+001
6.527968e+002,6.717620e+001
6.532788e+002,6.728616e+001
6.537610e+002,6.739076e+001
6.542431e+002,6.749193e+001
6.547252e+002,6.759079e+001
6.552073e+002,6.768738e+001
6.556895e+002,6.778089e+001
6.561716e+002,6.786993e+001
6.566537e+002,6.795329e+001
6.571359e+002,6.803032e+001
6.576179e+002,6.810124e+001
6.581001e+002,6.816699e+001
6.585822e+002,6.822870e+001
6.590643e+002,6.828692e+001
6.595464e+002,6.834106e+001
6.600286e+002,6.838924e+001
6.605107e+002,6.842857e+001
6.609928e+002,6.845573e+001
6.614750e+002,6.846794e+001
6.619571e+002,6.846378e+001
6.624392e+002,6.844368e+001
6.629213e+002,6.841027e+001
6.634034e+002,6.836768e+001
6.638856e+002,6.832031e+001
6.643677e+002,6.827120e+001
6.648499e+002,6.822067e+001
6.653320e+002,6.816550e+001
6.658141e+002,6.809827e+001
6.662962e+002,6.800668e+001
6.667783e+002,6.787405e+001
6.672605e+002,6.768449e+001
6.677426e+002,6.743634e+001
6.682247e+002,6.715781e+001
6.687068e+002,6.689870e+001
6.691890e+002,6.669449e+001
6.696711e+002,6.654462e+001
6.701532e+002,6.642630e+001
6.706353e+002,6.631501e+001
6.711174e+002,6.619378e+001
6.715996e+002,6.605360e+001
6.720817e+002,6.589204e+001
6.725638e+002,6.571157e+001
6.730460e+002,6.551781e+001
6.735281e+002,6.531737e+001
6.740102e+002,6.511569e+001
6.744923e+002,6.491551e+001
6.749745e+002,6.471677e+001
6.754565e+002,6.451748e+001
6.759387e+002,6.431483e+001
6.764208e+002,6.410583e+001
6.769030e+002,6.388767e+001
6.773851e+002,6.365784e+001
6.778672e+002,6.341463e+001
6.783493e+002,6.315771e+001
6.788314e+002,6.288884e+001
6.793136e+002,6.261193e+001
6.797957e+002,6.233176e+001
6.802778e+002,6.205264e+001
6.807599e+002,6.177667e+001
6.812421e+002,6.150297e+001
6.817242e+002,6.122869e+001
6.822063e+002,6.095119e+001
6.826885e+002,6.067038e+001
6.831705e+002,6.039016e+001
6.836527e+002,6.011782e+001
6.841348e+002,5.986189e+001
6.846169e+002,5.962945e+001
6.850991e+002,5.942437e+001
6.855812e+002,5.924763e+001
6.860634e+002,5.909922e+001
6.865454e+002,5.898066e+001
6.870276e+002,5.889608e+001
6.875096e+002,5.885160e+001
6.879918e+002,5.885247e+001
6.884739e+002,5.890031e+001
6.889561e+002,5.899134e+001
6.894382e+002,5.911742e+001
6.899203e+002,5.926831e+001
6.904025e+002,5.943444e+001
6.908845e+002,5.960793e+001
6.913667e+002,5.978171e+001
6.918488e+002,5.994728e+001
6.923309e+002,6.009262e+001
6.928130e+002,6.020135e+001
6.932952e+002,6.025333e+001
6.937773e+002,6.022645e+001
6.942594e+002,6.009834e+001
6.947416e+002,5.984715e+001
6.952236e+002,5.945161e+001
6.957058e+002,5.889021e+001
6.961879e+002,5.814074e+001
6.966700e+002,5.718059e+001
6.971522e+002,5.598869e+001
6.976343e+002,5.454940e+001
6.981165e+002,5.285822e+001
6.985985e+002,5.092862e+001
6.990807e+002,4.879831e+001
6.995628e+002,4.653289e+001
7.000449e+002,4.422569e+001
7.005270e+002,4.199341e+001
7.010092e+002,3.996906e+001
7.014913e+002,3.829279e+001
7.019734e+002,3.710076e+001
7.024556e+002,3.651031e+001
7.029377e+002,3.660160e+001
7.034198e+002,3.739892e+001
7.039019e+002,3.885889e+001
7.043840e+002,4.087232e+001
7.048662e+002,4.328152e+001
7.053483e+002,4.590798e+001
7.058304e+002,4.858105e+001
7.063125e+002,5.115947e+001
7.067947e+002,5.354222e+001
7.072768e+002,5.566941e+001
7.077589e+002,5.751678e+001
7.082410e+002,5.908664e+001
7.087231e+002,6.039848e+001
7.092053e+002,6.148071e+001
7.096874e+002,6.236466e+001
7.101696e+002,6.308102e+001
7.106517e+002,6.365728e+001
7.111338e+002,6.411758e+001
7.116159e+002,6.448217e+001
7.120980e+002,6.476766e+001
7.125802e+002,6.498736e+001
7.130623e+002,6.515211e+001
7.135444e+002,6.527126e+001
7.140265e+002,6.535355e+001
7.145087e+002,6.540741e+001
7.149908e+002,6.544070e+001
7.154729e+002,6.546010e+001
7.159550e+002,6.547015e+001
7.164371e+002,6.547317e+001
7.169193e+002,6.546943e+001
7.174014e+002,6.545779e+001
7.178835e+002,6.543629e+001
7.183657e+002,6.540221e+001
7.188478e+002,6.535184e+001
7.193299e+002,6.528027e+001
7.198120e+002,6.518190e+001
7.202942e+002,6.505206e+001
7.207762e+002,6.488960e+001
7.212584e+002,6.469938e+001
7.217405e+002,6.449379e+001
7.222227e+002,6.429213e+001
7.227048e+002,6.411777e+001
7.231869e+002,6.399392e+001
7.236691e+002,6.393892e+001
7.241511e+002,6.396225e+001
7.246333e+002,6.406264e+001
7.251154e+002,6.422832e+001
7.255975e+002,6.443960e+001
7.260797e+002,6.467287e+001
7.265618e+002,6.490517e+001
7.270439e+002,6.511760e+001
7.275260e+002,6.529760e+001
7.280082e+002,6.543909e+001
7.284902e+002,6.554147e+001
7.289724e+002,6.560773e+001
7.294545e+002,6.564278e+001
7.299366e+002,6.565209e+001
7.304188e+002,6.564098e+001
7.309009e+002,6.561449e+001
7.313831e+002,6.557766e+001
7.318651e+002,6.553596e+001
7.323473e+002,6.549580e+001
7.328293e+002,6.546496e+001
7.333115e+002,6.545261e+001
7.337936e+002,6.546877e+001
7.342758e+002,6.552324e+001
7.347579e+002,6.562427e+001
7.352400e+002,6.577710e+001
7.357222e+002,6.598285e+001
7.362042e+002,6.623785e+001
7.366864e+002,6.653341e+001
7.371685e+002,6.685613e+001
7.376506e+002,6.718863e+001
7.381328e+002,6.751066e+001
7.386149e+002,6.780075e+001
7.390970e+002,6.803762e+001
7.395791e+002,6.820160e+001
7.400613e+002,6.827545e+001
7.405434e+002,6.824474e+001
7.410255e+002,6.809853e+001
7.415076e+002,6.782928e+001
7.419897e+002,6.743426e+001
7.424719e+002,6.691686e+001
7.429540e+002,6.628813e+001
7.434362e+002,6.556910e+001
7.439182e+002,6.479247e+001
7.444004e+002,6.400338e+001
7.448825e+002,6.325774e+001
7.453646e+002,6.261713e+001
7.458467e+002,6.214054e+001
7.463289e+002,6.187446e+001
7.468110e+002,6.184460e+001
7.472931e+002,6.205134e+001
7.477753e+002,6.247014e+001
7.482574e+002,6.305654e+001
7.487395e+002,6.375414e+001
7.492216e+002,6.450408e+001
7.497037e+002,6.525406e+001
7.501859e+002,6.596565e+001
7.506680e+002,6.661768e+001
7.511501e+002,6.720558e+001
7.516322e+002,6.773678e+001
7.521144e+002,6.822380e+001
7.525965e+002,6.867722e+001
7.530786e+002,6.910013e+001
7.535608e+002,6.948528e+001
7.540428e+002,6.981555e+001
7.545250e+002,7.006719e+001
7.550071e+002,7.021491e+001
7.554893e+002,7.023749e+001
7.559714e+002,7.012283e+001
7.564535e+002,6.987167e+001
7.569356e+002,6.949870e+001
7.574177e+002,6.903118e+001
7.578999e+002,6.850486e+001
7.583820e+002,6.795874e+001
7.588641e+002,6.743042e+001
7.593463e+002,6.695403e+001
7.598284e+002,6.656068e+001
7.603105e+002,6.628088e+001
7.607926e+002,6.614640e+001
7.612748e+002,6.618987e+001
7.617568e+002,6.644133e+001
7.622390e+002,6.692187e+001
7.627211e+002,6.763656e+001
7.632032e+002,6.856873e+001
7.636854e+002,6.967790e+001
7.641675e+002,7.090228e+001
7.646496e+002,7.216707e+001
7.651317e+002,7.339651e+001
7.656139e+002,7.452721e+001
7.660959e+002,7.551857e+001
7.665781e+002,7.635709e+001
7.670602e+002,7.705364e+001
7.675424e+002,7.763568e+001
7.680245e+002,7.813746e+001
7.685066e+002,7.859154e+001
7.689888e+002,7.902289e+001
7.694708e+002,7.944674e+001
7.699530e+002,7.986887e+001
7.704351e+002,8.028735e+001
7.709172e+002,8.069484e+001
7.713994e+002,8.108072e+001
7.718815e+002,8.143339e+001
7.723636e+002,8.174263e+001
7.728457e+002,8.200239e+001
7.733279e+002,8.221233e+001
7.738099e+002,8.237820e+001
7.742921e+002,8.251017e+001
7.747742e+002,8.261987e+001
7.752563e+002,8.271741e+001
7.757385e+002,8.280936e+001
7.762206e+002,8.289835e+001
7.767028e+002,8.298399e+001
7.771848e+002,8.306446e+001
7.776670e+002,8.313773e+001
7.781491e+002,8.320203e+001
7.786312e+002,8.325538e+001
7.791133e+002,8.329517e+001
7.795955e+002,8.331833e+001
7.800776e+002,8.332231e+001
7.805597e+002,8.330633e+001
7.810419e+002,8.327238e+001
7.815239e+002,8.322494e+001
7.820061e+002,8.316929e+001
7.824882e+002,8.310952e+001
7.829703e+002,8.304679e+001
7.834525e+002,8.297893e+001
7.839346e+002,8.290172e+001
7.844167e+002,8.281069e+001
7.848988e+002,8.270310e+001
7.853810e+002,8.257833e+001
7.858631e+002,8.243693e+001
7.863452e+002,8.227889e+001
7.868273e+002,8.210191e+001
7.873094e+002,8.190105e+001
7.877916e+002,8.166962e+001
7.882737e+002,8.140118e+001
7.887559e+002,8.109112e+001
7.892380e+002,8.073734e+001
7.897201e+002,8.033945e+001
7.902022e+002,7.989746e+001
7.906843e+002,7.941097e+001
7.911665e+002,7.888006e+001
7.916486e+002,7.830775e+001
7.921307e+002,7.770309e+001
7.926128e+002,7.708402e+001
7.930950e+002,7.647788e+001
7.935771e+002,7.591963e+001
7.940592e+002,7.544768e+001
7.945413e+002,7.509846e+001
7.950234e+002,7.490069e+001
7.955056e+002,7.487056e+001
7.959877e+002,7.500887e+001
7.964698e+002,7.530077e+001
7.969520e+002,7.571832e+001
7.974341e+002,7.622481e+001
7.979162e+002,7.677949e+001
7.983983e+002,7.734184e+001
7.988805e+002,7.787464e+001
7.993625e+002,7.834668e+001
7.998447e+002,7.873441e+001
8.003268e+002,7.902291e+001
8.008090e+002,7.920534e+001
8.012911e+002,7.928071e+001
8.017732e+002,7.925093e+001
8.022553e+002,7.911769e+001
8.027374e+002,7.888046e+001
8.032196e+002,7.853553e+001
8.037017e+002,7.807638e+001
8.041838e+002,7.749374e+001
8.046660e+002,7.677534e+001
8.051481e+002,7.590526e+001
8.056302e+002,7.486341e+001
8.061123e+002,7.362661e+001
8.065945e+002,7.217185e+001
8.070765e+002,7.048254e+001
8.075587e+002,6.855656e+001
8.080408e+002,6.641554e+001
8.085229e+002,6.411353e+001
8.090051e+002,6.174312e+001
8.094872e+002,5.943739e+001
8.099694e+002,5.736468e+001
8.104514e+002,5.571365e+001
8.109336e+002,5.466808e+001
8.114156e+002,5.437519e+001
8.118978e+002,5.491571e+001
8.123799e+002,5.628498e+001
8.128621e+002,5.839139e+001
8.133442e+002,6.107108e+001
8.138263e+002,6.411374e+001
8.143085e+002,6.729315e+001
8.147905e+002,7.039679e+001
8.152727e+002,7.325019e+001
8.157548e+002,7.573235e+001
8.162369e+002,7.777866e+001
8.167191e+002,7.937223e+001
8.172012e+002,8.052805e+001
8.176833e+002,8.127688e+001
8.181654e+002,8.165484e+001
8.186476e+002,8.170148e+001
8.191296e+002,8.146375e+001
8.196118e+002,8.100214e+001
8.200939e+002,8.039382e+001
8.205760e+002,7.973049e+001
8.210582e+002,7.911087e+001
8.215403e+002,7.863003e+001
8.220225e+002,7.836752e+001
8.225045e+002,7.837695e+001
8.229867e+002,7.867874e+001
8.234688e+002,7.925793e+001
8.239509e+002,8.006808e+001
8.244330e+002,8.103967e+001
8.249152e+002,8.209173e+001
8.253973e+002,8.314348e+001
8.258794e+002,8.412508e+001
8.263616e+002,8.498574e+001
8.268437e+002,8.569817e+001
8.273258e+002,8.625822e+001
8.278079e+002,8.667966e+001
8.282900e+002,8.698571e+001
8.287722e+002,8.720013e+001
8.292543e+002,8.734127e+001
8.297365e+002,8.742028e+001
8.302185e+002,8.744331e+001
8.307007e+002,8.741534e+001
8.311828e+002,8.734313e+001
8.316649e+002,8.723563e+001
8.321470e+002,8.710159e+001
8.326292e+002,8.694611e+001
8.331113e+002,8.676851e+001
8.335934e+002,8.656258e+001
8.340756e+002,8.631924e+001
8.345577e+002,8.603044e+001
8.350398e+002,8.569152e+001
8.355219e+002,8.530148e+001
8.360040e+002,8.486095e+001
8.364862e+002,8.436960e+001
8.369683e+002,8.382540e+001
8.374504e+002,8.322653e+001
8.379325e+002,8.257587e+001
8.384147e+002,8.188577e+001
8.388968e+002,8.118091e+001
8.393789e+002,8.049732e+001
8.398610e+002,7.987819e+001
8.403431e+002,7.936713e+001
8.408253e+002,7.900204e+001
8.413074e+002,7.880991e+001
8.417896e+002,7.880403e+001
8.422717e+002,7.898291e+001
8.427538e+002,7.933117e+001
8.432359e+002,7.982152e+001
8.437180e+002,8.041762e+001
8.442002e+002,8.107721e+001
8.446823e+002,8.175591e+001
8.451644e+002,8.241146e+001
8.456465e+002,8.300894e+001
8.461287e+002,8.352531e+001
8.466108e+002,8.395228e+001
8.470929e+002,8.429578e+001
8.475751e+002,8.457201e+001
8.480571e+002,8.480154e+001
8.485393e+002,8.500356e+001
8.490214e+002,8.519231e+001
8.495035e+002,8.537597e+001
8.499857e+002,8.555785e+001
8.504678e+002,8.573773e+001
8.509499e+002,8.591274e+001
8.514320e+002,8.607690e+001
8.519142e+002,8.622063e+001
8.523962e+002,8.633089e+001
8.528784e+002,8.639329e+001
8.533605e+002,8.639547e+001
8.538427e+002,8.633047e+001
8.543248e+002,8.619800e+001
8.548069e+002,8.600276e+001
8.552891e+002,8.575014e+001
8.557711e+002,8.544136e+001
8.562533e+002,8.507021e+001
8.567354e+002,8.462264e+001
8.572175e+002,8.407824e+001
8.576996e+002,8.341193e+001
8.581818e+002,8.259414e+001
8.586639e+002,8.158915e+001
8.591460e+002,8.035410e+001
8.596282e+002,7.884220e+001
8.601102e+002,7.701376e+001
8.605924e+002,7.485537e+001
8.610745e+002,7.240266e+001
8.615566e+002,6.975880e+001
8.620388e+002,6.709906e+001
8.625209e+002,6.465643e+001
8.630031e+002,6.268891e+001
8.634851e+002,6.143584e+001
8.639673e+002,6.107274e+001
8.644494e+002,6.167516e+001
8.649315e+002,6.319991e+001
8.654136e+002,6.549037e+001
8.658958e+002,6.830615e+001
8.663779e+002,7.137001e+001
8.668600e+002,7.441792e+001
8.673422e+002,7.723826e+001
8.678242e+002,7.969216e+001
8.683064e+002,8.171466e+001
8.687885e+002,8.330238e+001
8.692706e+002,8.449446e+001
8.697527e+002,8.535293e+001
8.702349e+002,8.594569e+001
8.707170e+002,8.633490e+001
8.711991e+002,8.657025e+001
8.716813e+002,8.668733e+001
8.721634e+002,8.670909e+001
8.726455e+002,8.664932e+001
8.731276e+002,8.651691e+001
8.736097e+002,8.631972e+001
8.740919e+002,8.606787e+001
8.745740e+002,8.577563e+001
8.750562e+002,8.546221e+001
8.755382e+002,8.515166e+001
8.760204e+002,8.487120e+001
8.765025e+002,8.464883e+001
8.769846e+002,8.450950e+001
8.774668e+002,8.447124e+001
8.779489e+002,8.454164e+001
8.784310e+002,8.471629e+001
8.789131e+002,8.497913e+001
8.793953e+002,8.530521e+001
8.798774e+002,8.566508e+001
8.803595e+002,8.602962e+001
8.808416e+002,8.637473e+001
8.813237e+002,8.668402e+001
8.818059e+002,8.694920e+001
8.822880e+002,8.716827e+001
8.827701e+002,8.734255e+001
8.832523e+002,8.747379e+001
8.837344e+002,8.756296e+001
8.842165e+002,8.761044e+001
8.846986e+002,8.761717e+001
8.851808e+002,8.758566e+001
8.856628e+002,8.751996e+001
8.861450e+002,8.742449e+001
8.866271e+002,8.730234e+001
8.871093e+002,8.715430e+001
8.875914e+002,8.697871e+001
8.880735e+002,8.677287e+001
8.885556e+002,8.653436e+001
8.890377e+002,8.626213e+001
8.895199e+002,8.595598e+001
8.900020e+002,8.561539e+001
8.904841e+002,8.523765e+001
8.909662e+002,8.481672e+001
8.914484e+002,8.434311e+001
8.919305e+002,8.380437e+001
8.924126e+002,8.318634e+001
8.928948e+002,8.247372e+001
8.933768e+002,8.165126e+001
8.938590e+002,8.070558e+001
8.943411e+002,7.962897e+001
8.948232e+002,7.842549e+001
8.953054e+002,7.711803e+001
8.957875e+002,7.575407e+001
8.962697e+002,7.440668e+001
8.967517e+002,7.316883e+001
8.972339e+002,7.214136e+001
8.977159e+002,7.141711e+001
8.981981e+002,7.106523e+001
8.986802e+002,7.111894e+001
8.991624e+002,7.156913e+001
8.996445e+002,7.236529e+001
9.001266e+002,7.342368e+001
9.006088e+002,7.464146e+001
9.010908e+002,7.591343e+001
9.015730e+002,7.714677e+001
9.020551e+002,7.827054e+001
9.025372e+002,7.923885e+001
9.030193e+002,8.002876e+001
9.035015e+002,8.063573e+001
9.039836e+002,8.106777e+001
9.044657e+002,8.134017e+001
9.049479e+002,8.147091e+001
9.054299e+002,8.147685e+001
9.059121e+002,8.137127e+001
9.063942e+002,8.116273e+001
9.068763e+002,8.085531e+001
9.073585e+002,8.044969e+001
9.078406e+002,7.994473e+001
9.083228e+002,7.933876e+001
9.088048e+002,7.863103e+001
9.092870e+002,7.782330e+001
9.097691e+002,7.692270e+001
9.102512e+002,7.594538e+001
9.107333e+002,7.492066e+001
9.112155e+002,7.389365e+001
9.116976e+002,7.292448e+001
9.121797e+002,7.208321e+001
9.126619e+002,7.144090e+001
9.131440e+002,7.105869e+001
9.136261e+002,7.097751e+001
9.141082e+002,7.121006e+001
9.145903e+002,7.173708e+001
9.150724e+002,7.250858e+001
9.155546e+002,7.345032e+001
9.160367e+002,7.447457e+001
9.165189e+002,7.549294e+001
9.170010e+002,7.642754e+001
9.174831e+002,7.721845e+001
9.179652e+002,7.782629e+001
9.184473e+002,7.823100e+001
9.189294e+002,7.842839e+001
9.194116e+002,7.842569e+001
9.198937e+002,7.823693e+001
9.203759e+002,7.787911e+001
9.208580e+002,7.736895e+001
9.213401e+002,7.672136e+001
9.218222e+002,7.594955e+001
9.223043e+002,7.506665e+001
9.227864e+002,7.408806e+001
9.232686e+002,7.303404e+001
9.237507e+002,7.193190e+001
9.242328e+002,7.081761e+001
9.247150e+002,6.973696e+001
9.251971e+002,6.874560e+001
9.256792e+002,6.790746e+001
9.261613e+002,6.729000e+001
9.266434e+002,6.695557e+001
9.271255e+002,6.695013e+001
9.276077e+002,6.729193e+001
9.280898e+002,6.796343e+001
9.285720e+002,6.890949e+001
9.290541e+002,7.004219e+001
9.295362e+002,7.125128e+001
9.300183e+002,7.241840e+001
9.305004e+002,7.343211e+001
9.309826e+002,7.420152e+001
9.314647e+002,7.466530e+001
9.319468e+002,7.479485e+001
9.324290e+002,7.459144e+001
9.329111e+002,7.407999e+001
9.333932e+002,7.330276e+001
9.338753e+002,7.231504e+001
9.343574e+002,7.118354e+001
9.348396e+002,6.998571e+001
9.353217e+002,6.880811e+001
9.358038e+002,6.774239e+001
9.362859e+002,6.687883e+001
9.367681e+002,6.629816e+001
9.372502e+002,6.606284e+001
9.377323e+002,6.620927e+001
9.382144e+002,6.674226e+001
9.386966e+002,6.763371e+001
9.391787e+002,6.882620e+001
9.396608e+002,7.024129e+001
9.401429e+002,7.179023e+001
9.406251e+002,7.338460e+001
9.411072e+002,7.494460e+001
9.415893e+002,7.640469e+001
9.420714e+002,7.771651e+001
9.425536e+002,7.884999e+001
9.430357e+002,7.979218e+001
9.435178e+002,8.054414e+001
9.439999e+002,8.111620e+001
9.444821e+002,8.152248e+001
9.449642e+002,8.177628e+001
9.454463e+002,8.188735e+001
9.459284e+002,8.186112e+001
9.464106e+002,8.169955e+001
9.468927e+002,8.140246e+001
9.473748e+002,8.096870e+001
9.478569e+002,8.039732e+001
9.483391e+002,7.968896e+001
9.488212e+002,7.884818e+001
9.493033e+002,7.788666e+001
9.497855e+002,7.682622e+001
9.502676e+002,7.569990e+001
9.507497e+002,7.455016e+001
9.512318e+002,7.342384e+001
9.517139e+002,7.236496e+001
9.521960e+002,7.140758e+001
9.526782e+002,7.057060e+001
9.531603e+002,6.985577e+001
9.536425e+002,6.924920e+001
9.541246e+002,6.872649e+001
9.546067e+002,6.825994e+001
9.550888e+002,6.782658e+001
9.555709e+002,6.741473e+001
9.560530e+002,6.702801e+001
9.565352e+002,6.668573e+001
9.570173e+002,6.641979e+001
9.574995e+002,6.626905e+001
9.579816e+002,6.627210e+001
9.584637e+002,6.646048e+001
9.589458e+002,6.685335e+001
9.594279e+002,6.745468e+001
9.599100e+002,6.825272e+001
9.603922e+002,6.922094e+001
9.608743e+002,7.032046e+001
9.613564e+002,7.150337e+001
9.618386e+002,7.271729e+001
9.623207e+002,7.391081e+001
9.628028e+002,7.503871e+001
9.632849e+002,7.606600e+001
9.637670e+002,7.696992e+001
9.642491e+002,7.774026e+001
9.647313e+002,7.837831e+001
9.652134e+002,7.889521e+001
9.656956e+002,7.930987e+001
9.661777e+002,7.964617e+001
9.666598e+002,7.992986e+001
9.671419e+002,8.018478e+001
9.676240e+002,8.042999e+001
9.681061e+002,8.067770e+001
9.685883e+002,8.093288e+001
9.690704e+002,8.119453e+001
9.695526e+002,8.145760e+001
9.700347e+002,8.171522e+001
9.705168e+002,8.196016e+001
9.709989e+002,8.218587e+001
9.714810e+002,8.238638e+001
9.719631e+002,8.255666e+001
9.724453e+002,8.269308e+001
9.729274e+002,8.279462e+001
9.734095e+002,8.286366e+001
9.738917e+002,8.290600e+001
9.743738e+002,8.292961e+001
9.748559e+002,8.294198e+001
9.753380e+002,8.294756e+001
9.758201e+002,8.294579e+001
9.763023e+002,8.293098e+001
9.767844e+002,8.289402e+001
9.772665e+002,8.282486e+001
9.777487e+002,8.271513e+001
9.782308e+002,8.255952e+001
9.787129e+002,8.235548e+001
9.791950e+002,8.210178e+001
9.796771e+002,8.179685e+001
9.801593e+002,8.143784e+001
9.806414e+002,8.102057e+001
9.811235e+002,8.054060e+001
9.816057e+002,7.999418e+001
9.820878e+002,7.937884e+001
9.825699e+002,7.869360e+001
9.830520e+002,7.793855e+001
9.835342e+002,7.711491e+001
9.840163e+002,7.622540e+001
9.844984e+002,7.527512e+001
9.849805e+002,7.427223e+001
9.854626e+002,7.322863e+001
9.859448e+002,7.216006e+001
9.864269e+002,7.108646e+001
9.869090e+002,7.003239e+001
9.873912e+002,6.902782e+001
9.878733e+002,6.810842e+001
9.883554e+002,6.731461e+001
9.888375e+002,6.668886e+001
9.893196e+002,6.627162e+001
9.898018e+002,6.609678e+001
9.902839e+002,6.618753e+001
9.907660e+002,6.655362e+001
9.912482e+002,6.718971e+001
9.917303e+002,6.807514e+001
9.922124e+002,6.917502e+001
9.926945e+002,7.044313e+001
9.931766e+002,7.182652e+001
9.936588e+002,7.327103e+001
9.941409e+002,7.472640e+001
9.946230e+002,7.614963e+001
9.951052e+002,7.750645e+001
9.955873e+002,7.877131e+001
9.960694e+002,7.992648e+001
9.965515e+002,8.096124e+001
9.970336e+002,8.187072e+001
9.975157e+002,8.265446e+001
9.979979e+002,8.331493e+001
9.984800e+002,8.385611e+001
9.989622e+002,8.428338e+001
9.994443e+002,8.460454e+001
9.999264e+002,8.483182e+001
1.000409e+003,8.498323e+001
1.000891e+003,8.508221e+001
1.001373e+003,8.515470e+001
1.001855e+003,8.522430e+001
1.002337e+003,8.530743e+001
1.002819e+003,8.541026e+001
1.003301e+003,8.552824e+001
1.003783e+003,8.564935e+001
1.004266e+003,8.575896e+001
1.004748e+003,8.584466e+001
1.005230e+003,8.589951e+001
1.005712e+003,8.592236e+001
1.006194e+003,8.591601e+001
1.006676e+003,8.588422e+001
1.007158e+003,8.582956e+001
1.007640e+003,8.575280e+001
1.008122e+003,8.565371e+001
1.008605e+003,8.553248e+001
1.009087e+003,8.539068e+001
1.009569e+003,8.523095e+001
1.010051e+003,8.505594e+001
1.010533e+003,8.486681e+001
1.011015e+003,8.466257e+001
1.011497e+003,8.444032e+001
1.011979e+003,8.419622e+001
1.012462e+003,8.392666e+001
1.012944e+003,8.362856e+001
1.013426e+003,8.329916e+001
1.013908e+003,8.293504e+001
1.014390e+003,8.253168e+001
1.014872e+003,8.208366e+001
1.015354e+003,8.158620e+001
1.015836e+003,8.103695e+001
1.016319e+003,8.043760e+001
1.016801e+003,7.979464e+001
1.017283e+003,7.911901e+001
1.017765e+003,7.842501e+001
1.018247e+003,7.772909e+001
1.018729e+003,7.704856e+001
1.019211e+003,7.640058e+001
1.019693e+003,7.580064e+001
1.020176e+003,7.526113e+001
1.020658e+003,7.479006e+001
1.021140e+003,7.439026e+001
1.021622e+003,7.405955e+001
1.022104e+003,7.379150e+001
1.022586e+003,7.357653e+001
1.023068e+003,7.340272e+001
1.023550e+003,7.325577e+001
1.024033e+003,7.311832e+001
1.024515e+003,7.296863e+001
1.024997e+003,7.277943e+001
1.025479e+003,7.251785e+001
1.025961e+003,7.214716e+001
1.026443e+003,7.163069e+001
1.026925e+003,7.093739e+001
1.027407e+003,7.004784e+001
1.027890e+003,6.895895e+001
1.028372e+003,6.768585e+001
1.028854e+003,6.626099e+001
1.029336e+003,6.473087e+001
1.029818e+003,6.315217e+001
1.030300e+003,6.158763e+001
1.030782e+003,6.010271e+001
1.031264e+003,5.876283e+001
1.031747e+003,5.763162e+001
1.032229e+003,5.677049e+001
1.032711e+003,5.623878e+001
1.033193e+003,5.609295e+001
1.033675e+003,5.638287e+001
1.034157e+003,5.714449e+001
1.034639e+003,5.838966e+001
1.035121e+003,6.009676e+001
1.035604e+003,6.220607e+001
1.036086e+003,6.462263e+001
1.036568e+003,6.722616e+001
1.037050e+003,6.988546e+001
1.037532e+003,7.247364e+001
1.038014e+003,7.488189e+001
1.038496e+003,7.702979e+001
1.038979e+003,7.887144e+001
1.039461e+003,8.039578e+001
1.039943e+003,8.162124e+001
1.040425e+003,8.258563e+001
1.040907e+003,8.333477e+001
1.041389e+003,8.391268e+001
1.041871e+003,8.435596e+001
1.042353e+003,8.469249e+001
1.042835e+003,8.494283e+001
1.043318e+003,8.512269e+001
1.043800e+003,8.524433e+001
1.044282e+003,8.531666e+001
1.044764e+003,8.534433e+001
1.045246e+003,8.532755e+001
1.045728e+003,8.526332e+001
1.046210e+003,8.514819e+001
1.046692e+003,8.498129e+001
1.047175e+003,8.476675e+001
1.047657e+003,8.451353e+001
1.048139e+003,8.423382e+001
1.048621e+003,8.394014e+001
1.049103e+003,8.364321e+001
1.049585e+003,8.335106e+001
1.050067e+003,8.306990e+001
1.050549e+003,8.280529e+001
1.051031e+003,8.256294e+001
1.051514e+003,8.234821e+001
1.051996e+003,8.216445e+001
1.052478e+003,8.201113e+001
1.052960e+003,8.188251e+001
1.053442e+003,8.176802e+001
1.053924e+003,8.165392e+001
1.054406e+003,8.152573e+001
1.054889e+003,8.137038e+001
1.055371e+003,8.117702e+001
1.055853e+003,8.093645e+001
1.056335e+003,8.064006e+001
1.056817e+003,8.027937e+001
1.057299e+003,7.984691e+001
1.057781e+003,7.933876e+001
1.058263e+003,7.875755e+001
1.058746e+003,7.811474e+001
1.059228e+003,7.743140e+001
1.059710e+003,7.673702e+001
1.060192e+003,7.606718e+001
1.060674e+003,7.546075e+001
1.061156e+003,7.495695e+001
1.061638e+003,7.459203e+001
1.062120e+003,7.439582e+001
1.062603e+003,7.438811e+001
1.063085e+003,7.457581e+001
1.063567e+003,7.495149e+001
1.064049e+003,7.549367e+001
1.064531e+003,7.616874e+001
1.065013e+003,7.693475e+001
1.065495e+003,7.774622e+001
1.065977e+003,7.855982e+001
1.066460e+003,7.933912e+001
1.066942e+003,8.005740e+001
1.067424e+003,8.069751e+001
1.067906e+003,8.124953e+001
1.068388e+003,8.170773e+001
1.068870e+003,8.206817e+001
1.069352e+003,8.232857e+001
1.069834e+003,8.248901e+001
1.070317e+003,8.255287e+001
1.070799e+003,8.252647e+001
1.071281e+003,8.241692e+001
1.071763e+003,8.222949e+001
1.072245e+003,8.196520e+001
1.072727e+003,8.162065e+001
1.073209e+003,8.118954e+001
1.073691e+003,8.066552e+001
1.074174e+003,8.004433e+001
1.074656e+003,7.932480e+001
1.075138e+003,7.850809e+001
1.075620e+003,7.759691e+001
1.076102e+003,7.659570e+001
1.076584e+003,7.551348e+001
1.077066e+003,7.436840e+001
1.077548e+003,7.319294e+001
1.078031e+003,7.203708e+001
1.078513e+003,7.096799e+001
1.078995e+003,7.006506e+001
1.079477e+003,6.941052e+001
1.079959e+003,6.907715e+001
1.080441e+003,6.911443e+001
1.080923e+003,6.953654e+001
1.081406e+003,7.031554e+001
1.081888e+003,7.138270e+001
1.082370e+003,7.263862e+001
1.082852e+003,7.396898e+001
1.083334e+003,7.526162e+001
1.083816e+003,7.642079e+001
1.084298e+003,7.737654e+001
1.084780e+003,7.808900e+001
1.085262e+003,7.854776e+001
1.085745e+003,7.876740e+001
1.086227e+003,7.878033e+001
1.086709e+003,7.862889e+001
1.087191e+003,7.835888e+001
1.087673e+003,7.801575e+001
1.088155e+003,7.764329e+001
1.088637e+003,7.728315e+001
1.089119e+003,7.697374e+001
1.089602e+003,7.674757e+001
1.090084e+003,7.662785e+001
1.090566e+003,7.662495e+001
1.091048e+003,7.673523e+001
1.091530e+003,7.694180e+001
1.092012e+003,7.721796e+001
1.092494e+003,7.753226e+001
1.092976e+003,7.785365e+001
1.093458e+003,7.815586e+001
1.093941e+003,7.841946e+001
1.094423e+003,7.863160e+001
1.094905e+003,7.878425e+001
1.095387e+003,7.887209e+001
1.095869e+003,7.889159e+001
1.096351e+003,7.884108e+001
1.096833e+003,7.872190e+001
1.097316e+003,7.853910e+001
1.097798e+003,7.830122e+001
1.098280e+003,7.801913e+001
1.098762e+003,7.770464e+001
1.099244e+003,7.736973e+001
1.099726e+003,7.702679e+001
1.100208e+003,7.668933e+001
1.100690e+003,7.637244e+001
1.101173e+003,7.609200e+001
1.101655e+003,7.586295e+001
1.102137e+003,7.569666e+001
1.102619e+003,7.559856e+001
1.103101e+003,7.556696e+001
1.103583e+003,7.559313e+001
1.104065e+003,7.566277e+001
1.104547e+003,7.575830e+001
1.105030e+003,7.586137e+001
1.105512e+003,7.595474e+001
1.105994e+003,7.602357e+001
1.106476e+003,7.605587e+001
1.106958e+003,7.604261e+001
1.107440e+003,7.597821e+001
1.107922e+003,7.586080e+001
1.108404e+003,7.569228e+001
1.108886e+003,7.547733e+001
1.109369e+003,7.522176e+001
1.109851e+003,7.493020e+001
1.110333e+003,7.460444e+001
1.110815e+003,7.424324e+001
1.111297e+003,7.384331e+001
1.111779e+003,7.340143e+001
1.112261e+003,7.291626e+001
1.112744e+003,7.238899e+001
1.113226e+003,7.182276e+001
1.113708e+003,7.122088e+001
1.114190e+003,7.058509e+001
1.114672e+003,6.991432e+001
1.115154e+003,6.920479e+001
1.115636e+003,6.845064e+001
1.116118e+003,6.764497e+001
1.116601e+003,6.678043e+001
1.117083e+003,6.584978e+001
1.117565e+003,6.484631e+001
1.118047e+003,6.376456e+001
1.118529e+003,6.260186e+001
1.119011e+003,6.135985e+001
1.119493e+003,6.004567e+001
1.119975e+003,5.867216e+001
1.120458e+003,5.725687e+001
1.120940e+003,5.582050e+001
1.121422e+003,5.438571e+001
1.121904e+003,5.297627e+001
1.122386e+003,5.161628e+001
1.122868e+003,5.032848e+001
1.123350e+003,4.913111e+001
1.123832e+003,4.803360e+001
1.124314e+003,4.703279e+001
1.124797e+003,4.611180e+001
1.125279e+003,4.524229e+001
1.125761e+003,4.439043e+001
1.126243e+003,4.352468e+001
1.126725e+003,4.262423e+001
1.127207e+003,4.168621e+001
1.127689e+003,4.073127e+001
1.128172e+003,3.980671e+001
1.128654e+003,3.898691e+001
1.129136e+003,3.837053e+001
1.129618e+003,3.807352e+001
1.130100e+003,3.821656e+001
1.130582e+003,3.890747e+001
1.131064e+003,4.022056e+001
1.131546e+003,4.217847e+001
1.132029e+003,4.474275e+001
1.132511e+003,4.781678e+001
1.132993e+003,5.126015e+001
1.133475e+003,5.490907e+001
1.133957e+003,5.859731e+001
1.134439e+003,6.217378e+001
1.134921e+003,6.551546e+001
1.135403e+003,6.853591e+001
1.135885e+003,7.118835e+001
1.136368e+003,7.346317e+001
1.136850e+003,7.537975e+001
1.137332e+003,7.697542e+001
1.137814e+003,7.829430e+001
1.138296e+003,7.937939e+001
1.138778e+003,8.026855e+001
1.139260e+003,8.099390e+001
1.139742e+003,8.158292e+001
1.140225e+003,8.205917e+001
1.140707e+003,8.244219e+001
1.141189e+003,8.274699e+001
1.141671e+003,8.298359e+001
1.142153e+003,8.315823e+001
1.142635e+003,8.327541e+001
1.143117e+003,8.334014e+001
1.143599e+003,8.335930e+001
1.144082e+003,8.334117e+001
1.144564e+003,8.329364e+001
1.145046e+003,8.322209e+001
1.145528e+003,8.312821e+001
1.146010e+003,8.301065e+001
1.146492e+003,8.286705e+001
1.146974e+003,8.269653e+001
1.147457e+003,8.250102e+001
1.147939e+003,8.228503e+001
1.148421e+003,8.205379e+001
1.148903e+003,8.181123e+001
1.149385e+003,8.155867e+001
1.149867e+003,8.129513e+001
1.150349e+003,8.101867e+001
1.150831e+003,8.072800e+001
1.151313e+003,8.042307e+001
1.151796e+003,8.010428e+001
1.152278e+003,7.977074e+001
1.152760e+003,7.941875e+001
1.153242e+003,7.904160e+001
1.153724e+003,7.863143e+001
1.154206e+003,7.818189e+001
1.154688e+003,7.769112e+001
1.155170e+003,7.716270e+001
1.155653e+003,7.660490e+001
1.156135e+003,7.602788e+001
1.156617e+003,7.544095e+001
1.157099e+003,7.485090e+001
1.157581e+003,7.426223e+001
1.158063e+003,7.367915e+001
1.158545e+003,7.310809e+001
1.159027e+003,7.255929e+001
1.159510e+003,7.204687e+001
1.159992e+003,7.158694e+001
1.160474e+003,7.119452e+001
1.160956e+003,7.087990e+001
1.161438e+003,7.064567e+001
1.161920e+003,7.048470e+001
1.162402e+003,7.038008e+001
1.162885e+003,7.030689e+001
1.163367e+003,7.023610e+001
1.163849e+003,7.013970e+001
1.164331e+003,6.999659e+001
1.164813e+003,6.979784e+001
1.165295e+003,6.955074e+001
1.165777e+003,6.928008e+001
1.166259e+003,6.902572e+001
1.166741e+003,6.883656e+001
1.167224e+003,6.876176e+001
1.167706e+003,6.884129e+001
1.168188e+003,6.909808e+001
1.168670e+003,6.953346e+001
1.169152e+003,7.012646e+001
1.169634e+003,7.083731e+001
1.170116e+003,7.161434e+001
1.170598e+003,7.240263e+001
1.171081e+003,7.315216e+001
1.171563e+003,7.382349e+001
1.172045e+003,7.438996e+001
1.172527e+003,7.483702e+001
1.173009e+003,7.516029e+001
1.173491e+003,7.536343e+001
1.173973e+003,7.545634e+001
1.174455e+003,7.545328e+001
1.174938e+003,7.537060e+001
1.175420e+003,7.522424e+001
1.175902e+003,7.502717e+001
1.176384e+003,7.478830e+001
1.176866e+003,7.451260e+001
1.177348e+003,7.420261e+001
1.177830e+003,7.386036e+001
1.178313e+003,7.348865e+001
1.178795e+003,7.309127e+001
1.179277e+003,7.267205e+001
1.179759e+003,7.223335e+001
1.180241e+003,7.177502e+001
1.180723e+003,7.129401e+001
1.181205e+003,7.078536e+001
1.181687e+003,7.024335e+001
1.182169e+003,6.966273e+001
1.182652e+003,6.903970e+001
1.183134e+003,6.837241e+001
1.183616e+003,6.766163e+001
1.184098e+003,6.691178e+001
1.184580e+003,6.613246e+001
1.185062e+003,6.533956e+001
1.185544e+003,6.455526e+001
1.186026e+003,6.380613e+001
1.186509e+003,6.311972e+001
1.186991e+003,6.252004e+001
1.187473e+003,6.202366e+001
1.187955e+003,6.163710e+001
1.188437e+003,6.135656e+001
1.188919e+003,6.116983e+001
1.189401e+003,6.105994e+001
1.189883e+003,6.100981e+001
1.190366e+003,6.100645e+001
1.190848e+003,6.104345e+001
1.191330e+003,6.112085e+001
1.191812e+003,6.124213e+001
1.192294e+003,6.140960e+001
1.192776e+003,6.161937e+001
1.193258e+003,6.185788e+001
1.193740e+003,6.210130e+001
1.194223e+003,6.231812e+001
1.194705e+003,6.247403e+001
1.195187e+003,6.253741e+001
1.195669e+003,6.248428e+001
1.196151e+003,6.230122e+001
1.196633e+003,6.198647e+001
1.197115e+003,6.154878e+001
1.197597e+003,6.100499e+001
1.198080e+003,6.037685e+001
1.198562e+003,5.968822e+001
1.199044e+003,5.896323e+001
1.199526e+003,5.822509e+001
1.200008e+003,5.749538e+001
1.200490e+003,5.679282e+001
1.200972e+003,5.613132e+001
1.201454e+003,5.551798e+001
1.201937e+003,5.495200e+001
1.202419e+003,5.442508e+001
1.202901e+003,5.392383e+001
1.203383e+003,5.343331e+001
1.203865e+003,5.294101e+001
1.204347e+003,5.244020e+001
1.204829e+003,5.193204e+001
1.205312e+003,5.142620e+001
1.205794e+003,5.093994e+001
1.206276e+003,5.049608e+001
1.206758e+003,5.011991e+001
1.207240e+003,4.983522e+001
1.207722e+003,4.965971e+001
1.208204e+003,4.960068e+001
1.208686e+003,4.965225e+001
1.209168e+003,4.979538e+001
1.209651e+003,5.000120e+001
1.210133e+003,5.023684e+001
1.210615e+003,5.047172e+001
1.211097e+003,5.068276e+001
1.211579e+003,5.085693e+001
1.212061e+003,5.099120e+001
1.212543e+003,5.109050e+001
1.213025e+003,5.116483e+001
1.213508e+003,5.122686e+001
1.213990e+003,5.129059e+001
1.214472e+003,5.137096e+001
1.214954e+003,5.148369e+001
1.215436e+003,5.164471e+001
1.215918e+003,5.186870e+001
1.216400e+003,5.216716e+001
1.216882e+003,5.254689e+001
1.217365e+003,5.300954e+001
1.217847e+003,5.355215e+001
1.218329e+003,5.416817e+001
1.218811e+003,5.484795e+001
1.219293e+003,5.557827e+001
1.219775e+003,5.634129e+001
1.220257e+003,5.711370e+001
1.220740e+003,5.786723e+001
1.221222e+003,5.857071e+001
1.221704e+003,5.919300e+001
1.222186e+003,5.970629e+001
1.222668e+003,6.008844e+001
1.223150e+003,6.032459e+001
1.223632e+003,6.040781e+001
1.224114e+003,6.033869e+001
1.224596e+003,6.012432e+001
1.225079e+003,5.977649e+001
1.225561e+003,5.930963e+001
1.226043e+003,5.873901e+001
1.226525e+003,5.807952e+001
1.227007e+003,5.734496e+001
1.227489e+003,5.654746e+001
1.227971e+003,5.569703e+001
1.228453e+003,5.480118e+001
1.228936e+003,5.386513e+001
1.229418e+003,5.289316e+001
1.229900e+003,5.189074e+001
1.230382e+003,5.086690e+001
1.230864e+003,4.983588e+001
1.231346e+003,4.881688e+001
1.231828e+003,4.783198e+001
1.232310e+003,4.690280e+001
1.232792e+003,4.604746e+001
1.233275e+003,4.527882e+001
1.233757e+003,4.460436e+001
1.234239e+003,4.402693e+001
1.234721e+003,4.354521e+001
1.235203e+003,4.315360e+001
1.235685e+003,4.284182e+001
1.236167e+003,4.259537e+001
1.236650e+003,4.239790e+001
1.237132e+003,4.223531e+001
1.237614e+003,4.210064e+001
1.238096e+003,4.199778e+001
1.238578e+003,4.194269e+001
1.239060e+003,4.196127e+001
1.239542e+003,4.208481e+001
1.240024e+003,4.234418e+001
1.240507e+003,4.276515e+001
1.240989e+003,4.336509e+001
1.241471e+003,4.415142e+001
1.241953e+003,4.512010e+001
1.242435e+003,4.625379e+001
1.242917e+003,4.751988e+001
1.243399e+003,4.886997e+001
1.243881e+003,5.024273e+001
1.244364e+003,5.157024e+001
1.244846e+003,5.278671e+001
1.245328e+003,5.383709e+001
1.245810e+003,5.468358e+001
1.246292e+003,5.530910e+001
1.246774e+003,5.571814e+001
1.247256e+003,5.593517e+001
1.247738e+003,5.600126e+001
1.248220e+003,5.596943e+001
1.248703e+003,5.589906e+001
1.249185e+003,5.585039e+001
1.249667e+003,5.587919e+001
1.250149e+003,5.603179e+001
1.250631e+003,5.634073e+001
1.251113e+003,5.682140e+001
1.251595e+003,5.747083e+001
1.252078e+003,5.826900e+001
1.252560e+003,5.918268e+001
1.253042e+003,6.017052e+001
1.253524e+003,6.118792e+001
1.254006e+003,6.219084e+001
1.254488e+003,6.313860e+001
1.254970e+003,6.399588e+001
1.255452e+003,6.473416e+001
1.255935e+003,6.533293e+001
1.256417e+003,6.577999e+001
1.256899e+003,6.607121e+001
1.257381e+003,6.620982e+001
1.257863e+003,6.620592e+001
1.258345e+003,6.607607e+001
1.258827e+003,6.584279e+001
1.259309e+003,6.553335e+001
1.259792e+003,6.517720e+001
1.260274e+003,6.480261e+001
1.260756e+003,6.443299e+001
1.261238e+003,6.408429e+001
1.261720e+003,6.376408e+001
1.262202e+003,6.347258e+001
1.262684e+003,6.320473e+001
1.263166e+003,6.295340e+001
1.263648e+003,6.271239e+001
1.264131e+003,6.247909e+001
1.264613e+003,6.225640e+001
1.265095e+003,6.205336e+001
1.265577e+003,6.188476e+001
1.266059e+003,6.176919e+001
1.266541e+003,6.172628e+001
1.267023e+003,6.177356e+001
1.267505e+003,6.192390e+001
1.267988e+003,6.218404e+001
1.268470e+003,6.255400e+001
1.268952e+003,6.302742e+001
1.269434e+003,6.359211e+001
1.269916e+003,6.423061e+001
1.270398e+003,6.492122e+001
1.270880e+003,6.563950e+001
1.271363e+003,6.636044e+001
1.271845e+003,6.706083e+001
1.272327e+003,6.772154e+001
1.272809e+003,6.832928e+001
1.273291e+003,6.887733e+001
1.273773e+003,6.936560e+001
1.274255e+003,6.979965e+001
1.274737e+003,7.018908e+001
1.275219e+003,7.054517e+001
1.275702e+003,7.087854e+001
1.276184e+003,7.119727e+001
1.276666e+003,7.150565e+001
1.277148e+003,7.180415e+001
1.277630e+003,7.209024e+001
1.278112e+003,7.235970e+001
1.278594e+003,7.260746e+001
1.279076e+003,7.282808e+001
1.279559e+003,7.301530e+001
1.280041e+003,7.316167e+001
1.280523e+003,7.325822e+001
1.281005e+003,7.329492e+001
1.281487e+003,7.326163e+001
1.281969e+003,7.314902e+001
1.282451e+003,7.294904e+001
1.282933e+003,7.265427e+001
1.283416e+003,7.225721e+001
1.283898e+003,7.174950e+001
1.284380e+003,7.112268e+001
1.284862e+003,7.037035e+001
1.285344e+003,6.949195e+001
1.285826e+003,6.849719e+001
1.286308e+003,6.741004e+001
1.286791e+003,6.627109e+001
1.287273e+003,6.513716e+001
1.287755e+003,6.407780e+001
1.288237e+003,6.316788e+001
1.288719e+003,6.247794e+001
1.289201e+003,6.206360e+001
1.289683e+003,6.195726e+001
1.290165e+003,6.216396e+001
1.290647e+003,6.266216e+001
1.291130e+003,6.340825e+001
1.291612e+003,6.434303e+001
1.292094e+003,6.539902e+001
1.292576e+003,6.650821e+001
1.293058e+003,6.760953e+001
1.293540e+003,6.865549e+001
1.294022e+003,6.961625e+001
1.294504e+003,7.048050e+001
1.294987e+003,7.125251e+001
1.295469e+003,7.194730e+001
1.295951e+003,7.258488e+001
1.296433e+003,7.318543e+001
1.296915e+003,7.376596e+001
1.297397e+003,7.433829e+001
1.297879e+003,7.490826e+001
1.298361e+003,7.547556e+001
1.298844e+003,7.603407e+001
1.299326e+003,7.657270e+001
1.299808e+003,7.707712e+001
1.300290e+003,7.753231e+001
1.300772e+003,7.792554e+001
1.301254e+003,7.824856e+001
1.301736e+003,7.849799e+001
1.302219e+003,7.867394e+001
1.302701e+003,7.877726e+001
1.303183e+003,7.880722e+001
1.303665e+003,7.876089e+001
1.304147e+003,7.863423e+001
1.304629e+003,7.842441e+001
1.305111e+003,7.813168e+001
1.305593e+003,7.775983e+001
1.306075e+003,7.731514e+001
1.306558e+003,7.680499e+001
1.307040e+003,7.623747e+001
1.307522e+003,7.562233e+001
1.308004e+003,7.497239e+001
1.308486e+003,7.430448e+001
1.308968e+003,7.363795e+001
1.309450e+003,7.299139e+001
1.309932e+003,7.237921e+001
1.310415e+003,7.180970e+001
1.310897e+003,7.128583e+001
1.311379e+003,7.080846e+001
1.311861e+003,7.038041e+001
1.312343e+003,7.000960e+001
1.312825e+003,6.970943e+001
1.313307e+003,6.949586e+001
1.313789e+003,6.938263e+001
1.314272e+003,6.937669e+001
1.314754e+003,6.947622e+001
1.315236e+003,6.967118e+001
1.315718e+003,6.994559e+001
1.316200e+003,7.028017e+001
1.316682e+003,7.065406e+001
1.317164e+003,7.104610e+001
1.317646e+003,7.143504e+001
1.318129e+003,7.180019e+001
1.318611e+003,7.212231e+001
1.319093e+003,7.238621e+001
1.319575e+003,7.258337e+001
1.320057e+003,7.271429e+001
1.320539e+003,7.278833e+001
1.321021e+003,7.282079e+001
1.321503e+003,7.282831e+001
1.321986e+003,7.282449e+001
1.322468e+003,7.281690e+001
1.322950e+003,7.280667e+001
1.323432e+003,7.278991e+001
1.323914e+003,7.276055e+001
1.324396e+003,7.271317e+001
1.324878e+003,7.264458e+001
1.325360e+003,7.255393e+001
1.325843e+003,7.244127e+001
1.326325e+003,7.230630e+001
1.326807e+003,7.214801e+001
1.327289e+003,7.196556e+001
1.327771e+003,7.175976e+001
1.328253e+003,7.153416e+001
1.328735e+003,7.129459e+001
1.329218e+003,7.104738e+001
1.329700e+003,7.079723e+001
1.330182e+003,7.054554e+001
1.330664e+003,7.029063e+001
1.331146e+003,7.002878e+001
1.331628e+003,6.975604e+001
1.332110e+003,6.946902e+001
1.332592e+003,6.916464e+001
1.333074e+003,6.883897e+001
1.333557e+003,6.848635e+001
1.334039e+003,6.809975e+001
1.334521e+003,6.767273e+001
1.335003e+003,6.720212e+001
1.335485e+003,6.669018e+001
1.335967e+003,6.614439e+001
1.336449e+003,6.557487e+001
1.336931e+003,6.498994e+001
1.337414e+003,6.439276e+001
1.337896e+003,6.378078e+001
1.338378e+003,6.314968e+001
1.338860e+003,6.250015e+001
1.339342e+003,6.184398e+001
1.339824e+003,6.120393e+001
1.340306e+003,6.060578e+001
1.340788e+003,6.006795e+001
1.341271e+003,5.959634e+001
1.341753e+003,5.918717e+001
1.342235e+003,5.883351e+001
1.342717e+003,5.853143e+001
1.343199e+003,5.828244e+001
1.343681e+003,5.809242e+001
1.344163e+003,5.796785e+001
1.344646e+003,5.791131e+001
1.345128e+003,5.791816e+001
1.345610e+003,5.797594e+001
1.346092e+003,5.806646e+001
1.346574e+003,5.816859e+001
1.347056e+003,5.826062e+001
1.347538e+003,5.832111e+001
1.348020e+003,5.832891e+001
1.348502e+003,5.826399e+001
1.348985e+003,5.810911e+001
1.349467e+003,5.785334e+001
1.349949e+003,5.749484e+001
1.350431e+003,5.704218e+001
1.350913e+003,5.651229e+001
1.351395e+003,5.592583e+001
1.351877e+003,5.530180e+001
1.352359e+003,5.465376e+001
1.352842e+003,5.398959e+001
1.353324e+003,5.331487e+001
1.353806e+003,5.263828e+001
1.354288e+003,5.197654e+001
1.354770e+003,5.135577e+001
1.355252e+003,5.080783e+001
1.355734e+003,5.036354e+001
1.356216e+003,5.004592e+001
1.356698e+003,4.986706e+001
1.357181e+003,4.982867e+001
1.357663e+003,4.992487e+001
1.358145e+003,5.014442e+001
1.358627e+003,5.047182e+001
1.359109e+003,5.088735e+001
1.359591e+003,5.136716e+001
1.360073e+003,5.188398e+001
1.360556e+003,5.240786e+001
1.361038e+003,5.290645e+001
1.361520e+003,5.334533e+001
1.362002e+003,5.369019e+001
1.362484e+003,5.391270e+001
1.362966e+003,5.399829e+001
1.363448e+003,5.394981e+001
1.363930e+003,5.378268e+001
1.364413e+003,5.351511e+001
1.364895e+003,5.316076e+001
1.365377e+003,5.272719e+001
1.365859e+003,5.221793e+001
1.366341e+003,5.163589e+001
1.366823e+003,5.098613e+001
1.367305e+003,5.027747e+001
1.367787e+003,4.952334e+001
1.368270e+003,4.874177e+001
1.368752e+003,4.795473e+001
1.369234e+003,4.718642e+001
1.369716e+003,4.646047e+001
1.370198e+003,4.579618e+001
1.370680e+003,4.520507e+001
1.371162e+003,4.468913e+001
1.371644e+003,4.424203e+001
1.372126e+003,4.385359e+001
1.372609e+003,4.351718e+001
1.373091e+003,4.323835e+001
1.373573e+003,4.303985e+001
1.374055e+003,4.295613e+001
1.374537e+003,4.301604e+001
1.375019e+003,4.322450e+001
1.375501e+003,4.355973e+001
1.375984e+003,4.398771e+001
1.376466e+003,4.447970e+001
1.376948e+003,4.502086e+001
1.377430e+003,4.560817e+001
1.377912e+003,4.624195e+001
1.378394e+003,4.691609e+001
1.378876e+003,4.761204e+001
1.379358e+003,4.830036e+001
1.379841e+003,4.894932e+001
1.380323e+003,4.953554e+001
1.380805e+003,5.005047e+001
1.381287e+003,5.050006e+001
1.381769e+003,5.089933e+001
1.382251e+003,5.126506e+001
1.382733e+003,5.161028e+001
1.383215e+003,5.194287e+001
1.383698e+003,5.226890e+001
1.384180e+003,5.259858e+001
1.384662e+003,5.295258e+001
1.385144e+003,5.336533e+001
1.385626e+003,5.388315e+001
1.386108e+003,5.455360e+001
1.386590e+003,5.540566e+001
1.387072e+003,5.642939e+001
1.387554e+003,5.757269e+001
1.388037e+003,5.876471e+001
1.388519e+003,5.994903e+001
1.389001e+003,6.110048e+001
1.389483e+003,6.221874e+001
1.389965e+003,6.331179e+001
1.390447e+003,6.438311e+001
1.390929e+003,6.542793e+001
1.391411e+003,6.643710e+001
1.391894e+003,6.740430e+001
1.392376e+003,6.833209e+001
1.392858e+003,6.923324e+001
1.393340e+003,7.012554e+001
1.393822e+003,7.102022e+001
1.394304e+003,7.190803e+001
1.394786e+003,7.275375e+001
1.395269e+003,7.350904e+001
1.395751e+003,7.413699e+001
1.396233e+003,7.462833e+001
1.396715e+003,7.499801e+001
1.397197e+003,7.527077e+001
1.397679e+003,7.546902e+001
1.398161e+003,7.560797e+001
1.398643e+003,7.569726e+001
1.399125e+003,7.574517e+001
1.399608e+003,7.576190e+001
1.400090e+003,7.575877e+001
1.400572e+003,7.574489e+001
1.401054e+003,7.572463e+001
1.401536e+003,7.569762e+001
1.402018e+003,7.565979e+001
1.402500e+003,7.560459e+001
1.402982e+003,7.552290e+001
1.403465e+003,7.540271e+001
1.403947e+003,7.522935e+001
1.404429e+003,7.498799e+001
1.404911e+003,7.466846e+001
1.405393e+003,7.427077e+001
1.405875e+003,7.380678e+001
1.406357e+003,7.329789e+001
1.406839e+003,7.277069e+001
1.407322e+003,7.225401e+001
1.407804e+003,7.177875e+001
1.408286e+003,7.137920e+001
1.408768e+003,7.109434e+001
1.409250e+003,7.096656e+001
1.409732e+003,7.103624e+001
1.410214e+003,7.133179e+001
1.410697e+003,7.185801e+001
1.411179e+003,7.258845e+001
1.411661e+003,7.346718e+001
1.412143e+003,7.442093e+001
1.412625e+003,7.537574e+001
1.413107e+003,7.627136e+001
1.413589e+003,7.706856e+001
1.414071e+003,7.774916e+001
1.414553e+003,7.831116e+001
1.415036e+003,7.876186e+001
1.415518e+003,7.911107e+001
1.416000e+003,7.936585e+001
1.416482e+003,7.952715e+001
1.416964e+003,7.958881e+001
1.417446e+003,7.953983e+001
1.417928e+003,7.937175e+001
1.418410e+003,7.909158e+001
1.418893e+003,7.873197e+001
1.419375e+003,7.834273e+001
1.419857e+003,7.796390e+001
1.420339e+003,7.760549e+001
1.420821e+003,7.725013e+001
1.421303e+003,7.686590e+001
1.421785e+003,7.641520e+001
1.422267e+003,7.585802e+001
1.422750e+003,7.515611e+001
1.423232e+003,7.428349e+001
1.423714e+003,7.324286e+001
1.424196e+003,7.207600e+001
1.424678e+003,7.085235e+001
1.425160e+003,6.963748e+001
1.425642e+003,6.846593e+001
1.426125e+003,6.733720e+001
1.426607e+003,6.623010e+001
1.427089e+003,6.512154e+001
1.427571e+003,6.400150e+001
1.428053e+003,6.288295e+001
1.428535e+003,6.180549e+001
1.429017e+003,6.083001e+001
1.429499e+003,6.002337e+001
1.429981e+003,5.943890e+001
1.430464e+003,5.910302e+001
1.430946e+003,5.901292e+001
1.431428e+003,5.914194e+001
1.431910e+003,5.944672e+001
1.432392e+003,5.987421e+001
1.432874e+003,6.036905e+001
1.433356e+003,6.088094e+001
1.433838e+003,6.136964e+001
1.434321e+003,6.180581e+001
1.434803e+003,6.216731e+001
1.435285e+003,6.243300e+001
1.435767e+003,6.257767e+001
1.436249e+003,6.257649e+001
1.436731e+003,6.242096e+001
1.437213e+003,6.213250e+001
1.437696e+003,6.175414e+001
1.438177e+003,6.132858e+001
1.438660e+003,6.088586e+001
1.439142e+003,6.044460e+001
1.439624e+003,6.001720e+001
1.440106e+003,5.961195e+001
1.440588e+003,5.923144e+001
1.441070e+003,5.886938e+001
1.441552e+003,5.850959e+001
1.442035e+003,5.812941e+001
1.442517e+003,5.770794e+001
1.442999e+003,5.723526e+001
1.443481e+003,5.671870e+001
1.443963e+003,5.618291e+001
1.444445e+003,5.566516e+001
1.444927e+003,5.520933e+001
1.445409e+003,5.486193e+001
1.445892e+003,5.467054e+001
1.446374e+003,5.468112e+001
1.446856e+003,5.492837e+001
1.447338e+003,5.541663e+001
1.447820e+003,5.610127e+001
1.448302e+003,5.689101e+001
1.448784e+003,5.768035e+001
1.449266e+003,5.839187e+001
1.449749e+003,5.899846e+001
1.450231e+003,5.951818e+001
1.450713e+003,5.999486e+001
1.451195e+003,6.047735e+001
1.451677e+003,6.100283e+001
1.452159e+003,6.158588e+001
1.452641e+003,6.221675e+001
1.453124e+003,6.286977e+001
1.453605e+003,6.351823e+001
1.454088e+003,6.414842e+001
1.454570e+003,6.476842e+001
1.455052e+003,6.541260e+001
1.455534e+003,6.614297e+001
1.456016e+003,6.703994e+001
1.456498e+003,6.815784e+001
1.456980e+003,6.943703e+001
1.457463e+003,7.067131e+001
1.457945e+003,7.164915e+001
1.458427e+003,7.230673e+001
1.458909e+003,7.269819e+001
1.459391e+003,7.289736e+001
1.459873e+003,7.295536e+001
1.460355e+003,7.290228e+001
1.460837e+003,7.275774e+001
1.461320e+003,7.253659e+001
1.461802e+003,7.225038e+001
1.462284e+003,7.190749e+001
1.462766e+003,7.151534e+001
1.463248e+003,7.108713e+001
1.463730e+003,7.065228e+001
1.464212e+003,7.026495e+001
1.464694e+003,6.999635e+001
1.465177e+003,6.990534e+001
1.465659e+003,7.000745e+001
1.466141e+003,7.027205e+001
1.466623e+003,7.064483e+001
1.467105e+003,7.107156e+001
1.467587e+003,7.150886e+001
1.468069e+003,7.192618e+001
1.468552e+003,7.230518e+001
1.469033e+003,7.263954e+001
1.469516e+003,7.293546e+001
1.469998e+003,7.321274e+001
1.470480e+003,7.350619e+001
1.470962e+003,7.386594e+001
1.471444e+003,7.435007e+001
1.471926e+003,7.499886e+001
1.472408e+003,7.579191e+001
1.472891e+003,7.663183e+001
1.473373e+003,7.739845e+001
1.473855e+003,7.802499e+001
1.474337e+003,7.851259e+001
1.474819e+003,7.889361e+001
1.475301e+003,7.919809e+001
1.475783e+003,7.944223e+001
1.476265e+003,7.963142e+001
1.476748e+003,7.976773e+001
1.477230e+003,7.985495e+001
1.477712e+003,7.989882e+001
1.478194e+003,7.990405e+001
1.478676e+003,7.987131e+001
1.479158e+003,7.979700e+001
1.479640e+003,7.967524e+001
1.480122e+003,7.950198e+001
1.480604e+003,7.927959e+001
1.481087e+003,7.901917e+001
1.481569e+003,7.873816e+001
1.482051e+003,7.845341e+001
1.482533e+003,7.817418e+001
1.483015e+003,7.790000e+001
1.483497e+003,7.762360e+001
1.483979e+003,7.733580e+001
1.484461e+003,7.702899e+001
1.484944e+003,7.669846e+001
1.485426e+003,7.634212e+001
1.485908e+003,7.595907e+001
1.486390e+003,7.554752e+001
1.486872e+003,7.510244e+001
1.487354e+003,7.461305e+001
1.487836e+003,7.406042e+001
1.488319e+003,7.341735e+001
1.488801e+003,7.265549e+001
1.489283e+003,7.176412e+001
1.489765e+003,7.077387e+001
1.490247e+003,6.976050e+001
1.490729e+003,6.881236e+001
1.491211e+003,6.798791e+001
1.491693e+003,6.730117e+001
1.492176e+003,6.673544e+001
1.492658e+003,6.626228e+001
1.493140e+003,6.585346e+001
1.493622e+003,6.548519e+001
1.494104e+003,6.513982e+001
1.494586e+003,6.480730e+001
1.495068e+003,6.448791e+001
1.495550e+003,6.419495e+001
1.496032e+003,6.395323e+001
1.496515e+003,6.378803e+001
1.496997e+003,6.370781e+001
1.497479e+003,6.369352e+001
1.497961e+003,6.370638e+001
1.498443e+003,6.370656e+001
1.498925e+003,6.366786e+001
1.499407e+003,6.358112e+001
1.499890e+003,6.345026e+001
1.500372e+003,6.328558e+001
1.500854e+003,6.309821e+001
1.501336e+003,6.289700e+001
1.501818e+003,6.268821e+001
1.502300e+003,6.247645e+001
1.502782e+003,6.226600e+001
1.503264e+003,6.206142e+001
1.503747e+003,6.186694e+001
1.504229e+003,6.168489e+001
1.504711e+003,6.151305e+001
1.505193e+003,6.134238e+001
1.505675e+003,6.115869e+001
1.506157e+003,6.095899e+001
1.506639e+003,6.079003e+001
1.507121e+003,6.075381e+001
1.507604e+003,6.090483e+001
1.508086e+003,6.118670e+001
1.508568e+003,6.151493e+001
1.509050e+003,6.184032e+001
1.509532e+003,6.214561e+001
1.510014e+003,6.242960e+001
1.510496e+003,6.269844e+001
1.510979e+003,6.296113e+001
1.511460e+003,6.322559e+001
1.511943e+003,6.349474e+001
1.512425e+003,6.376434e+001
1.512907e+003,6.402401e+001
1.513389e+003,6.426096e+001
1.513871e+003,6.446434e+001
1.514353e+003,6.462824e+001
1.514835e+003,6.475278e+001
1.515318e+003,6.484389e+001
1.515800e+003,6.491137e+001
1.516282e+003,6.496479e+001
1.516764e+003,6.500800e+001
1.517246e+003,6.503630e+001
1.517728e+003,6.504005e+001
1.518210e+003,6.501028e+001
1.518692e+003,6.493921e+001
1.519175e+003,6.481516e+001
1.519657e+003,6.461546e+001
1.520139e+003,6.430246e+001
1.520621e+003,6.383239e+001
1.521103e+003,6.319114e+001
1.521585e+003,6.243976e+001
1.522067e+003,6.169788e+001
1.522549e+003,6.105178e+001
1.523031e+003,6.050137e+001
1.523514e+003,5.999009e+001
1.523996e+003,5.944967e+001
1.524478e+003,5.882110e+001
1.524960e+003,5.806185e+001
1.525442e+003,5.715310e+001
1.525924e+003,5.610819e+001
1.526406e+003,5.497458e+001
1.526888e+003,5.382286e+001
1.527371e+003,5.272836e+001
1.527853e+003,5.175725e+001
1.528335e+003,5.096120e+001
1.528817e+003,5.037575e+001
1.529299e+003,5.001839e+001
1.529781e+003,4.988845e+001
1.530263e+003,4.997176e+001
1.530746e+003,5.025054e+001
1.531228e+003,5.071434e+001
1.531710e+003,5.136633e+001
1.532192e+003,5.221532e+001
1.532674e+003,5.324329e+001
1.533156e+003,5.435690e+001
1.533638e+003,5.538236e+001
1.534120e+003,5.615635e+001
1.534603e+003,5.662783e+001
1.535085e+003,5.685074e+001
1.535567e+003,5.690868e+001
1.536049e+003,5.686455e+001
1.536531e+003,5.675032e+001
1.537013e+003,5.657316e+001
1.537495e+003,5.632120e+001
1.537977e+003,5.596403e+001
1.538459e+003,5.544735e+001
1.538942e+003,5.468924e+001
1.539424e+003,5.360524e+001
1.539906e+003,5.220163e+001
1.540388e+003,5.067834e+001
1.540870e+003,4.933136e+001
1.541352e+003,4.830786e+001
1.541834e+003,4.755785e+001
1.542316e+003,4.696275e+001
1.542799e+003,4.642767e+001
1.543281e+003,4.590583e+001
1.543763e+003,4.539799e+001
1.544245e+003,4.494189e+001
1.544727e+003,4.458777e+001
1.545209e+003,4.436727e+001
1.545691e+003,4.427756e+001
1.546174e+003,4.429149e+001
1.546656e+003,4.438036e+001
1.547138e+003,4.453240e+001
1.547620e+003,4.476119e+001
1.548102e+003,4.510539e+001
1.548584e+003,4.561760e+001
1.549066e+003,4.633808e+001
1.549548e+003,4.725812e+001
1.550031e+003,4.830145e+001
1.550513e+003,4.935366e+001
1.550995e+003,5.032341e+001
1.551477e+003,5.118247e+001
1.551959e+003,5.196194e+001
1.552441e+003,5.272424e+001
1.552923e+003,5.353290e+001
1.553405e+003,5.442561e+001
1.553887e+003,5.539292e+001
1.554370e+003,5.637376e+001
1.554852e+003,5.727990e+001
1.555334e+003,5.803857e+001
1.555816e+003,5.862137e+001
1.556298e+003,5.904299e+001
1.556780e+003,5.934243e+001
1.557262e+003,5.956697e+001
1.557744e+003,5.976764e+001
1.558227e+003,5.999722e+001
1.558709e+003,6.027810e+001
1.559191e+003,6.054419e+001
1.559673e+003,6.070445e+001
1.560155e+003,6.075536e+001
1.560637e+003,6.073725e+001
1.561119e+003,6.067534e+001
1.561602e+003,6.057503e+001
1.562083e+003,6.042996e+001
1.562566e+003,6.022673e+001
1.563048e+003,5.994851e+001
1.563530e+003,5.958026e+001
1.564012e+003,5.911799e+001
1.564494e+003,5.857822e+001
1.564976e+003,5.799926e+001
1.565458e+003,5.742805e+001
1.565941e+003,5.689906e+001
1.566423e+003,5.642035e+001
1.566905e+003,5.597237e+001
1.567387e+003,5.551460e+001
1.567869e+003,5.499339e+001
1.568351e+003,5.435438e+001
1.568833e+003,5.356791e+001
1.569315e+003,5.266449e+001
1.569798e+003,5.174401e+001
1.570280e+003,5.092194e+001
1.570762e+003,5.025688e+001
1.571244e+003,4.973687e+001
1.571726e+003,4.931713e+001
1.572208e+003,4.895503e+001
1.572690e+003,4.862252e+001
1.573172e+003,4.830446e+001
1.573655e+003,4.799278e+001
1.574137e+003,4.768137e+001
1.574619e+003,4.736426e+001
1.575101e+003,4.703972e+001
1.575583e+003,4.672112e+001
1.576065e+003,4.644560e+001
1.576547e+003,4.626083e+001
1.577030e+003,4.619168e+001
1.577511e+003,4.622570e+001
1.577994e+003,4.633167e+001
1.578476e+003,4.648250e+001
1.578958e+003,4.666366e+001
1.579440e+003,4.687166e+001
1.579922e+003,4.710931e+001
1.580404e+003,4.738090e+001
1.580886e+003,4.768788e+001
1.581369e+003,4.802605e+001
1.581851e+003,4.838564e+001
1.582333e+003,4.875415e+001
1.582815e+003,4.912076e+001
1.583297e+003,4.947916e+001
1.583779e+003,4.982780e+001
1.584261e+003,5.016804e+001
1.584743e+003,5.050168e+001
1.585226e+003,5.082949e+001
1.585708e+003,5.115149e+001
1.586190e+003,5.146816e+001
1.586672e+003,5.178177e+001
1.587154e+003,5.209655e+001
1.587636e+003,5.241773e+001
1.588118e+003,5.274984e+001
1.588600e+003,5.309523e+001
1.589083e+003,5.345358e+001
1.589565e+003,5.382245e+001
1.590047e+003,5.419854e+001
1.590529e+003,5.457861e+001
1.591011e+003,5.495934e+001
1.591493e+003,5.533646e+001
1.591975e+003,5.570398e+001
1.592458e+003,5.605503e+001
1.592939e+003,5.638420e+001
1.593422e+003,5.669138e+001
1.593904e+003,5.698500e+001
1.594386e+003,5.728308e+001
1.594868e+003,5.761067e+001
1.595350e+003,5.799451e+001
1.595832e+003,5.845670e+001
1.596314e+003,5.901042e+001
1.596797e+003,5.965915e+001
1.597279e+003,6.039928e+001
1.597761e+003,6.122331e+001
1.598243e+003,6.212175e+001
1.598725e+003,6.308286e+001
1.599207e+003,6.409077e+001
1.599689e+003,6.512473e+001
1.600171e+003,6.616057e+001
1.600654e+003,6.717514e+001
1.601136e+003,6.815141e+001
1.601618e+003,6.908145e+001
1.602100e+003,6.996494e+001
1.602582e+003,7.080382e+001
1.603064e+003,7.159670e+001
1.603546e+003,7.233680e+001
1.604028e+003,7.301506e+001
1.604510e+003,7.362617e+001
1.604993e+003,7.417326e+001
1.605475e+003,7.466833e+001
1.605957e+003,7.512786e+001
1.606439e+003,7.556622e+001
1.606921e+003,7.598952e+001
1.607403e+003,7.639305e+001
1.607885e+003,7.676416e+001
1.608367e+003,7.708984e+001
1.608850e+003,7.736456e+001
1.609332e+003,7.759332e+001
1.609814e+003,7.778777e+001
1.610296e+003,7.795871e+001
1.610778e+003,7.810992e+001
1.611260e+003,7.823749e+001
1.611742e+003,7.833411e+001
1.612225e+003,7.839492e+001
1.612707e+003,7.842172e+001
1.613189e+003,7.842318e+001
1.613671e+003,7.841210e+001
1.614153e+003,7.840198e+001
1.614635e+003,7.840452e+001
1.615117e+003,7.842931e+001
1.615599e+003,7.848499e+001
1.616082e+003,7.858058e+001
1.616564e+003,7.872324e+001
1.617046e+003,7.891190e+001
1.617528e+003,7.913348e+001
1.618010e+003,7.936759e+001
1.618492e+003,7.959482e+001
1.618974e+003,7.980081e+001
1.619456e+003,7.997684e+001
1.619938e+003,8.011910e+001
1.620421e+003,8.022827e+001
1.620903e+003,8.030940e+001
1.621385e+003,8.037120e+001
1.621867e+003,8.042467e+001
1.622349e+003,8.048016e+001
1.622831e+003,8.054329e+001
1.623313e+003,8.061273e+001
1.623796e+003,8.068251e+001
1.624278e+003,8.074767e+001
1.624760e+003,8.080721e+001
1.625242e+003,8.086215e+001
1.625724e+003,8.091194e+001
1.626206e+003,8.095219e+001
1.626688e+003,8.097529e+001
1.627170e+003,8.097340e+001
1.627653e+003,8.094391e+001
1.628135e+003,8.089313e+001
1.628617e+003,8.083469e+001
1.629099e+003,8.078185e+001
1.629581e+003,8.074020e+001
1.630063e+003,8.070593e+001
1.630545e+003,8.066959e+001
1.631027e+003,8.062138e+001
1.631510e+003,8.055523e+001
1.631992e+003,8.047033e+001
1.632474e+003,8.036992e+001
1.632956e+003,8.025785e+001
1.633438e+003,8.013350e+001
1.633920e+003,7.998697e+001
1.634402e+003,7.979707e+001
1.634885e+003,7.953862e+001
1.635366e+003,7.920728e+001
1.635849e+003,7.884882e+001
1.636331e+003,7.854295e+001
1.636813e+003,7.833604e+001
1.637295e+003,7.821047e+001
1.637777e+003,7.811670e+001
1.638259e+003,7.800898e+001
1.638741e+003,7.785793e+001
1.639224e+003,7.764992e+001
1.639706e+003,7.738390e+001
1.640188e+003,7.706767e+001
1.640670e+003,7.671326e+001
1.641152e+003,7.633201e+001
1.641634e+003,7.593126e+001
1.642116e+003,7.551408e+001
1.642598e+003,7.508154e+001
1.643081e+003,7.463497e+001
1.643563e+003,7.417590e+001
1.644045e+003,7.370119e+001
1.644527e+003,7.319305e+001
1.645009e+003,7.260474e+001
1.645491e+003,7.184858e+001
1.645973e+003,7.080908e+001
1.646455e+003,6.942107e+001
1.646938e+003,6.779501e+001
1.647420e+003,6.621829e+001
1.647902e+003,6.494180e+001
1.648384e+003,6.401685e+001
1.648866e+003,6.335171e+001
1.649348e+003,6.282836e+001
1.649830e+003,6.235619e+001
1.650313e+003,6.187335e+001
1.650794e+003,6.132575e+001
1.651277e+003,6.063184e+001
1.651759e+003,5.962564e+001
1.652241e+003,5.799883e+001
1.652723e+003,5.540512e+001
1.653205e+003,5.198832e+001
1.653687e+003,4.870311e+001
1.654169e+003,4.636097e+001
1.654652e+003,4.494422e+001
1.655134e+003,4.409604e+001
1.655616e+003,4.354158e+001
1.656098e+003,4.313501e+001
1.656580e+003,4.280783e+001
1.657062e+003,4.253248e+001
1.657544e+003,4.230785e+001
1.658026e+003,4.215442e+001
1.658509e+003,4.210946e+001
1.658991e+003,4.221835e+001
1.659473e+003,4.252428e+001
1.659955e+003,4.306182e+001
1.660437e+003,4.385836e+001
1.660919e+003,4.494149e+001
1.661401e+003,4.634312e+001
1.661883e+003,4.808556e+001
1.662365e+003,5.014304e+001
1.662848e+003,5.240405e+001
1.663330e+003,5.468705e+001
1.663812e+003,5.681849e+001
1.664294e+003,5.870271e+001
1.664776e+003,6.032890e+001
1.665258e+003,6.173634e+001
1.665740e+003,6.298082e+001
1.666222e+003,6.411807e+001
1.666705e+003,6.520018e+001
1.667187e+003,6.627660e+001
1.667669e+003,6.739371e+001
1.668151e+003,6.858753e+001
1.668633e+003,6.986707e+001
1.669115e+003,7.119364e+001
1.669597e+003,7.247800e+001
1.670080e+003,7.361611e+001
1.670562e+003,7.454539e+001
1.671044e+003,7.526984e+001
1.671526e+003,7.583764e+001
1.672008e+003,7.630503e+001
1.672490e+003,7.671618e+001
1.672972e+003,7.710026e+001
1.673454e+003,7.747662e+001
1.673937e+003,7.786041e+001
1.674419e+003,7.826437e+001
1.674901e+003,7.869446e+001
1.675383e+003,7.914271e+001
1.675865e+003,7.958736e+001
1.676347e+003,8.000436e+001
1.676829e+003,8.037910e+001
1.677311e+003,8.070902e+001
1.677793e+003,8.099989e+001
1.678276e+003,8.126241e+001
1.678758e+003,8.151007e+001
1.679240e+003,8.175666e+001
1.679722e+003,8.201197e+001
1.680204e+003,8.227660e+001
1.680686e+003,8.253994e+001
1.681168e+003,8.278365e+001
1.681650e+003,8.298870e+001
1.682133e+003,8.314370e+001
1.682615e+003,8.325491e+001
1.683097e+003,8.336159e+001
1.683579e+003,8.354456e+001
1.684061e+003,8.388483e+001
1.684543e+003,8.436458e+001
1.685025e+003,8.486101e+001
1.685508e+003,8.527158e+001
1.685990e+003,8.557560e+001
1.686472e+003,8.579955e+001
1.686954e+003,8.597948e+001
1.687436e+003,8.614574e+001
1.687918e+003,8.631833e+001
1.688400e+003,8.650462e+001
1.688882e+003,8.669852e+001
1.689365e+003,8.688422e+001
1.689847e+003,8.704522e+001
1.690329e+003,8.717412e+001
1.690811e+003,8.727603e+001
1.691293e+003,8.736383e+001
1.691775e+003,8.744957e+001
1.692257e+003,8.753816e+001
1.692739e+003,8.762509e+001
1.693221e+003,8.769762e+001
1.693704e+003,8.773781e+001
1.694186e+003,8.772753e+001
1.694668e+003,8.765710e+001
1.695150e+003,8.753764e+001
1.695632e+003,8.740845e+001
1.696114e+003,8.732008e+001
1.696596e+003,8.729529e+001
1.697078e+003,8.730991e+001
1.697561e+003,8.731445e+001
1.698043e+003,8.726299e+001
1.698525e+003,8.712582e+001
1.699007e+003,8.689254e+001
1.699489e+003,8.657984e+001
1.699971e+003,8.623912e+001
1.700453e+003,8.593615e+001
1.700936e+003,8.570206e+001
1.701417e+003,8.551553e+001
1.701900e+003,8.533569e+001
1.702382e+003,8.513052e+001
1.702864e+003,8.487741e+001
1.703346e+003,8.455055e+001
1.703828e+003,8.410902e+001
1.704310e+003,8.349323e+001
1.704792e+003,8.263959e+001
1.705275e+003,8.151832e+001
1.705757e+003,8.016972e+001
1.706239e+003,7.869240e+001
1.706721e+003,7.717822e+001
1.707203e+003,7.565453e+001
1.707685e+003,7.407629e+001
1.708167e+003,7.235387e+001
1.708649e+003,7.039079e+001
1.709132e+003,6.811898e+001
1.709614e+003,6.552747e+001
1.710096e+003,6.267410e+001
1.710578e+003,5.967249e+001
1.711060e+003,5.665943e+001
1.711542e+003,5.376037e+001
1.712024e+003,5.107076e+001
1.712506e+003,4.865628e+001
1.712989e+003,4.656425e+001
1.713471e+003,4.483512e+001
1.713953e+003,4.350819e+001
1.714435e+003,4.262415e+001
1.714917e+003,4.223580e+001
1.715399e+003,4.243793e+001
1.715881e+003,4.340905e+001
1.716364e+003,4.541584e+001
1.716845e+003,4.869112e+001
1.717328e+003,5.315680e+001
1.717810e+003,5.822632e+001
1.718292e+003,6.304686e+001
1.718774e+003,6.702053e+001
1.719256e+003,7.003215e+001
1.719738e+003,7.228402e+001
1.720220e+003,7.405848e+001
1.720703e+003,7.559045e+001
1.721185e+003,7.703382e+001
1.721667e+003,7.846580e+001
1.722149e+003,7.990030e+001
1.722631e+003,8.130520e+001
1.723113e+003,8.262589e+001
1.723595e+003,8.381364e+001
1.724077e+003,8.484792e+001
1.724560e+003,8.573959e+001
1.725042e+003,8.651612e+001
1.725524e+003,8.720191e+001
1.726006e+003,8.780794e+001
1.726488e+003,8.833395e+001
1.726970e+003,8.877795e+001
1.727452e+003,8.914571e+001
1.727934e+003,8.945515e+001
1.728417e+003,8.973296e+001
1.728899e+003,9.000439e+001
1.729381e+003,9.028126e+001
1.729863e+003,9.055494e+001
1.730345e+003,9.080110e+001
1.730827e+003,9.099400e+001
1.731309e+003,9.112075e+001
1.731792e+003,9.118786e+001
1.732273e+003,9.121972e+001
1.732756e+003,9.125246e+001
1.733238e+003,9.132344e+001
1.733720e+003,9.145246e+001
1.734202e+003,9.162350e+001
1.734684e+003,9.179630e+001
1.735166e+003,9.194472e+001
1.735648e+003,9.207134e+001
1.736131e+003,9.219077e+001
1.736613e+003,9.231299e+001
1.737095e+003,9.243787e+001
1.737577e+003,9.255579e+001
1.738059e+003,9.265137e+001
1.738541e+003,9.271023e+001
1.739023e+003,9.272937e+001
1.739505e+003,9.272472e+001
1.739988e+003,9.272564e+001
1.740470e+003,9.275686e+001
1.740952e+003,9.282332e+001
1.741434e+003,9.291013e+001
1.741916e+003,9.299380e+001
1.742398e+003,9.305504e+001
1.742880e+003,9.308758e+001
1.743362e+003,9.310117e+001
1.743844e+003,9.311613e+001
1.744327e+003,9.315163e+001
1.744809e+003,9.321451e+001
1.745291e+003,9.329629e+001
1.745773e+003,9.337816e+001
1.746255e+003,9.344064e+001
1.746737e+003,9.347285e+001
1.747219e+003,9.347859e+001
1.747702e+003,9.347606e+001
1.748184e+003,9.348955e+001
1.748666e+003,9.353579e+001
1.749148e+003,9.361407e+001
1.749630e+003,9.370798e+001
1.750112e+003,9.379819e+001
1.750594e+003,9.387691e+001
1.751076e+003,9.395331e+001
1.751559e+003,9.404498e+001
1.752041e+003,9.416340e+001
1.752523e+003,9.430563e+001
1.753005e+003,9.445705e+001
1.753487e+003,9.459978e+001
1.753969e+003,9.471964e+001
1.754451e+003,9.481007e+001
1.754933e+003,9.487333e+001
1.755416e+003,9.491994e+001
1.755898e+003,9.496552e+001
1.756380e+003,9.502418e+001
1.756862e+003,9.510082e+001
1.757344e+003,9.518824e+001
1.757826e+003,9.527269e+001
1.758308e+003,9.534281e+001
1.758791e+003,9.539502e+001
1.759272e+003,9.543265e+001
1.759755e+003,9.546217e+001
1.760237e+003,9.548909e+001
1.760719e+003,9.551560e+001
1.761201e+003,9.554066e+001
1.761683e+003,9.556326e+001
1.762165e+003,9.558655e+001
1.762647e+003,9.561838e+001
1.763130e+003,9.566693e+001
1.763612e+003,9.573502e+001
1.764094e+003,9.581782e+001
1.764576e+003,9.590437e+001
1.765058e+003,9.598090e+001
1.765540e+003,9.603447e+001
1.766022e+003,9.605684e+001
1.766504e+003,9.604810e+001
1.766987e+003,9.601820e+001
1.767469e+003,9.598447e+001
1.767951e+003,9.596352e+001
1.768433e+003,9.596250e+001
1.768915e+003,9.597530e+001
1.769397e+003,9.598671e+001
1.769879e+003,9.598018e+001
1.770361e+003,9.594519e+001
1.770844e+003,9.588271e+001
1.771326e+003,9.580806e+001
1.771808e+003,9.574747e+001
1.772290e+003,9.572433e+001
1.772772e+003,9.574293e+001
1.773254e+003,9.578785e+001
1.773736e+003,9.583931e+001
1.774219e+003,9.588625e+001
1.774700e+003,9.592783e+001
1.775183e+003,9.596828e+001
1.775665e+003,9.601115e+001
1.776147e+003,9.605595e+001
1.776629e+003,9.609803e+001
1.777111e+003,9.613086e+001
1.777593e+003,9.614975e+001
1.778075e+003,9.615417e+001
1.778558e+003,9.614848e+001
1.779040e+003,9.614024e+001
1.779522e+003,9.613712e+001
1.780004e+003,9.614357e+001
1.780486e+003,9.615885e+001
1.780968e+003,9.617831e+001
1.781450e+003,9.619714e+001
1.781932e+003,9.621385e+001
1.782415e+003,9.623048e+001
1.782897e+003,9.625050e+001
1.783379e+003,9.627569e+001
1.783861e+003,9.630427e+001
1.784343e+003,9.633085e+001
1.784825e+003,9.634921e+001
1.785307e+003,9.635596e+001
1.785789e+003,9.635310e+001
1.786271e+003,9.634695e+001
1.786754e+003,9.634428e+001
1.787236e+003,9.634826e+001
1.787718e+003,9.635672e+001
1.788200e+003,9.636285e+001
1.788682e+003,9.635779e+001
1.789164e+003,9.633370e+001
1.789646e+003,9.628689e+001
1.790128e+003,9.621986e+001
1.790611e+003,9.614201e+001
1.791093e+003,9.606809e+001
1.791575e+003,9.601395e+001
1.792057e+003,9.598988e+001
1.792539e+003,9.599593e+001
1.793021e+003,9.602426e+001
1.793503e+003,9.606575e+001
1.793986e+003,9.611487e+001
1.794468e+003,9.616915e+001
1.794950e+003,9.622626e+001
1.795432e+003,9.628199e+001
1.795914e+003,9.632993e+001
1.796396e+003,9.636376e+001
1.796878e+003,9.637976e+001
1.797360e+003,9.637910e+001
1.797843e+003,9.636744e+001
1.798325e+003,9.635246e+001
1.798807e+003,9.634069e+001
1.799289e+003,9.633507e+001
1.799771e+003,9.633450e+001
1.800253e+003,9.633618e+001
1.800735e+003,9.633907e+001
1.801217e+003,9.634605e+001
1.801699e+003,9.636270e+001
1.802182e+003,9.639338e+001
1.802664e+003,9.643768e+001
1.803146e+003,9.648957e+001
1.803628e+003,9.653960e+001
1.804110e+003,9.657838e+001
1.804592e+003,9.660049e+001
1.805074e+003,9.660627e+001
1.805556e+003,9.660145e+001
1.806039e+003,9.659422e+001
1.806521e+003,9.659126e+001
1.807003e+003,9.659493e+001
1.807485e+003,9.660254e+001
1.807967e+003,9.660815e+001
1.808449e+003,9.660617e+001
1.808931e+003,9.659434e+001
1.809414e+003,9.657501e+001
1.809896e+003,9.655376e+001
1.810378e+003,9.653634e+001
1.810860e+003,9.652575e+001
1.811342e+003,9.652146e+001
1.811824e+003,9.652146e+001
1.812306e+003,9.652489e+001
1.812788e+003,9.653362e+001
1.813271e+003,9.655096e+001
1.813753e+003,9.657904e+001
1.814235e+003,9.661620e+001
1.814717e+003,9.665579e+001
1.815199e+003,9.668742e+001
1.815681e+003,9.670010e+001
1.816163e+003,9.668670e+001
1.816645e+003,9.664774e+001
1.817127e+003,9.659171e+001
1.817610e+003,9.653109e+001
1.818092e+003,9.647659e+001
1.818574e+003,9.643270e+001
1.819056e+003,9.639742e+001
1.819538e+003,9.636539e+001
1.820020e+003,9.633237e+001
1.820502e+003,9.629839e+001
1.820984e+003,9.626763e+001
1.821467e+003,9.624536e+001
1.821949e+003,9.623417e+001
1.822431e+003,9.623141e+001
1.822913e+003,9.622964e+001
1.823395e+003,9.621979e+001
1.823877e+003,9.619633e+001
1.824359e+003,9.616235e+001
1.824842e+003,9.612992e+001
1.825323e+003,9.611415e+001
1.825806e+003,9.612378e+001
1.826288e+003,9.615606e+001
1.826770e+003,9.619868e+001
1.827252e+003,9.623602e+001
1.827734e+003,9.625518e+001
1.828216e+003,9.625074e+001
1.828698e+003,9.622755e+001
1.829181e+003,9.620071e+001
1.829663e+003,9.618909e+001
1.830145e+003,9.620464e+001
1.830627e+003,9.624475e+001
1.831109e+003,9.629565e+001
1.831591e+003,9.634307e+001
1.832073e+003,9.637946e+001
1.832555e+003,9.640476e+001
1.833038e+003,9.642299e+001
1.833520e+003,9.643807e+001
1.834002e+003,9.645099e+001
1.834484e+003,9.645914e+001
1.834966e+003,9.645803e+001
1.835448e+003,9.644477e+001
1.835930e+003,9.642127e+001
1.836412e+003,9.639477e+001
1.836895e+003,9.637520e+001
1.837377e+003,9.637061e+001
1.837859e+003,9.638299e+001
1.838341e+003,9.640723e+001
1.838823e+003,9.643374e+001
1.839305e+003,9.645340e+001
1.839787e+003,9.646133e+001
1.840270e+003,9.645797e+001
1.840751e+003,9.644706e+001
1.841234e+003,9.643218e+001
1.841716e+003,9.641421e+001
1.842198e+003,9.639008e+001
1.842680e+003,9.635498e+001
1.843162e+003,9.630706e+001
1.843644e+003,9.625289e+001
1.844126e+003,9.620837e+001
1.844609e+003,9.619064e+001
1.845091e+003,9.620669e+001
1.845573e+003,9.624867e+001
1.846055e+003,9.629877e+001
1.846537e+003,9.633832e+001
1.847019e+003,9.635474e+001
1.847501e+003,9.634488e+001
1.847983e+003,9.631441e+001
1.848466e+003,9.627448e+001
1.848948e+003,9.623627e+001
1.849430e+003,9.620621e+001
1.849912e+003,9.618420e+001
1.850394e+003,9.616545e+001
1.850876e+003,9.614513e+001
1.851358e+003,9.612239e+001
1.851840e+003,9.610169e+001
1.852323e+003,9.609130e+001
1.852805e+003,9.609902e+001
1.853287e+003,9.612810e+001
1.853769e+003,9.617500e+001
1.854251e+003,9.623107e+001
1.854733e+003,9.628663e+001
1.855215e+003,9.633533e+001
1.855698e+003,9.637618e+001
1.856179e+003,9.641243e+001
1.856662e+003,9.644815e+001
1.857144e+003,9.648492e+001
1.857626e+003,9.652025e+001
1.858108e+003,9.654903e+001
1.858590e+003,9.656700e+001
1.859072e+003,9.657401e+001
1.859554e+003,9.657507e+001
1.860037e+003,9.657822e+001
1.860519e+003,9.659063e+001
1.861001e+003,9.661522e+001
1.861483e+003,9.664943e+001
1.861965e+003,9.668723e+001
1.862447e+003,9.672284e+001
1.862929e+003,9.675420e+001
1.863411e+003,9.678354e+001
1.863894e+003,9.681532e+001
1.864376e+003,9.685236e+001
1.864858e+003,9.689245e+001
1.865340e+003,9.692741e+001
1.865822e+003,9.694456e+001
1.866304e+003,9.693134e+001
1.866786e+003,9.688084e+001
1.867268e+003,9.679684e+001
1.867750e+003,9.669530e+001
1.868233e+003,9.660065e+001
1.868715e+003,9.653556e+001
1.869197e+003,9.651034e+001
1.869679e+003,9.651982e+001
1.870161e+003,9.655036e+001
1.870643e+003,9.658932e+001
1.871125e+003,9.663001e+001
1.871608e+003,9.667042e+001
1.872090e+003,9.670991e+001
1.872572e+003,9.674605e+001
1.873054e+003,9.677400e+001
1.873536e+003,9.678822e+001
1.874018e+003,9.678556e+001
1.874500e+003,9.676797e+001
1.874982e+003,9.674248e+001
1.875465e+003,9.671864e+001
1.875947e+003,9.670395e+001
1.876429e+003,9.670013e+001
1.876911e+003,9.670244e+001
1.877393e+003,9.670197e+001
1.877875e+003,9.669028e+001
1.878357e+003,9.666406e+001
1.878839e+003,9.662651e+001
1.879322e+003,9.658578e+001
1.879804e+003,9.655079e+001
1.880286e+003,9.652686e+001
1.880768e+003,9.651387e+001
1.881250e+003,9.650715e+001
1.881732e+003,9.650072e+001
1.882214e+003,9.649091e+001
1.882697e+003,9.647781e+001
1.883178e+003,9.646449e+001
1.883661e+003,9.645429e+001
1.884143e+003,9.644815e+001
1.884625e+003,9.644360e+001
1.885107e+003,9.643619e+001
1.885589e+003,9.642265e+001
1.886071e+003,9.640298e+001
1.886553e+003,9.638065e+001
1.887036e+003,9.636053e+001
1.887518e+003,9.634583e+001
1.888000e+003,9.633597e+001
1.888482e+003,9.632635e+001
1.888964e+003,9.631128e+001
1.889446e+003,9.628835e+001
1.889928e+003,9.626172e+001
1.890410e+003,9.624073e+001
1.890893e+003,9.623401e+001
1.891375e+003,9.624398e+001
1.891857e+003,9.626487e+001
1.892339e+003,9.628461e+001
1.892821e+003,9.628937e+001
1.893303e+003,9.626891e+001
1.893785e+003,9.622146e+001
1.894267e+003,9.615551e+001
1.894750e+003,9.608715e+001
1.895232e+003,9.603295e+001
1.895714e+003,9.600267e+001
1.896196e+003,9.599566e+001
1.896678e+003,9.600327e+001
1.897160e+003,9.601508e+001
1.897642e+003,9.602459e+001
1.898125e+003,9.603156e+001
1.898606e+003,9.604015e+001
1.899089e+003,9.605485e+001
1.899571e+003,9.607648e+001
1.900053e+003,9.610071e+001
1.900535e+003,9.611993e+001
1.901017e+003,9.612777e+001
1.901499e+003,9.612299e+001
1.901981e+003,9.611085e+001
1.902464e+003,9.610060e+001
1.902946e+003,9.610052e+001
1.903428e+003,9.611340e+001
1.903910e+003,9.613521e+001
1.904392e+003,9.615725e+001
1.904874e+003,9.617117e+001
1.905356e+003,9.617345e+001
1.905838e+003,9.616723e+001
1.906321e+003,9.615990e+001
1.906803e+003,9.615850e+001
1.907285e+003,9.616516e+001
1.907767e+003,9.617548e+001
1.908249e+003,9.618092e+001
1.908731e+003,9.617431e+001
1.909213e+003,9.615546e+001
1.909695e+003,9.613302e+001
1.910177e+003,9.612059e+001
1.910660e+003,9.612962e+001
1.911142e+003,9.616302e+001
1.911624e+003,9.621389e+001
1.912106e+003,9.626859e+001
1.912588e+003,9.631310e+001
1.913070e+003,9.633873e+001
1.913552e+003,9.634493e+001
1.914034e+003,9.633747e+001
1.914517e+003,9.632419e+001
1.914999e+003,9.630990e+001
1.915481e+003,9.629390e+001
1.915963e+003,9.627110e+001
1.916445e+003,9.623634e+001
1.916927e+003,9.618981e+001
1.917409e+003,9.614043e+001
1.917892e+003,9.610336e+001
1.918374e+003,9.609219e+001
1.918856e+003,9.611037e+001
1.919338e+003,9.614920e+001
1.919820e+003,9.619280e+001
1.920302e+003,9.622591e+001
1.920784e+003,9.624011e+001
1.921266e+003,9.623570e+001
1.921749e+003,9.622083e+001
1.922231e+003,9.620742e+001
1.922713e+003,9.620544e+001
1.923195e+003,9.621803e+001
1.923677e+003,9.624115e+001
1.924159e+003,9.626788e+001
1.924641e+003,9.629410e+001
1.925123e+003,9.632093e+001
1.925605e+003,9.635292e+001
1.926088e+003,9.639371e+001
1.926570e+003,9.644212e+001
1.927052e+003,9.649071e+001
1.927534e+003,9.652812e+001
1.928016e+003,9.654436e+001
1.928498e+003,9.653624e+001
1.928980e+003,9.650940e+001
1.929462e+003,9.647581e+001
1.929945e+003,9.644801e+001
1.930427e+003,9.643333e+001
1.930909e+003,9.643094e+001
1.931391e+003,9.643353e+001
1.931873e+003,9.643237e+001
1.932355e+003,9.642303e+001
1.932837e+003,9.640807e+001
1.933320e+003,9.639562e+001
1.933802e+003,9.639400e+001
1.934284e+003,9.640654e+001
1.934766e+003,9.642877e+001
1.935248e+003,9.645055e+001
1.935730e+003,9.646131e+001
1.936212e+003,9.645594e+001
1.936694e+003,9.643746e+001
1.937177e+003,9.641513e+001
1.937659e+003,9.639907e+001
1.938141e+003,9.639461e+001
1.938623e+003,9.639954e+001
1.939105e+003,9.640572e+001
1.939587e+003,9.640398e+001
1.940069e+003,9.638966e+001
1.940551e+003,9.636567e+001
1.941033e+003,9.634115e+001
1.941516e+003,9.632686e+001
1.941998e+003,9.632839e+001
1.942480e+003,9.634212e+001
1.942962e+003,9.635616e+001
1.943444e+003,9.635826e+001
1.943926e+003,9.634377e+001
1.944408e+003,9.631825e+001
1.944890e+003,9.629374e+001
1.945373e+003,9.628180e+001
1.945855e+003,9.628766e+001
1.946337e+003,9.630776e+001
1.946819e+003,9.633167e+001
1.947301e+003,9.634774e+001
1.947783e+003,9.634917e+001
1.948265e+003,9.633666e+001
1.948748e+003,9.631640e+001
1.949229e+003,9.629471e+001
1.949712e+003,9.627335e+001
1.950194e+003,9.624757e+001
1.950676e+003,9.620952e+001
1.951158e+003,9.615347e+001
1.951640e+003,9.608126e+001
1.952122e+003,9.600308e+001
1.952604e+003,9.593314e+001
1.953087e+003,9.588300e+001
1.953569e+003,9.585615e+001
1.954051e+003,9.584628e+001
1.954533e+003,9.584126e+001
1.955015e+003,9.583057e+001
1.955497e+003,9.581240e+001
1.955979e+003,9.579582e+001
1.956461e+003,9.579628e+001
1.956944e+003,9.582721e+001
1.957426e+003,9.589227e+001
1.957908e+003,9.598224e+001
1.958390e+003,9.607813e+001
1.958872e+003,9.616008e+001
1.959354e+003,9.621710e+001
1.959836e+003,9.625139e+001
1.960318e+003,9.627493e+001
1.960801e+003,9.630014e+001
1.961283e+003,9.633063e+001
1.961765e+003,9.635755e+001
1.962247e+003,9.636354e+001
1.962729e+003,9.633350e+001
1.963211e+003,9.626395e+001
1.963693e+003,9.616673e+001
1.964176e+003,9.606402e+001
1.964657e+003,9.597830e+001
1.965140e+003,9.592336e+001
1.965622e+003,9.589874e+001
1.966104e+003,9.589217e+001
1.966586e+003,9.588783e+001
1.967068e+003,9.587755e+001
1.967550e+003,9.586679e+001
1.968032e+003,9.587122e+001
1.968515e+003,9.590627e+001
1.968997e+003,9.597688e+001
1.969479e+003,9.607355e+001
1.969961e+003,9.617634e+001
1.970443e+003,9.626400e+001
1.970925e+003,9.632401e+001
1.971407e+003,9.635780e+001
1.971889e+003,9.637720e+001
1.972372e+003,9.639661e+001
1.972854e+003,9.642287e+001
1.973336e+003,9.645117e+001
1.973818e+003,9.646730e+001
1.974300e+003,9.645631e+001
1.974782e+003,9.641153e+001
1.975264e+003,9.633826e+001
1.975746e+003,9.625011e+001
1.976229e+003,9.616029e+001
1.976711e+003,9.607409e+001
1.977193e+003,9.598701e+001
1.977675e+003,9.589020e+001
1.978157e+003,9.578004e+001
1.978639e+003,9.566449e+001
1.979121e+003,9.556187e+001
1.979604e+003,9.549239e+001
1.980085e+003,9.546813e+001
1.980568e+003,9.548737e+001
1.981050e+003,9.553548e+001
1.981532e+003,9.559240e+001
1.982014e+003,9.564182e+001
1.982496e+003,9.567861e+001
1.982978e+003,9.570929e+001
1.983460e+003,9.574550e+001
1.983943e+003,9.579489e+001
1.984425e+003,9.585405e+001
1.984907e+003,9.590816e+001
1.985389e+003,9.593760e+001
1.985871e+003,9.592805e+001
1.986353e+003,9.587930e+001
1.986835e+003,9.580635e+001
1.987317e+003,9.573296e+001
1.987800e+003,9.568034e+001
1.988282e+003,9.565755e+001
1.988764e+003,9.565875e+001
1.989246e+003,9.566780e+001
1.989728e+003,9.566866e+001
1.990210e+003,9.565518e+001
1.990692e+003,9.563486e+001
1.991174e+003,9.562475e+001
1.991656e+003,9.564179e+001
1.992139e+003,9.569201e+001
1.992621e+003,9.576586e+001
1.993103e+003,9.584221e+001
1.993585e+003,9.589964e+001
1.994067e+003,9.592718e+001
1.994549e+003,9.592701e+001
1.995031e+003,9.591029e+001
1.995514e+003,9.588898e+001
1.995996e+003,9.586889e+001
1.996478e+003,9.584724e+001
1.996960e+003,9.581600e+001
1.997442e+003,9.576856e+001
1.997924e+003,9.570628e+001
1.998406e+003,9.564011e+001
1.998888e+003,9.558617e+001
1.999371e+003,9.555864e+001
1.999853e+003,9.556281e+001
2.000335e+003,9.559354e+001
2.000817e+003,9.563893e+001
2.001299e+003,9.568783e+001
2.001781e+003,9.573635e+001
2.002263e+003,9.578995e+001
2.002745e+003,9.585798e+001
2.003228e+003,9.594570e+001
2.003710e+003,9.604670e+001
2.004192e+003,9.614157e+001
2.004674e+003,9.620355e+001
2.005156e+003,9.621061e+001
2.005638e+003,9.615639e+001
2.006120e+003,9.605396e+001
2.006603e+003,9.592999e+001
2.007084e+003,9.581234e+001
2.007567e+003,9.571823e+001
2.008049e+003,9.564967e+001
2.008531e+003,9.559661e+001
2.009013e+003,9.554729e+001
2.009495e+003,9.549696e+001
2.009977e+003,9.545150e+001
2.010459e+003,9.542245e+001
2.010942e+003,9.541788e+001
2.011424e+003,9.543521e+001
2.011906e+003,9.545948e+001
2.012388e+003,9.547004e+001
2.012870e+003,9.545107e+001
2.013352e+003,9.540136e+001
2.013834e+003,9.533603e+001
2.014316e+003,9.527973e+001
2.014799e+003,9.525517e+001
2.015281e+003,9.527300e+001
2.015763e+003,9.532678e+001
2.016245e+003,9.539665e+001
2.016727e+003,9.545998e+001
2.017209e+003,9.550349e+001
2.017691e+003,9.552922e+001
2.018173e+003,9.555040e+001
2.018656e+003,9.558065e+001
2.019138e+003,9.562381e+001
2.019620e+003,9.567139e+001
2.020102e+003,9.570715e+001
2.020584e+003,9.571782e+001
2.021066e+003,9.570207e+001
2.021548e+003,9.567236e+001
2.022031e+003,9.564851e+001
2.022512e+003,9.564673e+001
2.022995e+003,9.566994e+001
2.023477e+003,9.570521e+001
2.023959e+003,9.572972e+001
2.024441e+003,9.572346e+001
2.024923e+003,9.568019e+001
2.025405e+003,9.561088e+001
2.025887e+003,9.553753e+001
2.026370e+003,9.548051e+001
2.026852e+003,9.544799e+001
2.027334e+003,9.543213e+001
2.027816e+003,9.541467e+001
2.028298e+003,9.537753e+001
2.028780e+003,9.531429e+001
2.029262e+003,9.523328e+001
2.029744e+003,9.515232e+001
2.030227e+003,9.508736e+001
2.030709e+003,9.504338e+001
2.031191e+003,9.501115e+001
2.031673e+003,9.497309e+001
2.032155e+003,9.491405e+001
2.032637e+003,9.483175e+001
2.033119e+003,9.473922e+001
2.033601e+003,9.465840e+001
2.034083e+003,9.460857e+001
2.034566e+003,9.459603e+001
2.035048e+003,9.461198e+001
2.035530e+003,9.463728e+001
2.036012e+003,9.465420e+001
2.036494e+003,9.465628e+001
2.036976e+003,9.465130e+001
2.037458e+003,9.465539e+001
2.037940e+003,9.468272e+001
2.038423e+003,9.473652e+001
2.038905e+003,9.480649e+001
2.039387e+003,9.487341e+001
2.039869e+003,9.491983e+001
2.040351e+003,9.493950e+001
2.040833e+003,9.494111e+001
2.041315e+003,9.494327e+001
2.041798e+003,9.496375e+001
2.042280e+003,9.500968e+001
2.042762e+003,9.507320e+001
2.043244e+003,9.513589e+001
2.043726e+003,9.517832e+001
2.044208e+003,9.519002e+001
2.044690e+003,9.517360e+001
2.045172e+003,9.514142e+001
2.045655e+003,9.510717e+001
2.046137e+003,9.507766e+001
2.046619e+003,9.504924e+001
2.047101e+003,9.501095e+001
2.047583e+003,9.495270e+001
2.048065e+003,9.487350e+001
2.048547e+003,9.478413e+001
2.049029e+003,9.470327e+001
2.049511e+003,9.464851e+001
2.049994e+003,9.462817e+001
2.050476e+003,9.463836e+001
2.050958e+003,9.466549e+001
2.051440e+003,9.469410e+001
2.051922e+003,9.471381e+001
2.052404e+003,9.472316e+001
2.052886e+003,9.472806e+001
2.053368e+003,9.473689e+001
2.053851e+003,9.475467e+001
2.054333e+003,9.477981e+001
2.054815e+003,9.480445e+001
2.055297e+003,9.481921e+001
2.055779e+003,9.481829e+001
2.056261e+003,9.480261e+001
2.056743e+003,9.477876e+001
2.057226e+003,9.475513e+001
2.057708e+003,9.473744e+001
2.058190e+003,9.472636e+001
2.058672e+003,9.471883e+001
2.059154e+003,9.471124e+001
2.059636e+003,9.470364e+001
2.060118e+003,9.470101e+001
2.060600e+003,9.471117e+001
2.061083e+003,9.474094e+001
2.061565e+003,9.479137e+001
2.062047e+003,9.485633e+001
2.062529e+003,9.492427e+001
2.063011e+003,9.498280e+001
2.063493e+003,9.502378e+001
2.063975e+003,9.504646e+001
2.064457e+003,9.505644e+001
2.064939e+003,9.506213e+001
2.065422e+003,9.506965e+001
2.065904e+003,9.508047e+001
2.066386e+003,9.509156e+001
2.066868e+003,9.509881e+001
2.067350e+003,9.510038e+001
2.067832e+003,9.509805e+001
2.068314e+003,9.509599e+001
2.068796e+003,9.509758e+001
2.069279e+003,9.510262e+001
2.069761e+003,9.510658e+001
2.070243e+003,9.510260e+001
2.070725e+003,9.508575e+001
2.071207e+003,9.505625e+001
2.071689e+003,9.502045e+001
2.072171e+003,9.498838e+001
2.072654e+003,9.496912e+001
2.073135e+003,9.496677e+001
2.073618e+003,9.497858e+001
2.074100e+003,9.499665e+001
2.074582e+003,9.501173e+001
2.075064e+003,9.501756e+001
2.075546e+003,9.501325e+001
2.076028e+003,9.500219e+001
2.076510e+003,9.498927e+001
2.076993e+003,9.497762e+001
2.077475e+003,9.496723e+001
2.077957e+003,9.495585e+001
2.078439e+003,9.494179e+001
2.078921e+003,9.492603e+001
2.079403e+003,9.491266e+001
2.079885e+003,9.490696e+001
2.080367e+003,9.491194e+001
2.080850e+003,9.492562e+001
2.081332e+003,9.494093e+001
2.081814e+003,9.494805e+001
2.082296e+003,9.493903e+001
2.082778e+003,9.491178e+001
2.083260e+003,9.487142e+001
2.083742e+003,9.482822e+001
2.084224e+003,9.479355e+001
2.084707e+003,9.477544e+001
2.085189e+003,9.477618e+001
2.085671e+003,9.479265e+001
2.086153e+003,9.481894e+001
2.086635e+003,9.484954e+001
2.087117e+003,9.488132e+001
2.087599e+003,9.491336e+001
2.088082e+003,9.494518e+001
2.088563e+003,9.497465e+001
2.089046e+003,9.499763e+001
2.089528e+003,9.500919e+001
2.090010e+003,9.500660e+001
2.090492e+003,9.499152e+001
2.090974e+003,9.497009e+001
2.091456e+003,9.495045e+001
2.091938e+003,9.493904e+001
2.092421e+003,9.493710e+001
2.092903e+003,9.494012e+001
2.093385e+003,9.493976e+001
2.093867e+003,9.492802e+001
2.094349e+003,9.490147e+001
2.094831e+003,9.486314e+001
2.095313e+003,9.482114e+001
2.095795e+003,9.478483e+001
2.096278e+003,9.476033e+001
2.096760e+003,9.474851e+001
2.097242e+003,9.474531e+001
2.097724e+003,9.474486e+001
2.098206e+003,9.474326e+001
2.098688e+003,9.474033e+001
2.099170e+003,9.473928e+001
2.099652e+003,9.474359e+001
2.100135e+003,9.475410e+001
2.100617e+003,9.476743e+001
2.101099e+003,9.477695e+001
2.101581e+003,9.477579e+001
2.102063e+003,9.476024e+001
2.102545e+003,9.473153e+001
2.103027e+003,9.469518e+001
2.103510e+003,9.465811e+001
2.103991e+003,9.462573e+001
2.104474e+003,9.459991e+001
2.104956e+003,9.457935e+001
2.105438e+003,9.456151e+001
2.105920e+003,9.454493e+001
2.106402e+003,9.453033e+001
2.106884e+003,9.451973e+001
2.107366e+003,9.451455e+001
2.107849e+003,9.451374e+001
2.108331e+003,9.451351e+001
2.108813e+003,9.450900e+001
2.109295e+003,9.449710e+001
2.109777e+003,9.447896e+001
2.110259e+003,9.446022e+001
2.110741e+003,9.444859e+001
2.111223e+003,9.445061e+001
2.111706e+003,9.446796e+001
2.112188e+003,9.449682e+001
2.112670e+003,9.452923e+001
2.113152e+003,9.455701e+001
2.113634e+003,9.457551e+001
2.114116e+003,9.458520e+001
2.114598e+003,9.459074e+001
2.115080e+003,9.459776e+001
2.115563e+003,9.460934e+001
2.116045e+003,9.462428e+001
2.116527e+003,9.463786e+001
2.117009e+003,9.464505e+001
2.117491e+003,9.464357e+001
2.117973e+003,9.463589e+001
2.118455e+003,9.462824e+001
2.118938e+003,9.462769e+001
2.119420e+003,9.463852e+001
2.119902e+003,9.466001e+001
2.120384e+003,9.468697e+001
2.120866e+003,9.471220e+001
2.121348e+003,9.473026e+001
2.121830e+003,9.473968e+001
2.122312e+003,9.474316e+001
2.122794e+003,9.474541e+001
2.123277e+003,9.475005e+001
2.123759e+003,9.475774e+001
2.124241e+003,9.476617e+001
2.124723e+003,9.477200e+001
2.125205e+003,9.477369e+001
2.125687e+003,9.477313e+001
2.126169e+003,9.477483e+001
2.126651e+003,9.478391e+001
2.127134e+003,9.480294e+001
2.127616e+003,9.483050e+001
2.128098e+003,9.486164e+001
2.128580e+003,9.489068e+001
2.129062e+003,9.491442e+001
2.129544e+003,9.493379e+001
2.130026e+003,9.495326e+001
2.130509e+003,9.497767e+001
2.130990e+003,9.500856e+001
2.131473e+003,9.504205e+001
2.131955e+003,9.506941e+001
2.132437e+003,9.508062e+001
2.132919e+003,9.506894e+001
2.133401e+003,9.503394e+001
2.133883e+003,9.498159e+001
2.134365e+003,9.492085e+001
2.134848e+003,9.485938e+001
2.135330e+003,9.479996e+001
2.135812e+003,9.474081e+001
2.136294e+003,9.467859e+001
2.136776e+003,9.461263e+001
2.137258e+003,9.454811e+001
2.137740e+003,9.449498e+001
2.138222e+003,9.446405e+001
2.138705e+003,9.446188e+001
2.139187e+003,9.448701e+001
2.139669e+003,9.452993e+001
2.140151e+003,9.457649e+001
2.140633e+003,9.461382e+001
2.141115e+003,9.463497e+001
2.141597e+003,9.464047e+001
2.142079e+003,9.463574e+001
2.142562e+003,9.462653e+001
2.143044e+003,9.461524e+001
2.143526e+003,9.459913e+001
2.144008e+003,9.457314e+001
2.144490e+003,9.453378e+001
2.144972e+003,9.448223e+001
2.145454e+003,9.442537e+001
2.145937e+003,9.437301e+001
2.146418e+003,9.433368e+001
2.146901e+003,9.431155e+001
2.147383e+003,9.430543e+001
2.147865e+003,9.431116e+001
2.148347e+003,9.432517e+001
2.148829e+003,9.434701e+001
2.149311e+003,9.437897e+001
2.149793e+003,9.442329e+001
2.150276e+003,9.447829e+001
2.150758e+003,9.453666e+001
2.151240e+003,9.458705e+001
2.151722e+003,9.461932e+001
2.152204e+003,9.463052e+001
2.152686e+003,9.462889e+001
2.153168e+003,9.463126e+001
2.153650e+003,9.465742e+001
2.154133e+003,9.472101e+001
2.154615e+003,9.482256e+001
2.155097e+003,9.494730e+001
2.155579e+003,9.506815e+001
2.156061e+003,9.515435e+001
2.156543e+003,9.518046e+001
2.157025e+003,9.513252e+001
2.157507e+003,9.501039e+001
2.157990e+003,9.482491e+001
2.158472e+003,9.459480e+001
2.158954e+003,9.434284e+001
2.159436e+003,9.409338e+001
2.159918e+003,9.386976e+001
2.160400e+003,9.369048e+001
2.160882e+003,9.356609e+001
2.161365e+003,9.349640e+001
2.161846e+003,9.347030e+001
2.162329e+003,9.346797e+001
2.162811e+003,9.346615e+001
2.163293e+003,9.344553e+001
2.163775e+003,9.339673e+001
2.164257e+003,9.332285e+001
2.164739e+003,9.323708e+001
2.165221e+003,9.315619e+001
2.165704e+003,9.309437e+001
2.166186e+003,9.305833e+001
2.166668e+003,9.304687e+001
2.167150e+003,9.305345e+001
2.167632e+003,9.307048e+001
2.168114e+003,9.309248e+001
2.168596e+003,9.311726e+001
2.169078e+003,9.314461e+001
2.169561e+003,9.317454e+001
2.170043e+003,9.320627e+001
2.170525e+003,9.323833e+001
2.171007e+003,9.327053e+001
2.171489e+003,9.330473e+001
2.171971e+003,9.334475e+001
2.172453e+003,9.339354e+001
2.172935e+003,9.345018e+001
2.173417e+003,9.350754e+001
2.173900e+003,9.355337e+001
2.174382e+003,9.357377e+001
2.174864e+003,9.355963e+001
2.175346e+003,9.351149e+001
2.175828e+003,9.344054e+001
2.176310e+003,9.336510e+001
2.176792e+003,9.330381e+001
2.177274e+003,9.326923e+001
2.177757e+003,9.326454e+001
2.178239e+003,9.328352e+001
2.178721e+003,9.331469e+001
2.179203e+003,9.334605e+001
2.179685e+003,9.336845e+001
2.180167e+003,9.337711e+001
2.180649e+003,9.336994e+001
2.181132e+003,9.334649e+001
2.181614e+003,9.330640e+001
2.182096e+003,9.325125e+001
2.182578e+003,9.318553e+001
2.183060e+003,9.311808e+001
2.183542e+003,9.305980e+001
2.184024e+003,9.302002e+001
2.184506e+003,9.300259e+001
2.184989e+003,9.300354e+001
2.185471e+003,9.301269e+001
2.185953e+003,9.301770e+001
2.186435e+003,9.301019e+001
2.186917e+003,9.298943e+001
2.187399e+003,9.296290e+001
2.187881e+003,9.294231e+001
2.188363e+003,9.293756e+001
2.188845e+003,9.295181e+001
2.189328e+003,9.298001e+001
2.189810e+003,9.301125e+001
2.190292e+003,9.303455e+001
2.190774e+003,9.304420e+001
2.191256e+003,9.304211e+001
2.191738e+003,9.303622e+001
2.192220e+003,9.303555e+001
2.192702e+003,9.304506e+001
2.193185e+003,9.306288e+001
2.193667e+003,9.308118e+001
2.194149e+003,9.309032e+001
2.194631e+003,9.308375e+001
2.195113e+003,9.306116e+001
2.195595e+003,9.302832e+001
2.196077e+003,9.299387e+001
2.196560e+003,9.296546e+001
2.197042e+003,9.294659e+001
2.197524e+003,9.293668e+001
2.198006e+003,9.293260e+001
2.198488e+003,9.293179e+001
2.198970e+003,9.293396e+001
2.199452e+003,9.294058e+001
2.199934e+003,9.295313e+001
2.200417e+003,9.297085e+001
2.200899e+003,9.298997e+001
2.201381e+003,9.300495e+001
2.201863e+003,9.301099e+001
2.202345e+003,9.300677e+001
2.202827e+003,9.299504e+001
2.203309e+003,9.298110e+001
2.203791e+003,9.296953e+001
2.204273e+003,9.296133e+001
2.204756e+003,9.295331e+001
2.205238e+003,9.293951e+001
2.205720e+003,9.291505e+001
2.206202e+003,9.287933e+001
2.206684e+003,9.283683e+001
2.207166e+003,9.279552e+001
2.207648e+003,9.276322e+001
2.208130e+003,9.274372e+001
2.208613e+003,9.273546e+001
2.209095e+003,9.273261e+001
2.209577e+003,9.272871e+001
2.210059e+003,9.272026e+001
2.210541e+003,9.270876e+001
2.211023e+003,9.269980e+001
2.211505e+003,9.269986e+001
2.211988e+003,9.271301e+001
2.212469e+003,9.273838e+001
2.212952e+003,9.277084e+001
2.213434e+003,9.280350e+001
2.213916e+003,9.283098e+001
2.214398e+003,9.285146e+001
2.214880e+003,9.286652e+001
2.215362e+003,9.287893e+001
2.215844e+003,9.288994e+001
2.216327e+003,9.289794e+001
2.216809e+003,9.289920e+001
2.217291e+003,9.289024e+001
2.217773e+003,9.287059e+001
2.218255e+003,9.284413e+001
2.218737e+003,9.281773e+001
2.219219e+003,9.279848e+001
2.219701e+003,9.279017e+001
2.220184e+003,9.279179e+001
2.220666e+003,9.279780e+001
2.221148e+003,9.280101e+001
2.221630e+003,9.279579e+001
2.222112e+003,9.278062e+001
2.222594e+003,9.275798e+001
2.223076e+003,9.273269e+001
2.223558e+003,9.270937e+001
2.224041e+003,9.269030e+001
2.224523e+003,9.267537e+001
2.225005e+003,9.266323e+001
2.225487e+003,9.265298e+001
2.225969e+003,9.264509e+001
2.226451e+003,9.264119e+001
2.226933e+003,9.264233e+001
2.227416e+003,9.264780e+001
2.227897e+003,9.265450e+001
2.228380e+003,9.265825e+001
2.228862e+003,9.265558e+001
2.229344e+003,9.264596e+001
2.229826e+003,9.263232e+001
2.230308e+003,9.261945e+001
2.230790e+003,9.261163e+001
2.231272e+003,9.261028e+001
2.231755e+003,9.261319e+001
2.232237e+003,9.261558e+001
2.232719e+003,9.261285e+001
2.233201e+003,9.260314e+001
2.233683e+003,9.258814e+001
2.234165e+003,9.257233e+001
2.234647e+003,9.256016e+001
2.235129e+003,9.255359e+001
2.235612e+003,9.255106e+001
2.236094e+003,9.254825e+001
2.236576e+003,9.254079e+001
2.237058e+003,9.252702e+001
2.237540e+003,9.250898e+001
2.238022e+003,9.249168e+001
2.238504e+003,9.248013e+001
2.238986e+003,9.247663e+001
2.239469e+003,9.247910e+001
2.239951e+003,9.248176e+001
2.240433e+003,9.247797e+001
2.240915e+003,9.246352e+001
2.241397e+003,9.243885e+001
2.241879e+003,9.240888e+001
2.242361e+003,9.238087e+001
2.242844e+003,9.236108e+001
2.243326e+003,9.235231e+001
2.243808e+003,9.235310e+001
2.244290e+003,9.235925e+001
2.244772e+003,9.236632e+001
2.245254e+003,9.237206e+001
2.245736e+003,9.237725e+001
2.246218e+003,9.238512e+001
2.246700e+003,9.239911e+001
2.247183e+003,9.242113e+001
2.247665e+003,9.245040e+001
2.248147e+003,9.248377e+001
2.248629e+003,9.251715e+001
2.249111e+003,9.254681e+001
2.249593e+003,9.257029e+001
2.250075e+003,9.258633e+001
2.250557e+003,9.259422e+001
2.251040e+003,9.259337e+001
2.251522e+003,9.258343e+001
2.252004e+003,9.256480e+001
2.252486e+003,9.253938e+001
2.252968e+003,9.251038e+001
2.253450e+003,9.248178e+001
2.253932e+003,9.245652e+001
2.254415e+003,9.243555e+001
2.254896e+003,9.241733e+001
2.255379e+003,9.239882e+001
2.255861e+003,9.237731e+001
2.256343e+003,9.235207e+001
2.256825e+003,9.232509e+001
2.257307e+003,9.230039e+001
2.257789e+003,9.228209e+001
2.258271e+003,9.227242e+001
2.258754e+003,9.227065e+001
2.259236e+003,9.227341e+001
2.259718e+003,9.227602e+001
2.260200e+003,9.227467e+001
2.260682e+003,9.226777e+001
2.261164e+003,9.225605e+001
2.261646e+003,9.224143e+001
2.262128e+003,9.222580e+001
2.262611e+003,9.220968e+001
2.263093e+003,9.219202e+001
2.263575e+003,9.217117e+001
2.264057e+003,9.214602e+001
2.264539e+003,9.211679e+001
2.265021e+003,9.208514e+001
2.265503e+003,9.205318e+001
2.265985e+003,9.202232e+001
2.266468e+003,9.199281e+001
2.266950e+003,9.196359e+001
2.267432e+003,9.193349e+001
2.267914e+003,9.190218e+001
2.268396e+003,9.187058e+001
2.268878e+003,9.184082e+001
2.269360e+003,9.181496e+001
2.269843e+003,9.179407e+001
2.270324e+003,9.177747e+001
2.270807e+003,9.176315e+001
2.271289e+003,9.174863e+001
2.271771e+003,9.173238e+001
2.272253e+003,9.171411e+001
2.272735e+003,9.169476e+001
2.273217e+003,9.167566e+001
2.273699e+003,9.165744e+001
2.274182e+003,9.163976e+001
2.274664e+003,9.162152e+001
2.275146e+003,9.160194e+001
2.275628e+003,9.158125e+001
2.276110e+003,9.156094e+001
2.276592e+003,9.154297e+001
2.277074e+003,9.152841e+001
2.277556e+003,9.151644e+001
2.278039e+003,9.150400e+001
2.278521e+003,9.148671e+001
2.279003e+003,9.146065e+001
2.279485e+003,9.142403e+001
2.279967e+003,9.137823e+001
2.280449e+003,9.132720e+001
2.280931e+003,9.127618e+001
2.281413e+003,9.122963e+001
2.281896e+003,9.118992e+001
2.282378e+003,9.115703e+001
2.282860e+003,9.112934e+001
2.283342e+003,9.110498e+001
2.283824e+003,9.108292e+001
2.284306e+003,9.106337e+001
2.284788e+003,9.104747e+001
2.285271e+003,9.103605e+001
2.285752e+003,9.102906e+001
2.286235e+003,9.102506e+001
2.286717e+003,9.102174e+001
2.287199e+003,9.101665e+001
2.287681e+003,9.100819e+001
2.288163e+003,9.099588e+001
2.288645e+003,9.098044e+001
2.289127e+003,9.096307e+001
2.289610e+003,9.094496e+001
2.290092e+003,9.092719e+001
2.290574e+003,9.091051e+001
2.291056e+003,9.089571e+001
2.291538e+003,9.088353e+001
2.292020e+003,9.087457e+001
2.292502e+003,9.086888e+001
2.292984e+003,9.086564e+001
2.293467e+003,9.086311e+001
2.293949e+003,9.085918e+001
2.294431e+003,9.085202e+001
2.294913e+003,9.084077e+001
2.295395e+003,9.082583e+001
2.295877e+003,9.080842e+001
2.296359e+003,9.079010e+001
2.296841e+003,9.077175e+001
2.297323e+003,9.075351e+001
2.297806e+003,9.073460e+001
2.298288e+003,9.071442e+001
2.298770e+003,9.069286e+001
2.299252e+003,9.067091e+001
2.299734e+003,9.065026e+001
2.300216e+003,9.063249e+001
2.300698e+003,9.061837e+001
2.301180e+003,9.060743e+001
2.301663e+003,9.059790e+001
2.302145e+003,9.058788e+001
2.302627e+003,9.057602e+001
2.303109e+003,9.056219e+001
2.303591e+003,9.054755e+001
2.304073e+003,9.053381e+001
2.304555e+003,9.052246e+001
2.305038e+003,9.051392e+001
2.305520e+003,9.050752e+001
2.306002e+003,9.050184e+001
2.306484e+003,9.049542e+001
2.306966e+003,9.048733e+001
2.307448e+003,9.047730e+001
2.307930e+003,9.046550e+001
2.308412e+003,9.045185e+001
2.308895e+003,9.043575e+001
2.309377e+003,9.041621e+001
2.309859e+003,9.039227e+001
2.310341e+003,9.036372e+001
2.310823e+003,9.033134e+001
2.311305e+003,9.029681e+001
2.311787e+003,9.026193e+001
2.312269e+003,9.022783e+001
2.312751e+003,9.019458e+001
2.313234e+003,9.016136e+001
2.313716e+003,9.012723e+001
2.314198e+003,9.009193e+001
2.314680e+003,9.005633e+001
2.315162e+003,9.002212e+001
2.315644e+003,8.999096e+001
2.316126e+003,8.996357e+001
2.316608e+003,8.993910e+001
2.317091e+003,8.991538e+001
2.317573e+003,8.988977e+001
2.318055e+003,8.986031e+001
2.318537e+003,8.982652e+001
2.319019e+003,8.978930e+001
2.319501e+003,8.975025e+001
2.319983e+003,8.971054e+001
2.320466e+003,8.967020e+001
2.320948e+003,8.962840e+001
2.321430e+003,8.958450e+001
2.321912e+003,8.953963e+001
2.322394e+003,8.949746e+001
2.322876e+003,8.946355e+001
2.323358e+003,8.944377e+001
2.323840e+003,8.944185e+001
2.324323e+003,8.945784e+001
2.324805e+003,8.948770e+001
2.325287e+003,8.952480e+001
2.325769e+003,8.956145e+001
2.326251e+003,8.959131e+001
2.326733e+003,8.961019e+001
2.327215e+003,8.961665e+001
2.327697e+003,8.961095e+001
2.328179e+003,8.959451e+001
2.328662e+003,8.956873e+001
2.329144e+003,8.953505e+001
2.329626e+003,8.949514e+001
2.330108e+003,8.945168e+001
2.330590e+003,8.940818e+001
2.331072e+003,8.936870e+001
2.331554e+003,8.933656e+001
2.332036e+003,8.931321e+001
2.332519e+003,8.929762e+001
2.333001e+003,8.928674e+001
2.333483e+003,8.927645e+001
2.333965e+003,8.926296e+001
2.334447e+003,8.924348e+001
2.334929e+003,8.921655e+001
2.335411e+003,8.918170e+001
2.335894e+003,8.913914e+001
2.336375e+003,8.908932e+001
2.336858e+003,8.903336e+001
2.337340e+003,8.897321e+001
2.337822e+003,8.891202e+001
2.338304e+003,8.885359e+001
2.338786e+003,8.880170e+001
2.339268e+003,8.875908e+001
2.339750e+003,8.872663e+001
2.340233e+003,8.870351e+001
2.340715e+003,8.868770e+001
2.341197e+003,8.867710e+001
2.341679e+003,8.867036e+001
2.342161e+003,8.866689e+001
2.342643e+003,8.866649e+001
2.343125e+003,8.866818e+001
2.343607e+003,8.867004e+001
2.344090e+003,8.866946e+001
2.344572e+003,8.866435e+001
2.345054e+003,8.865480e+001
2.345536e+003,8.864342e+001
2.346018e+003,8.863445e+001
2.346500e+003,8.863181e+001
2.346982e+003,8.863731e+001
2.347464e+003,8.865038e+001
2.347947e+003,8.866827e+001
2.348429e+003,8.868729e+001
2.348911e+003,8.870368e+001
2.349393e+003,8.871429e+001
2.349875e+003,8.871701e+001
2.350357e+003,8.871082e+001
2.350839e+003,8.869600e+001
2.351322e+003,8.867377e+001
2.351803e+003,8.864611e+001
2.352286e+003,8.861515e+001
2.352768e+003,8.858289e+001
2.353250e+003,8.855099e+001
2.353732e+003,8.852063e+001
2.354214e+003,8.849261e+001
2.354696e+003,8.846719e+001
2.355178e+003,8.844376e+001
2.355661e+003,8.842059e+001
2.356143e+003,8.839533e+001
2.356625e+003,8.836573e+001
2.357107e+003,8.833086e+001
2.357589e+003,8.829156e+001
2.358071e+003,8.825066e+001
2.358553e+003,8.821143e+001
2.359035e+003,8.817712e+001
2.359518e+003,8.814938e+001
2.360000e+003,8.812836e+001
2.360482e+003,8.811339e+001
2.360964e+003,8.810371e+001
2.361446e+003,8.809898e+001
2.361928e+003,8.809917e+001
2.362410e+003,8.810361e+001
2.362892e+003,8.811053e+001
2.363375e+003,8.811690e+001
2.363857e+003,8.811951e+001
2.364339e+003,8.811642e+001
2.364821e+003,8.810802e+001
2.365303e+003,8.809695e+001
2.365785e+003,8.808694e+001
2.366267e+003,8.808094e+001
2.366750e+003,8.807956e+001
2.367232e+003,8.808067e+001
2.367714e+003,8.808020e+001
2.368196e+003,8.807387e+001
2.368678e+003,8.805914e+001
2.369160e+003,8.803608e+001
2.369642e+003,8.800759e+001
2.370124e+003,8.797800e+001
2.370606e+003,8.795175e+001
2.371089e+003,8.793224e+001
2.371571e+003,8.792091e+001
2.372053e+003,8.791742e+001
2.372535e+003,8.792011e+001
2.373017e+003,8.792655e+001
2.373499e+003,8.793422e+001
2.373981e+003,8.794072e+001
2.374463e+003,8.794405e+001
2.374946e+003,8.794284e+001
2.375428e+003,8.793663e+001
2.375910e+003,8.792593e+001
2.376392e+003,8.791218e+001
2.376874e+003,8.789735e+001
2.377356e+003,8.788336e+001
2.377838e+003,8.787160e+001
2.378321e+003,8.786257e+001
2.378802e+003,8.785579e+001
2.379285e+003,8.785026e+001
2.379767e+003,8.784481e+001
2.380249e+003,8.783847e+001
2.380731e+003,8.783086e+001
2.381213e+003,8.782189e+001
2.381695e+003,8.781181e+001
2.382177e+003,8.780082e+001
2.382660e+003,8.778895e+001
2.383142e+003,8.777618e+001
2.383624e+003,8.776242e+001
2.384106e+003,8.774775e+001
2.384588e+003,8.773226e+001
2.385070e+003,8.771607e+001
2.385552e+003,8.769925e+001
2.386034e+003,8.768163e+001
2.386517e+003,8.766293e+001
2.386999e+003,8.764277e+001
2.387481e+003,8.762093e+001
2.387963e+003,8.759725e+001
2.388445e+003,8.757182e+001
2.388927e+003,8.754467e+001
2.389409e+003,8.751568e+001
2.389891e+003,8.748454e+001
2.390374e+003,8.745078e+001
2.390856e+003,8.741409e+001
2.391338e+003,8.737453e+001
2.391820e+003,8.733265e+001
2.392302e+003,8.728939e+001
2.392784e+003,8.724590e+001
2.393266e+003,8.720316e+001
2.393749e+003,8.716179e+001
2.394230e+003,8.712196e+001
2.394713e+003,8.708359e+001
2.395195e+003,8.704652e+001
2.395677e+003,8.701074e+001
2.396159e+003,8.697635e+001
2.396641e+003,8.694337e+001
2.397123e+003,8.691164e+001
2.397605e+003,8.688069e+001
2.398088e+003,8.684970e+001
2.398570e+003,8.681801e+001
2.399052e+003,8.678514e+001
2.399534e+003,8.675125e+001
2.400016e+003,8.671691e+001
2.400498e+003,8.668282e+001
2.400980e+003,8.664943e+001
2.401462e+003,8.661661e+001
2.401945e+003,8.658373e+001
2.402427e+003,8.654978e+001
2.402909e+003,8.651386e+001
2.403391e+003,8.647549e+001
2.403873e+003,8.643461e+001
2.404355e+003,8.639156e+001
2.404837e+003,8.634662e+001
2.405319e+003,8.629993e+001
2.405802e+003,8.625136e+001
2.406284e+003,8.620090e+001
2.406766e+003,8.614905e+001
2.407248e+003,8.609691e+001
2.407730e+003,8.604630e+001
2.408212e+003,8.599916e+001
2.408694e+003,8.595702e+001
2.409177e+003,8.592035e+001
2.409658e+003,8.588847e+001
2.410141e+003,8.585980e+001
2.410623e+003,8.583245e+001
2.411105e+003,8.580491e+001
2.411587e+003,8.577650e+001
2.412069e+003,8.574738e+001
2.412551e+003,8.571814e+001
2.413033e+003,8.568925e+001
2.413516e+003,8.566073e+001
2.413998e+003,8.563190e+001
2.414480e+003,8.560186e+001
2.414962e+003,8.556989e+001
2.415444e+003,8.553576e+001
2.415926e+003,8.550008e+001
2.416408e+003,8.546387e+001
2.416890e+003,8.542837e+001
2.417373e+003,8.539455e+001
2.417855e+003,8.536287e+001
2.418337e+003,8.533325e+001
2.418819e+003,8.530536e+001
2.419301e+003,8.527858e+001
2.419783e+003,8.525237e+001
2.420265e+003,8.522598e+001
2.420747e+003,8.519859e+001
2.421229e+003,8.516926e+001
2.421712e+003,8.513716e+001
2.422194e+003,8.510199e+001
2.422676e+003,8.506409e+001
2.423158e+003,8.502460e+001
2.423640e+003,8.498515e+001
2.424122e+003,8.494746e+001
2.424604e+003,8.491277e+001
2.425086e+003,8.488152e+001
2.425569e+003,8.485329e+001
2.426051e+003,8.482716e+001
2.426533e+003,8.480199e+001
2.427015e+003,8.477708e+001
2.427497e+003,8.475198e+001
2.427979e+003,8.472665e+001
2.428461e+003,8.470093e+001
2.428944e+003,8.467446e+001
2.429426e+003,8.464646e+001
2.429908e+003,8.461617e+001
2.430390e+003,8.458289e+001
2.430872e+003,8.454644e+001
2.431354e+003,8.450739e+001
2.431836e+003,8.446670e+001
2.432318e+003,8.442570e+001
2.432801e+003,8.438561e+001
2.433283e+003,8.434750e+001
2.433765e+003,8.431219e+001
2.434247e+003,8.428012e+001
2.434729e+003,8.425152e+001
2.435211e+003,8.422618e+001
2.435693e+003,8.420330e+001
2.436175e+003,8.418153e+001
2.436657e+003,8.415910e+001
2.437140e+003,8.413419e+001
2.437622e+003,8.410555e+001
2.438104e+003,8.407296e+001
2.438586e+003,8.403734e+001
2.439068e+003,8.400052e+001
2.439550e+003,8.396458e+001
2.440032e+003,8.393126e+001
2.440514e+003,8.390146e+001
2.440997e+003,8.387531e+001
2.441479e+003,8.385250e+001
2.441961e+003,8.383292e+001
2.442443e+003,8.381702e+001
2.442925e+003,8.380598e+001
2.443407e+003,8.380116e+001
2.443889e+003,8.380350e+001
2.444372e+003,8.381297e+001
2.444854e+003,8.382829e+001
2.445336e+003,8.384727e+001
2.445818e+003,8.386759e+001
2.446300e+003,8.388744e+001
2.446782e+003,8.390602e+001
2.447264e+003,8.392368e+001
2.447746e+003,8.394144e+001
2.448229e+003,8.396033e+001
2.448711e+003,8.398098e+001
2.449193e+003,8.400342e+001
2.449675e+003,8.402723e+001
2.450157e+003,8.405191e+001
2.450639e+003,8.407722e+001
2.451121e+003,8.410329e+001
2.451604e+003,8.413047e+001
2.452085e+003,8.415923e+001
2.452568e+003,8.418970e+001
2.453050e+003,8.422196e+001
2.453532e+003,8.425593e+001
2.454014e+003,8.429166e+001
2.454496e+003,8.432946e+001
2.454978e+003,8.436979e+001
2.455460e+003,8.441316e+001
2.455943e+003,8.445959e+001
2.456425e+003,8.450865e+001
2.456907e+003,8.455936e+001
2.457389e+003,8.461047e+001
2.457871e+003,8.466072e+001
2.458353e+003,8.470921e+001
2.458835e+003,8.475536e+001
2.459317e+003,8.479910e+001
2.459800e+003,8.484057e+001
2.460282e+003,8.488006e+001
2.460764e+003,8.491785e+001
2.461246e+003,8.495428e+001
2.461728e+003,8.498957e+001
2.462210e+003,8.502394e+001
2.462692e+003,8.505730e+001
2.463174e+003,8.508932e+001
2.463656e+003,8.511943e+001
2.464139e+003,8.514685e+001
2.464621e+003,8.517103e+001
2.465103e+003,8.519175e+001
2.465585e+003,8.520934e+001
2.466067e+003,8.522459e+001
2.466549e+003,8.523847e+001
2.467031e+003,8.525176e+001
2.467513e+003,8.526478e+001
2.467996e+003,8.527721e+001
2.468478e+003,8.528838e+001
2.468960e+003,8.529735e+001
2.469442e+003,8.530340e+001
2.469924e+003,8.530611e+001
2.470406e+003,8.530531e+001
2.470888e+003,8.530106e+001
2.471371e+003,8.529329e+001
2.471853e+003,8.528188e+001
2.472335e+003,8.526655e+001
2.472817e+003,8.524718e+001
2.473299e+003,8.522395e+001
2.473781e+003,8.519746e+001
2.474263e+003,8.516858e+001
2.474745e+003,8.513840e+001
2.475228e+003,8.510773e+001
2.475710e+003,8.507714e+001
2.476192e+003,8.504673e+001
2.476674e+003,8.501637e+001
2.477156e+003,8.498584e+001
2.477638e+003,8.495500e+001
2.478120e+003,8.492393e+001
2.478602e+003,8.489291e+001
2.479084e+003,8.486215e+001
2.479567e+003,8.483164e+001
2.480049e+003,8.480125e+001
2.480531e+003,8.477065e+001
2.481013e+003,8.473962e+001
2.481495e+003,8.470824e+001
2.481977e+003,8.467696e+001
2.482459e+003,8.464669e+001
2.482941e+003,8.461833e+001
2.483424e+003,8.459272e+001
2.483906e+003,8.457012e+001
2.484388e+003,8.455021e+001
2.484870e+003,8.453207e+001
2.485352e+003,8.451453e+001
2.485834e+003,8.449643e+001
2.486316e+003,8.447713e+001
2.486799e+003,8.445666e+001
2.487281e+003,8.443562e+001
2.487763e+003,8.441508e+001
2.488245e+003,8.439603e+001
2.488727e+003,8.437916e+001
2.489209e+003,8.436454e+001
2.489691e+003,8.435162e+001
2.490173e+003,8.433940e+001
2.490656e+003,8.432687e+001
2.491138e+003,8.431323e+001
2.491620e+003,8.429820e+001
2.492102e+003,8.428204e+001
2.492584e+003,8.426533e+001
2.493066e+003,8.424885e+001
2.493548e+003,8.423327e+001
2.494030e+003,8.421917e+001
2.494512e+003,8.420695e+001
2.494995e+003,8.419695e+001
2.495477e+003,8.418938e+001
2.495959e+003,8.418436e+001
2.496441e+003,8.418173e+001
2.496923e+003,8.418087e+001
2.497405e+003,8.418081e+001
2.497887e+003,8.418036e+001
2.498370e+003,8.417844e+001
2.498852e+003,8.417455e+001
2.499334e+003,8.416891e+001
2.499816e+003,8.416264e+001
2.500298e+003,8.415723e+001
2.500780e+003,8.415436e+001
2.501262e+003,8.415527e+001
2.501744e+003,8.416051e+001
2.502227e+003,8.417000e+001
2.502709e+003,8.418315e+001
2.503191e+003,8.419916e+001
2.503673e+003,8.421723e+001
2.504155e+003,8.423665e+001
2.504637e+003,8.425673e+001
2.505119e+003,8.427667e+001
2.505601e+003,8.429573e+001
2.506083e+003,8.431340e+001
2.506566e+003,8.432958e+001
2.507048e+003,8.434484e+001
2.507530e+003,8.436026e+001
2.508012e+003,8.437706e+001
2.508494e+003,8.439616e+001
2.508976e+003,8.441771e+001
2.509458e+003,8.444099e+001
2.509940e+003,8.446471e+001
2.510423e+003,8.448757e+001
2.510905e+003,8.450893e+001
2.511387e+003,8.452910e+001
2.511869e+003,8.454935e+001
2.512351e+003,8.457128e+001
2.512833e+003,8.459629e+001
2.513315e+003,8.462498e+001
2.513798e+003,8.465717e+001
2.514280e+003,8.469206e+001
2.514762e+003,8.472890e+001
2.515244e+003,8.476736e+001
2.515726e+003,8.480758e+001
2.516208e+003,8.484995e+001
2.516690e+003,8.489468e+001
2.517172e+003,8.494117e+001
2.517655e+003,8.498814e+001
2.518137e+003,8.503392e+001
2.518619e+003,8.507701e+001
2.519101e+003,8.511670e+001
2.519583e+003,8.515324e+001
2.520065e+003,8.518762e+001
2.520547e+003,8.522091e+001
2.521029e+003,8.525361e+001
2.521511e+003,8.528545e+001
2.521994e+003,8.531544e+001
2.522476e+003,8.534245e+001
2.522958e+003,8.536595e+001
2.523440e+003,8.538631e+001
2.523922e+003,8.540485e+001
2.524404e+003,8.542333e+001
2.524886e+003,8.544334e+001
2.525368e+003,8.546583e+001
2.525851e+003,8.549078e+001
2.526333e+003,8.551753e+001
2.526815e+003,8.554512e+001
2.527297e+003,8.557278e+001
2.527779e+003,8.560003e+001
2.528261e+003,8.562656e+001
2.528743e+003,8.565209e+001
2.529226e+003,8.567628e+001
2.529708e+003,8.569872e+001
2.530190e+003,8.571926e+001
2.530672e+003,8.573843e+001
2.531154e+003,8.575739e+001
2.531636e+003,8.577795e+001
2.532118e+003,8.580183e+001
2.532600e+003,8.583032e+001
2.533083e+003,8.586347e+001
2.533565e+003,8.590034e+001
2.534047e+003,8.593909e+001
2.534529e+003,8.597771e+001
2.535011e+003,8.601459e+001
2.535493e+003,8.604882e+001
2.535975e+003,8.608039e+001
2.536457e+003,8.610975e+001
2.536939e+003,8.613751e+001
2.537422e+003,8.616411e+001
2.537904e+003,8.618972e+001
2.538386e+003,8.621432e+001
2.538868e+003,8.623784e+001
2.539350e+003,8.626026e+001
2.539832e+003,8.628155e+001
2.540314e+003,8.630171e+001
2.540796e+003,8.632066e+001
2.541279e+003,8.633826e+001
2.541761e+003,8.635441e+001
2.542243e+003,8.636913e+001
2.542725e+003,8.638271e+001
2.543207e+003,8.639550e+001
2.543689e+003,8.640771e+001
2.544171e+003,8.641941e+001
2.544654e+003,8.643015e+001
2.545135e+003,8.643934e+001
2.545618e+003,8.644637e+001
2.546100e+003,8.645095e+001
2.546582e+003,8.645329e+001
2.547064e+003,8.645403e+001
2.547546e+003,8.645414e+001
2.548028e+003,8.645465e+001
2.548510e+003,8.645637e+001
2.548993e+003,8.645991e+001
2.549475e+003,8.646574e+001
2.549957e+003,8.647422e+001
2.550439e+003,8.648571e+001
2.550921e+003,8.650031e+001
2.551403e+003,8.651779e+001
2.551885e+003,8.653737e+001
2.552367e+003,8.655758e+001
2.552850e+003,8.657678e+001
2.553332e+003,8.659345e+001
2.553814e+003,8.660677e+001
2.554296e+003,8.661678e+001
2.554778e+003,8.662449e+001
2.555260e+003,8.663140e+001
2.555742e+003,8.663905e+001
2.556224e+003,8.664860e+001
2.556707e+003,8.666047e+001
2.557189e+003,8.667455e+001
2.557671e+003,8.669051e+001
2.558153e+003,8.670799e+001
2.558635e+003,8.672694e+001
2.559117e+003,8.674749e+001
2.559599e+003,8.676982e+001
2.560082e+003,8.679372e+001
2.560563e+003,8.681865e+001
2.561046e+003,8.684358e+001
2.561528e+003,8.686737e+001
2.562010e+003,8.688914e+001
2.562492e+003,8.690838e+001
2.562974e+003,8.692528e+001
2.563456e+003,8.694050e+001
2.563938e+003,8.695490e+001
2.564421e+003,8.696936e+001
2.564903e+003,8.698450e+001
2.565385e+003,8.700048e+001
2.565867e+003,8.701717e+001
2.566349e+003,8.703410e+001
2.566831e+003,8.705074e+001
2.567313e+003,8.706661e+001
2.567795e+003,8.708141e+001
2.568278e+003,8.709519e+001
2.568760e+003,8.710825e+001
2.569242e+003,8.712115e+001
2.569724e+003,8.713448e+001
2.570206e+003,8.714886e+001
2.570688e+003,8.716459e+001
2.571170e+003,8.718176e+001
2.571652e+003,8.720022e+001
2.572135e+003,8.721974e+001
2.572617e+003,8.723999e+001
2.573099e+003,8.726069e+001
2.573581e+003,8.728155e+001
2.574063e+003,8.730210e+001
2.574545e+003,8.732172e+001
2.575027e+003,8.733963e+001
2.575510e+003,8.735499e+001
2.575991e+003,8.736726e+001
2.576474e+003,8.737630e+001
2.576956e+003,8.738253e+001
2.577438e+003,8.738675e+001
2.577920e+003,8.738998e+001
2.578402e+003,8.739304e+001
2.578884e+003,8.739634e+001
2.579366e+003,8.739985e+001
2.579849e+003,8.740320e+001
2.580331e+003,8.740587e+001
2.580813e+003,8.740750e+001
2.581295e+003,8.740794e+001
2.581777e+003,8.740718e+001
2.582259e+003,8.740524e+001
2.582741e+003,8.740205e+001
2.583223e+003,8.739723e+001
2.583706e+003,8.739046e+001
2.584188e+003,8.738143e+001
2.584670e+003,8.737012e+001
2.585152e+003,8.735683e+001
2.585634e+003,8.734212e+001
2.586116e+003,8.732677e+001
2.586598e+003,8.731141e+001
2.587080e+003,8.729651e+001
2.587563e+003,8.728227e+001
2.588045e+003,8.726866e+001
2.588527e+003,8.725542e+001
2.589009e+003,8.724218e+001
2.589491e+003,8.722836e+001
2.589973e+003,8.721320e+001
2.590455e+003,8.719588e+001
2.590938e+003,8.717558e+001
2.591419e+003,8.715178e+001
2.591902e+003,8.712440e+001
2.592384e+003,8.709399e+001
2.592866e+003,8.706157e+001
2.593348e+003,8.702853e+001
2.593830e+003,8.699625e+001
2.594312e+003,8.696580e+001
2.594794e+003,8.693775e+001
2.595277e+003,8.691219e+001
2.595759e+003,8.688871e+001
2.596241e+003,8.686664e+001
2.596723e+003,8.684525e+001
2.597205e+003,8.682376e+001
2.597687e+003,8.680155e+001
2.598169e+003,8.677825e+001
2.598651e+003,8.675367e+001
2.599134e+003,8.672790e+001
2.599616e+003,8.670127e+001
2.600098e+003,8.667429e+001
2.600580e+003,8.664732e+001
2.601062e+003,8.662057e+001
2.601544e+003,8.659387e+001
2.602026e+003,8.656682e+001
2.602508e+003,8.653882e+001
2.602990e+003,8.650949e+001
2.603473e+003,8.647877e+001
2.603955e+003,8.644704e+001
2.604437e+003,8.641507e+001
2.604919e+003,8.638373e+001
2.605401e+003,8.635356e+001
2.605883e+003,8.632484e+001
2.606365e+003,8.629729e+001
2.606847e+003,8.627054e+001
2.607330e+003,8.624419e+001
2.607812e+003,8.621830e+001
2.608294e+003,8.619327e+001
2.608776e+003,8.616974e+001
2.609258e+003,8.614838e+001
2.609740e+003,8.612956e+001
2.610222e+003,8.611312e+001
2.610705e+003,8.609837e+001
2.611187e+003,8.608434e+001
2.611669e+003,8.607005e+001
2.612151e+003,8.605479e+001
2.612633e+003,8.603835e+001
2.613115e+003,8.602087e+001
2.613597e+003,8.600286e+001
2.614079e+003,8.598501e+001
2.614562e+003,8.596784e+001
2.615044e+003,8.595177e+001
2.615526e+003,8.593697e+001
2.616008e+003,8.592336e+001
2.616490e+003,8.591074e+001
2.616972e+003,8.589886e+001
2.617454e+003,8.588757e+001
2.617936e+003,8.587696e+001
2.618418e+003,8.586727e+001
2.618901e+003,8.585896e+001
2.619383e+003,8.585252e+001
2.619865e+003,8.584822e+001
2.620347e+003,8.584596e+001
2.620829e+003,8.584527e+001
2.621311e+003,8.584530e+001
2.621793e+003,8.584527e+001
2.622276e+003,8.584473e+001
2.622758e+003,8.584384e+001
2.623240e+003,8.584334e+001
2.623722e+003,8.584447e+001
2.624204e+003,8.584848e+001
2.624686e+003,8.585622e+001
2.625168e+003,8.586786e+001
2.625650e+003,8.588290e+001
2.626133e+003,8.590036e+001
2.626615e+003,8.591895e+001
2.627097e+003,8.593762e+001
2.627579e+003,8.595553e+001
2.628061e+003,8.597212e+001
2.628543e+003,8.598696e+001
2.629025e+003,8.599965e+001
2.629507e+003,8.600971e+001
2.629990e+003,8.601675e+001
2.630472e+003,8.602053e+001
2.630954e+003,8.602111e+001
2.631436e+003,8.601888e+001
2.631918e+003,8.601433e+001
2.632400e+003,8.600787e+001
2.632882e+003,8.599965e+001
2.633364e+003,8.598958e+001
2.633846e+003,8.597735e+001
2.634329e+003,8.596274e+001
2.634811e+003,8.594583e+001
2.635293e+003,8.592709e+001
2.635775e+003,8.590733e+001
2.636257e+003,8.588736e+001
2.636739e+003,8.586785e+001
2.637221e+003,8.584904e+001
2.637704e+003,8.583080e+001
2.638186e+003,8.581261e+001
2.638668e+003,8.579391e+001
2.639150e+003,8.577422e+001
2.639632e+003,8.575321e+001
2.640114e+003,8.573076e+001
2.640596e+003,8.570695e+001
2.641078e+003,8.568195e+001
2.641561e+003,8.565599e+001
2.642043e+003,8.562936e+001
2.642525e+003,8.560242e+001
2.643007e+003,8.557545e+001
2.643489e+003,8.554865e+001
2.643971e+003,8.552197e+001
2.644453e+003,8.549507e+001
2.644935e+003,8.546746e+001
2.645417e+003,8.543856e+001
2.645900e+003,8.540800e+001
2.646382e+003,8.537569e+001
2.646864e+003,8.534184e+001
2.647346e+003,8.530689e+001
2.647828e+003,8.527129e+001
2.648310e+003,8.523535e+001
2.648792e+003,8.519913e+001
2.649274e+003,8.516257e+001
2.649757e+003,8.512553e+001
2.650239e+003,8.508810e+001
2.650721e+003,8.505058e+001
2.651203e+003,8.501345e+001
2.651685e+003,8.497724e+001
2.652167e+003,8.494229e+001
2.652649e+003,8.490865e+001
2.653132e+003,8.487602e+001
2.653614e+003,8.484395e+001
2.654096e+003,8.481199e+001
2.654578e+003,8.477985e+001
2.655060e+003,8.474752e+001
2.655542e+003,8.471524e+001
2.656024e+003,8.468340e+001
2.656506e+003,8.465248e+001
2.656989e+003,8.462296e+001
2.657471e+003,8.459527e+001
2.657953e+003,8.456983e+001
2.658435e+003,8.454697e+001
2.658917e+003,8.452686e+001
2.659399e+003,8.450948e+001
2.659881e+003,8.449455e+001
2.660363e+003,8.448152e+001
2.660845e+003,8.446980e+001
2.661328e+003,8.445883e+001
2.661810e+003,8.444839e+001
2.662292e+003,8.443846e+001
2.662774e+003,8.442944e+001
2.663256e+003,8.442172e+001
2.663738e+003,8.441561e+001
2.664220e+003,8.441116e+001
2.664702e+003,8.440804e+001
2.665185e+003,8.440572e+001
2.665667e+003,8.440366e+001
2.666149e+003,8.440133e+001
2.666631e+003,8.439842e+001
2.667113e+003,8.439485e+001
2.667595e+003,8.439068e+001
2.668077e+003,8.438596e+001
2.668560e+003,8.438076e+001
2.669042e+003,8.437512e+001
2.669524e+003,8.436910e+001
2.670006e+003,8.436276e+001
2.670488e+003,8.435609e+001
2.670970e+003,8.434908e+001
2.671452e+003,8.434155e+001
2.671934e+003,8.433324e+001
2.672417e+003,8.432376e+001
2.672899e+003,8.431286e+001
2.673381e+003,8.430040e+001
2.673863e+003,8.428646e+001
2.674345e+003,8.427130e+001
2.674827e+003,8.425510e+001
2.675309e+003,8.423796e+001
2.675791e+003,8.421970e+001
2.676273e+003,8.419994e+001
2.676756e+003,8.417831e+001
2.677238e+003,8.415459e+001
2.677720e+003,8.412880e+001
2.678202e+003,8.410136e+001
2.678684e+003,8.407289e+001
2.679166e+003,8.404401e+001
2.679648e+003,8.401517e+001
2.680130e+003,8.398660e+001
2.680613e+003,8.395821e+001
2.681095e+003,8.392989e+001
2.681577e+003,8.390140e+001
2.682059e+003,8.387267e+001
2.682541e+003,8.384369e+001
2.683023e+003,8.381449e+001
2.683505e+003,8.378496e+001
2.683988e+003,8.375507e+001
2.684469e+003,8.372463e+001
2.684952e+003,8.369373e+001
2.685434e+003,8.366259e+001
2.685916e+003,8.363178e+001
2.686398e+003,8.360213e+001
2.686880e+003,8.357450e+001
2.687362e+003,8.354967e+001
2.687844e+003,8.352812e+001
2.688327e+003,8.350988e+001
2.688809e+003,8.349464e+001
2.689291e+003,8.348172e+001
2.689773e+003,8.347038e+001
2.690255e+003,8.345986e+001
2.690737e+003,8.344958e+001
2.691219e+003,8.343927e+001
2.691701e+003,8.342894e+001
2.692184e+003,8.341894e+001
2.692666e+003,8.340992e+001
2.693148e+003,8.340264e+001
2.693630e+003,8.339777e+001
2.694112e+003,8.339573e+001
2.694594e+003,8.339651e+001
2.695076e+003,8.339970e+001
2.695558e+003,8.340459e+001
2.696041e+003,8.341042e+001
2.696523e+003,8.341660e+001
2.697005e+003,8.342294e+001
2.697487e+003,8.342968e+001
2.697969e+003,8.343732e+001
2.698451e+003,8.344650e+001
2.698933e+003,8.345766e+001
2.699416e+003,8.347105e+001
2.699897e+003,8.348653e+001
2.700380e+003,8.350381e+001
2.700862e+003,8.352254e+001
2.701344e+003,8.354238e+001
2.701826e+003,8.356315e+001
2.702308e+003,8.358473e+001
2.702790e+003,8.360709e+001
2.703272e+003,8.363013e+001
2.703755e+003,8.365366e+001
2.704237e+003,8.367738e+001
2.704719e+003,8.370092e+001
2.705201e+003,8.372385e+001
2.705683e+003,8.374577e+001
2.706165e+003,8.376627e+001
2.706647e+003,8.378515e+001
2.707129e+003,8.380239e+001
2.707612e+003,8.381825e+001
2.708094e+003,8.383322e+001
2.708576e+003,8.384796e+001
2.709058e+003,8.386303e+001
2.709540e+003,8.387875e+001
2.710022e+003,8.389508e+001
2.710504e+003,8.391158e+001
2.710986e+003,8.392762e+001
2.711469e+003,8.394249e+001
2.711951e+003,8.395577e+001
2.712433e+003,8.396745e+001
2.712915e+003,8.397790e+001
2.713397e+003,8.398774e+001
2.713879e+003,8.399773e+001
2.714361e+003,8.400848e+001
2.714844e+003,8.402036e+001
2.715325e+003,8.403345e+001
2.715808e+003,8.404763e+001
2.716290e+003,8.406267e+001
2.716772e+003,8.407813e+001
2.717254e+003,8.409354e+001
2.717736e+003,8.410837e+001
2.718218e+003,8.412212e+001
2.718700e+003,8.413450e+001
2.719183e+003,8.414552e+001
2.719665e+003,8.415562e+001
2.720147e+003,8.416559e+001
2.720629e+003,8.417638e+001
2.721111e+003,8.418879e+001
2.721593e+003,8.420327e+001
2.722075e+003,8.421968e+001
2.722557e+003,8.423744e+001
2.723040e+003,8.425571e+001
2.723522e+003,8.427370e+001
2.724004e+003,8.429093e+001
2.724486e+003,8.430737e+001
2.724968e+003,8.432323e+001
2.725450e+003,8.433894e+001
2.725932e+003,8.435477e+001
2.726414e+003,8.437074e+001
2.726896e+003,8.438668e+001
2.727379e+003,8.440216e+001
2.727861e+003,8.441673e+001
2.728343e+003,8.442998e+001
2.728825e+003,8.444150e+001
2.729307e+003,8.445097e+001
2.729789e+003,8.445800e+001
2.730271e+003,8.446227e+001
2.730753e+003,8.446357e+001
2.731236e+003,8.446195e+001
2.731718e+003,8.445772e+001
2.732200e+003,8.445146e+001
2.732682e+003,8.444380e+001
2.733164e+003,8.443530e+001
2.733646e+003,8.442627e+001
2.734128e+003,8.441671e+001
2.734611e+003,8.440640e+001
2.735093e+003,8.439507e+001
2.735575e+003,8.438256e+001
2.736057e+003,8.436890e+001
2.736539e+003,8.435423e+001
2.737021e+003,8.433891e+001
2.737503e+003,8.432311e+001
2.737985e+003,8.430704e+001
2.738468e+003,8.429085e+001
2.738950e+003,8.427474e+001
2.739432e+003,8.425909e+001
2.739914e+003,8.424435e+001
2.740396e+003,8.423101e+001
2.740878e+003,8.421950e+001
2.741360e+003,8.421000e+001
2.741842e+003,8.420233e+001
2.742324e+003,8.419615e+001
2.742807e+003,8.419103e+001
2.743289e+003,8.418662e+001
2.743771e+003,8.418278e+001
2.744253e+003,8.417953e+001
2.744735e+003,8.417709e+001
2.745217e+003,8.417561e+001
2.745699e+003,8.417529e+001
2.746182e+003,8.417622e+001
2.746664e+003,8.417850e+001
2.747146e+003,8.418240e+001
2.747628e+003,8.418806e+001
2.748110e+003,8.419582e+001
2.748592e+003,8.420585e+001
2.749074e+003,8.421820e+001
2.749556e+003,8.423275e+001
2.750039e+003,8.424931e+001
2.750521e+003,8.426758e+001
2.751003e+003,8.428747e+001
2.751485e+003,8.430876e+001
2.751967e+003,8.433138e+001
2.752449e+003,8.435497e+001
2.752931e+003,8.437910e+001
2.753413e+003,8.440315e+001
2.753896e+003,8.442657e+001
2.754378e+003,8.444897e+001
2.754860e+003,8.447034e+001
2.755342e+003,8.449106e+001
2.755824e+003,8.451167e+001
2.756306e+003,8.453275e+001
2.756788e+003,8.455466e+001
2.757270e+003,8.457735e+001
2.757752e+003,8.460046e+001
2.758235e+003,8.462349e+001
2.758717e+003,8.464603e+001
2.759199e+003,8.466794e+001
2.759681e+003,8.468935e+001
2.760163e+003,8.471071e+001
2.760645e+003,8.473253e+001
2.761127e+003,8.475530e+001
2.761610e+003,8.477932e+001
2.762092e+003,8.480479e+001
2.762574e+003,8.483177e+001
2.763056e+003,8.486024e+001
2.763538e+003,8.489020e+001
2.764020e+003,8.492161e+001
2.764502e+003,8.495444e+001
2.764984e+003,8.498866e+001
2.765467e+003,8.502428e+001
2.765949e+003,8.506125e+001
2.766431e+003,8.509972e+001
2.766913e+003,8.513969e+001
2.767395e+003,8.518118e+001
2.767877e+003,8.522398e+001
2.768359e+003,8.526775e+001
2.768841e+003,8.531204e+001
2.769323e+003,8.535644e+001
2.769806e+003,8.540066e+001
2.770288e+003,8.544469e+001
2.770770e+003,8.548873e+001
2.771252e+003,8.553310e+001
2.771734e+003,8.557814e+001
2.772216e+003,8.562405e+001
2.772698e+003,8.567091e+001
2.773180e+003,8.571874e+001
2.773663e+003,8.576755e+001
2.774145e+003,8.581741e+001
2.774627e+003,8.586848e+001
2.775109e+003,8.592070e+001
2.775591e+003,8.597378e+001
2.776073e+003,8.602713e+001
2.776555e+003,8.607985e+001
2.777038e+003,8.613097e+001
2.777520e+003,8.617976e+001
2.778002e+003,8.622585e+001
2.778484e+003,8.626947e+001
2.778966e+003,8.631111e+001
2.779448e+003,8.635161e+001
2.779930e+003,8.639157e+001
2.780412e+003,8.643142e+001
2.780895e+003,8.647120e+001
2.781377e+003,8.651064e+001
2.781859e+003,8.654934e+001
2.782341e+003,8.658673e+001
2.782823e+003,8.662226e+001
2.783305e+003,8.665540e+001
2.783787e+003,8.668569e+001
2.784269e+003,8.671277e+001
2.784751e+003,8.673647e+001
2.785234e+003,8.675702e+001
2.785716e+003,8.677482e+001
2.786198e+003,8.679053e+001
2.786680e+003,8.680486e+001
2.787162e+003,8.681829e+001
2.787644e+003,8.683102e+001
2.788126e+003,8.684288e+001
2.788608e+003,8.685339e+001
2.789091e+003,8.686214e+001
2.789573e+003,8.686869e+001
2.790055e+003,8.687295e+001
2.790537e+003,8.687495e+001
2.791019e+003,8.687492e+001
2.791501e+003,8.687305e+001
2.791983e+003,8.686953e+001
2.792466e+003,8.686452e+001
2.792948e+003,8.685822e+001
2.793430e+003,8.685089e+001
2.793912e+003,8.684285e+001
2.794394e+003,8.683446e+001
2.794876e+003,8.682596e+001
2.795358e+003,8.681746e+001
2.795840e+003,8.680895e+001
2.796323e+003,8.680046e+001
2.796805e+003,8.679208e+001
2.797287e+003,8.678415e+001
2.797769e+003,8.677707e+001
2.798251e+003,8.677124e+001
2.798733e+003,8.676699e+001
2.799215e+003,8.676424e+001
2.799697e+003,8.676272e+001
2.800179e+003,8.676205e+001
2.800662e+003,8.676200e+001
2.801144e+003,8.676253e+001
2.801626e+003,8.676394e+001
2.802108e+003,8.676659e+001
2.802590e+003,8.677084e+001
2.803072e+003,8.677665e+001
2.803554e+003,8.678387e+001
2.804036e+003,8.679211e+001
2.804519e+003,8.680117e+001
2.805001e+003,8.681124e+001
2.805483e+003,8.682288e+001
2.805965e+003,8.683700e+001
2.806447e+003,8.685440e+001
2.806929e+003,8.687548e+001
2.807411e+003,8.690010e+001
2.807894e+003,8.692745e+001
2.808375e+003,8.695657e+001
2.808858e+003,8.698644e+001
2.809340e+003,8.701648e+001
2.809822e+003,8.704660e+001
2.810304e+003,8.707706e+001
2.810786e+003,8.710824e+001
2.811268e+003,8.714034e+001
2.811750e+003,8.717321e+001
2.812233e+003,8.720648e+001
2.812715e+003,8.723956e+001
2.813197e+003,8.727216e+001
2.813679e+003,8.730416e+001
2.814161e+003,8.733588e+001
2.814643e+003,8.736782e+001
2.815125e+003,8.740049e+001
2.815607e+003,8.743416e+001
2.816090e+003,8.746883e+001
2.816572e+003,8.750420e+001
2.817054e+003,8.753973e+001
2.817536e+003,8.757482e+001
2.818018e+003,8.760896e+001
2.818500e+003,8.764175e+001
2.818982e+003,8.767296e+001
2.819464e+003,8.770249e+001
2.819947e+003,8.773055e+001
2.820429e+003,8.775739e+001
2.820911e+003,8.778346e+001
2.821393e+003,8.780913e+001
2.821875e+003,8.783473e+001
2.822357e+003,8.786037e+001
2.822839e+003,8.788585e+001
2.823322e+003,8.791071e+001
2.823803e+003,8.793438e+001
2.824286e+003,8.795625e+001
2.824768e+003,8.797593e+001
2.825250e+003,8.799319e+001
2.825732e+003,8.800803e+001
2.826214e+003,8.802067e+001
2.826696e+003,8.803133e+001
2.827178e+003,8.804030e+001
2.827661e+003,8.804770e+001
2.828143e+003,8.805370e+001
2.828625e+003,8.805835e+001
2.829107e+003,8.806161e+001
2.829589e+003,8.806346e+001
2.830071e+003,8.806365e+001
2.830553e+003,8.806193e+001
2.831035e+003,8.805795e+001
2.831518e+003,8.805140e+001
2.832000e+003,8.804195e+001
2.832482e+003,8.802952e+001
2.832964e+003,8.801408e+001
2.833446e+003,8.799567e+001
2.833928e+003,8.797434e+001
2.834410e+003,8.795011e+001
2.834892e+003,8.792279e+001
2.835375e+003,8.789213e+001
2.835857e+003,8.785767e+001
2.836339e+003,8.781902e+001
2.836821e+003,8.777557e+001
2.837303e+003,8.772693e+001
2.837785e+003,8.767268e+001
2.838267e+003,8.761251e+001
2.838750e+003,8.754628e+001
2.839231e+003,8.747392e+001
2.839714e+003,8.739542e+001
2.840196e+003,8.731081e+001
2.840678e+003,8.721997e+001
2.841160e+003,8.712264e+001
2.841642e+003,8.701852e+001
2.842124e+003,8.690727e+001
2.842606e+003,8.678870e+001
2.843089e+003,8.666309e+001
2.843571e+003,8.653136e+001
2.844053e+003,8.639523e+001
2.844535e+003,8.625738e+001
2.845017e+003,8.612144e+001
2.845499e+003,8.599183e+001
2.845981e+003,8.587362e+001
2.846463e+003,8.577218e+001
2.846946e+003,8.569284e+001
2.847428e+003,8.564034e+001
2.847910e+003,8.561847e+001
2.848392e+003,8.562959e+001
2.848874e+003,8.567427e+001
2.849356e+003,8.575117e+001
2.849838e+003,8.585712e+001
2.850320e+003,8.598740e+001
2.850802e+003,8.613635e+001
2.851285e+003,8.629772e+001
2.851767e+003,8.646531e+001
2.852249e+003,8.663322e+001
2.852731e+003,8.679628e+001
2.853213e+003,8.695025e+001
2.853695e+003,8.709187e+001
2.854177e+003,8.721916e+001
2.854659e+003,8.733132e+001
2.855142e+003,8.742865e+001
2.855624e+003,8.751231e+001
2.856106e+003,8.758407e+001
2.856588e+003,8.764581e+001
2.857070e+003,8.769955e+001
2.857552e+003,8.774724e+001
2.858034e+003,8.779081e+001
2.858517e+003,8.783229e+001
2.858999e+003,8.787377e+001
2.859481e+003,8.791724e+001
2.859963e+003,8.796436e+001
2.860445e+003,8.801617e+001
2.860927e+003,8.807279e+001
2.861409e+003,8.813349e+001
2.861891e+003,8.819675e+001
2.862374e+003,8.826060e+001
2.862856e+003,8.832295e+001
2.863338e+003,8.838205e+001
2.863820e+003,8.843644e+001
2.864302e+003,8.848513e+001
2.864784e+003,8.852753e+001
2.865266e+003,8.856323e+001
2.865748e+003,8.859198e+001
2.866230e+003,8.861356e+001
2.866713e+003,8.862775e+001
2.867195e+003,8.863422e+001
2.867677e+003,8.863251e+001
2.868159e+003,8.862210e+001
2.868641e+003,8.860240e+001
2.869123e+003,8.857312e+001
2.869605e+003,8.853445e+001
2.870088e+003,8.848736e+001
2.870570e+003,8.843384e+001
2.871052e+003,8.837681e+001
2.871534e+003,8.831987e+001
2.872016e+003,8.826694e+001
2.872498e+003,8.822168e+001
2.872980e+003,8.818707e+001
2.873462e+003,8.816512e+001
2.873945e+003,8.815675e+001
2.874427e+003,8.816177e+001
2.874909e+003,8.817908e+001
2.875391e+003,8.820701e+001
2.875873e+003,8.824339e+001
2.876355e+003,8.828602e+001
2.876837e+003,8.833270e+001
2.877319e+003,8.838156e+001
2.877802e+003,8.843112e+001
2.878284e+003,8.848022e+001
2.878766e+003,8.852799e+001
2.879248e+003,8.857373e+001
2.879730e+003,8.861668e+001
2.880212e+003,8.865614e+001
2.880694e+003,8.869135e+001
2.881176e+003,8.872189e+001
2.881658e+003,8.874758e+001
2.882141e+003,8.876872e+001
2.882623e+003,8.878589e+001
2.883105e+003,8.879984e+001
2.883587e+003,8.881132e+001
2.884069e+003,8.882074e+001
2.884551e+003,8.882841e+001
2.885033e+003,8.883447e+001
2.885516e+003,8.883910e+001
2.885998e+003,8.884262e+001
2.886480e+003,8.884558e+001
2.886962e+003,8.884850e+001
2.887444e+003,8.885177e+001
2.887926e+003,8.885540e+001
2.888408e+003,8.885889e+001
2.888890e+003,8.886140e+001
2.889373e+003,8.886186e+001
2.889855e+003,8.885934e+001
2.890337e+003,8.885309e+001
2.890819e+003,8.884278e+001
2.891301e+003,8.882847e+001
2.891783e+003,8.881046e+001
2.892265e+003,8.878931e+001
2.892747e+003,8.876570e+001
2.893229e+003,8.874059e+001
2.893712e+003,8.871502e+001
2.894194e+003,8.869012e+001
2.894676e+003,8.866687e+001
2.895158e+003,8.864587e+001
2.895640e+003,8.862718e+001
2.896122e+003,8.861025e+001
2.896604e+003,8.859404e+001
2.897086e+003,8.857741e+001
2.897569e+003,8.855927e+001
2.898051e+003,8.853903e+001
2.898533e+003,8.851658e+001
2.899015e+003,8.849211e+001
2.899497e+003,8.846597e+001
2.899979e+003,8.843832e+001
2.900461e+003,8.840886e+001
2.900944e+003,8.837685e+001
2.901426e+003,8.834113e+001
2.901908e+003,8.830022e+001
2.902390e+003,8.825259e+001
2.902872e+003,8.819671e+001
2.903354e+003,8.813113e+001
2.903836e+003,8.805445e+001
2.904318e+003,8.796546e+001
2.904801e+003,8.786325e+001
2.905283e+003,8.774754e+001
2.905765e+003,8.761909e+001
2.906247e+003,8.748010e+001
2.906729e+003,8.733459e+001
2.907211e+003,8.718829e+001
2.907693e+003,8.704857e+001
2.908175e+003,8.692353e+001
2.908657e+003,8.682112e+001
2.909140e+003,8.674802e+001
2.909622e+003,8.670849e+001
2.910104e+003,8.670364e+001
2.910586e+003,8.673122e+001
2.911068e+003,8.678600e+001
2.911550e+003,8.686038e+001
2.912032e+003,8.694593e+001
2.912514e+003,8.703434e+001
2.912997e+003,8.711849e+001
2.913479e+003,8.719308e+001
2.913961e+003,8.725461e+001
2.914443e+003,8.730109e+001
2.914925e+003,8.733173e+001
2.915407e+003,8.734641e+001
2.915889e+003,8.734550e+001
2.916372e+003,8.732977e+001
2.916854e+003,8.730013e+001
2.917336e+003,8.725778e+001
2.917818e+003,8.720389e+001
2.918300e+003,8.713953e+001
2.918782e+003,8.706551e+001
2.919264e+003,8.698259e+001
2.919746e+003,8.689165e+001
2.920229e+003,8.679420e+001
2.920711e+003,8.669286e+001
2.921193e+003,8.659148e+001
2.921675e+003,8.649516e+001
2.922157e+003,8.640967e+001
2.922639e+003,8.634078e+001
2.923121e+003,8.629336e+001
2.923603e+003,8.627054e+001
2.924085e+003,8.627325e+001
2.924568e+003,8.629996e+001
2.925050e+003,8.634698e+001
2.925532e+003,8.640888e+001
2.926014e+003,8.647928e+001
2.926496e+003,8.655162e+001
2.926978e+003,8.661993e+001
2.927460e+003,8.667947e+001
2.927942e+003,8.672706e+001
2.928425e+003,8.676099e+001
2.928907e+003,8.678078e+001
2.929389e+003,8.678658e+001
2.929871e+003,8.677859e+001
2.930353e+003,8.675674e+001
2.930835e+003,8.672049e+001
2.931317e+003,8.666895e+001
2.931800e+003,8.660110e+001
2.932281e+003,8.651631e+001
2.932764e+003,8.641430e+001
2.933246e+003,8.629528e+001
2.933728e+003,8.615968e+001
2.934210e+003,8.600794e+001
2.934692e+003,8.584021e+001
2.935174e+003,8.565614e+001
2.935656e+003,8.545498e+001
2.936139e+003,8.523567e+001
2.936621e+003,8.499705e+001
2.937103e+003,8.473792e+001
2.937585e+003,8.445746e+001
2.938067e+003,8.415518e+001
2.938549e+003,8.383134e+001
2.939031e+003,8.348725e+001
2.939513e+003,8.312556e+001
2.939996e+003,8.275071e+001
2.940478e+003,8.236909e+001
2.940960e+003,8.198890e+001
2.941442e+003,8.161985e+001
2.941924e+003,8.127236e+001
2.942406e+003,8.095683e+001
2.942888e+003,8.068262e+001
2.943370e+003,8.045734e+001
2.943853e+003,8.028635e+001
2.944335e+003,8.017220e+001
2.944817e+003,8.011478e+001
2.945299e+003,8.011125e+001
2.945781e+003,8.015679e+001
2.946263e+003,8.024494e+001
2.946745e+003,8.036864e+001
2.947228e+003,8.052093e+001
2.947709e+003,8.069556e+001
2.948192e+003,8.088711e+001
2.948674e+003,8.109090e+001
2.949156e+003,8.130257e+001
2.949638e+003,8.151765e+001
2.950120e+003,8.173148e+001
2.950602e+003,8.193914e+001
2.951084e+003,8.213588e+001
2.951567e+003,8.231748e+001
2.952049e+003,8.248057e+001
2.952531e+003,8.262280e+001
2.953013e+003,8.274293e+001
2.953495e+003,8.284061e+001
2.953977e+003,8.291655e+001
2.954459e+003,8.297243e+001
2.954941e+003,8.301111e+001
2.955424e+003,8.303666e+001
2.955906e+003,8.305427e+001
2.956388e+003,8.306985e+001
2.956870e+003,8.308958e+001
2.957352e+003,8.311935e+001
2.957834e+003,8.316436e+001
2.958316e+003,8.322853e+001
2.958798e+003,8.331461e+001
2.959281e+003,8.342390e+001
2.959763e+003,8.355624e+001
2.960245e+003,8.370989e+001
2.960727e+003,8.388150e+001
2.961209e+003,8.406624e+001
2.961691e+003,8.425810e+001
2.962173e+003,8.445052e+001
2.962656e+003,8.463695e+001
2.963137e+003,8.481142e+001
2.963620e+003,8.496888e+001
2.964102e+003,8.510521e+001
2.964584e+003,8.521719e+001
2.965066e+003,8.530255e+001
2.965548e+003,8.536027e+001
2.966030e+003,8.539110e+001
2.966512e+003,8.539820e+001
2.966995e+003,8.538744e+001
2.967477e+003,8.536713e+001
2.967959e+003,8.534726e+001
2.968441e+003,8.533807e+001
2.968923e+003,8.534861e+001
2.969405e+003,8.538524e+001
2.969887e+003,8.545107e+001
2.970369e+003,8.554582e+001
2.970852e+003,8.566640e+001
2.971334e+003,8.580786e+001
2.971816e+003,8.596425e+001
2.972298e+003,8.612933e+001
2.972780e+003,8.629715e+001
2.973262e+003,8.646227e+001
2.973744e+003,8.662002e+001
2.974226e+003,8.676669e+001
2.974708e+003,8.689986e+001
2.975191e+003,8.701839e+001
2.975673e+003,8.712247e+001
2.976155e+003,8.721323e+001
2.976637e+003,8.729255e+001
2.977119e+003,8.736231e+001
2.977601e+003,8.742443e+001
2.978083e+003,8.748049e+001
2.978565e+003,8.753178e+001
2.979048e+003,8.757951e+001
2.979530e+003,8.762455e+001
2.980012e+003,8.766767e+001
2.980494e+003,8.770933e+001
2.980976e+003,8.774961e+001
2.981458e+003,8.778828e+001
2.981940e+003,8.782479e+001
2.982423e+003,8.785858e+001
2.982905e+003,8.788924e+001
2.983387e+003,8.791639e+001
2.983869e+003,8.793999e+001
2.984351e+003,8.796006e+001
2.984833e+003,8.797659e+001
2.985315e+003,8.798962e+001
2.985797e+003,8.799918e+001
2.986280e+003,8.800552e+001
2.986762e+003,8.800903e+001
2.987244e+003,8.801015e+001
2.987726e+003,8.800941e+001
2.988208e+003,8.800719e+001
2.988690e+003,8.800356e+001
2.989172e+003,8.799835e+001
2.989654e+003,8.799132e+001
2.990136e+003,8.798222e+001
2.990619e+003,8.797095e+001
2.991101e+003,8.795761e+001
2.991583e+003,8.794221e+001
2.992065e+003,8.792458e+001
2.992547e+003,8.790401e+001
2.993029e+003,8.787933e+001
2.993511e+003,8.784895e+001
2.993994e+003,8.781129e+001
2.994476e+003,8.776492e+001
2.994958e+003,8.770908e+001
2.995440e+003,8.764377e+001
2.995922e+003,8.756973e+001
2.996404e+003,8.748856e+001
2.996886e+003,8.740249e+001
2.997368e+003,8.731458e+001
2.997851e+003,8.722843e+001
2.998333e+003,8.714819e+001
2.998815e+003,8.707827e+001
2.999297e+003,8.702288e+001
2.999779e+003,8.698558e+001
3.000261e+003,8.696893e+001
3.000743e+003,8.697427e+001
3.001225e+003,8.700181e+001
3.001708e+003,8.705083e+001
3.002190e+003,8.712002e+001
3.002672e+003,8.720744e+001
3.003154e+003,8.731063e+001
3.003636e+003,8.742651e+001
3.004118e+003,8.755127e+001
3.004600e+003,8.768046e+001
3.005082e+003,8.780952e+001
3.005564e+003,8.793404e+001
3.006047e+003,8.805047e+001
3.006529e+003,8.815612e+001
3.007011e+003,8.824947e+001
3.007493e+003,8.832987e+001
3.007975e+003,8.839739e+001
3.008457e+003,8.845247e+001
3.008939e+003,8.849602e+001
3.009422e+003,8.852926e+001
3.009904e+003,8.855377e+001
3.010386e+003,8.857153e+001
3.010868e+003,8.858466e+001
3.011350e+003,8.859532e+001
3.011832e+003,8.860526e+001
3.012314e+003,8.861572e+001
3.012796e+003,8.862733e+001
3.013279e+003,8.864018e+001
3.013761e+003,8.865401e+001
3.014243e+003,8.866835e+001
3.014725e+003,8.868274e+001
3.015207e+003,8.869669e+001
3.015689e+003,8.870966e+001
3.016171e+003,8.872102e+001
3.016653e+003,8.873000e+001
3.017135e+003,8.873570e+001
3.017618e+003,8.873717e+001
3.018100e+003,8.873351e+001
3.018582e+003,8.872382e+001
3.019064e+003,8.870739e+001
3.019546e+003,8.868346e+001
3.020028e+003,8.865150e+001
3.020510e+003,8.861118e+001
3.020992e+003,8.856246e+001
3.021475e+003,8.850581e+001
3.021957e+003,8.844212e+001
3.022439e+003,8.837277e+001
3.022921e+003,8.829951e+001
3.023403e+003,8.822435e+001
3.023885e+003,8.814937e+001
3.024367e+003,8.807664e+001
3.024850e+003,8.800805e+001
3.025332e+003,8.794527e+001
3.025814e+003,8.788961e+001
3.026296e+003,8.784195e+001
3.026778e+003,8.780271e+001
3.027260e+003,8.777211e+001
3.027742e+003,8.775026e+001
3.028224e+003,8.773752e+001
3.028707e+003,8.773467e+001
3.029189e+003,8.774304e+001
3.029671e+003,8.776414e+001
3.030153e+003,8.779928e+001
3.030635e+003,8.784903e+001
3.031117e+003,8.791271e+001
3.031599e+003,8.798844e+001
3.032081e+003,8.807314e+001
3.032563e+003,8.816336e+001
3.033046e+003,8.825572e+001
3.033528e+003,8.834750e+001
3.034010e+003,8.843680e+001
3.034492e+003,8.852238e+001
3.034974e+003,8.860355e+001
3.035456e+003,8.867957e+001
3.035938e+003,8.874973e+001
3.036420e+003,8.881307e+001
3.036903e+003,8.886848e+001
3.037385e+003,8.891483e+001
3.037867e+003,8.895123e+001
3.038349e+003,8.897714e+001
3.038831e+003,8.899271e+001
3.039313e+003,8.899875e+001
3.039795e+003,8.899678e+001
3.040278e+003,8.898890e+001
3.040760e+003,8.897756e+001
3.041242e+003,8.896521e+001
3.041724e+003,8.895407e+001
3.042206e+003,8.894595e+001
3.042688e+003,8.894209e+001
3.043170e+003,8.894328e+001
3.043652e+003,8.894988e+001
3.044135e+003,8.896179e+001
3.044617e+003,8.897853e+001
3.045099e+003,8.899920e+001
3.045581e+003,8.902247e+001
3.046063e+003,8.904665e+001
3.046545e+003,8.907003e+001
3.047027e+003,8.909094e+001
3.047509e+003,8.910822e+001
3.047991e+003,8.912134e+001
3.048474e+003,8.913047e+001
3.048956e+003,8.913628e+001
3.049438e+003,8.913965e+001
3.049920e+003,8.914127e+001
3.050402e+003,8.914148e+001
3.050884e+003,8.914023e+001
3.051366e+003,8.913728e+001
3.051848e+003,8.913241e+001
3.052331e+003,8.912566e+001
3.052813e+003,8.911754e+001
3.053295e+003,8.910883e+001
3.053777e+003,8.910064e+001
3.054259e+003,8.909400e+001
3.054741e+003,8.908987e+001
3.055223e+003,8.908892e+001
3.055706e+003,8.909134e+001
3.056188e+003,8.909702e+001
3.056670e+003,8.910535e+001
3.057152e+003,8.911531e+001
3.057634e+003,8.912556e+001
3.058116e+003,8.913463e+001
3.058598e+003,8.914110e+001
3.059080e+003,8.914400e+001
3.059563e+003,8.914287e+001
3.060045e+003,8.913805e+001
3.060527e+003,8.913064e+001
3.061009e+003,8.912243e+001
3.061491e+003,8.911554e+001
3.061973e+003,8.911233e+001
3.062455e+003,8.911502e+001
3.062937e+003,8.912545e+001
3.063419e+003,8.914488e+001
3.063902e+003,8.917382e+001
3.064384e+003,8.921183e+001
3.064866e+003,8.925758e+001
3.065348e+003,8.930895e+001
3.065830e+003,8.936330e+001
3.066312e+003,8.941794e+001
3.066794e+003,8.947042e+001
3.067276e+003,8.951890e+001
3.067759e+003,8.956221e+001
3.068241e+003,8.959976e+001
3.068723e+003,8.963145e+001
3.069205e+003,8.965746e+001
3.069687e+003,8.967807e+001
3.070169e+003,8.969376e+001
3.070651e+003,8.970509e+001
3.071134e+003,8.971277e+001
3.071615e+003,8.971771e+001
3.072098e+003,8.972085e+001
3.072580e+003,8.972308e+001
3.073062e+003,8.972502e+001
3.073544e+003,8.972708e+001
3.074026e+003,8.972938e+001
3.074508e+003,8.973183e+001
3.074990e+003,8.973433e+001
3.075473e+003,8.973658e+001
3.075955e+003,8.973818e+001
3.076437e+003,8.973869e+001
3.076919e+003,8.973745e+001
3.077401e+003,8.973387e+001
3.077883e+003,8.972759e+001
3.078365e+003,8.971870e+001
3.078847e+003,8.970776e+001
3.079330e+003,8.969591e+001
3.079812e+003,8.968445e+001
3.080294e+003,8.967472e+001
3.080776e+003,8.966768e+001
3.081258e+003,8.966379e+001
3.081740e+003,8.966322e+001
3.082222e+003,8.966594e+001
3.082704e+003,8.967194e+001
3.083187e+003,8.968146e+001
3.083669e+003,8.969476e+001
3.084151e+003,8.971214e+001
3.084633e+003,8.973373e+001
3.085115e+003,8.975928e+001
3.085597e+003,8.978838e+001
3.086079e+003,8.982044e+001
3.086562e+003,8.985490e+001
3.087043e+003,8.989132e+001
3.087526e+003,8.992924e+001
3.088008e+003,8.996828e+001
3.088490e+003,9.000793e+001
3.088972e+003,9.004758e+001
3.089454e+003,9.008657e+001
3.089936e+003,9.012435e+001
3.090418e+003,9.016061e+001
3.090901e+003,9.019519e+001
3.091383e+003,9.022807e+001
3.091865e+003,9.025910e+001
3.092347e+003,9.028792e+001
3.092829e+003,9.031392e+001
3.093311e+003,9.033640e+001
3.093793e+003,9.035481e+001
3.094275e+003,9.036893e+001
3.094758e+003,9.037917e+001
3.095240e+003,9.038611e+001
3.095722e+003,9.039057e+001
3.096204e+003,9.039309e+001
3.096686e+003,9.039381e+001
3.097168e+003,9.039259e+001
3.097650e+003,9.038916e+001
3.098132e+003,9.038369e+001
3.098615e+003,9.037679e+001
3.099097e+003,9.036971e+001
3.099579e+003,9.036393e+001
3.100061e+003,9.036076e+001
3.100543e+003,9.036080e+001
3.101025e+003,9.036372e+001
3.101507e+003,9.036829e+001
3.101990e+003,9.037270e+001
3.102471e+003,9.037521e+001
3.102954e+003,9.037451e+001
3.103436e+003,9.037006e+001
3.103918e+003,9.036211e+001
3.104400e+003,9.035157e+001
3.104882e+003,9.033971e+001
3.105364e+003,9.032783e+001
3.105846e+003,9.031718e+001
3.106329e+003,9.030865e+001
3.106811e+003,9.030275e+001
3.107293e+003,9.029955e+001
3.107775e+003,9.029866e+001
3.108257e+003,9.029951e+001
3.108739e+003,9.030154e+001
3.109221e+003,9.030434e+001
3.109703e+003,9.030784e+001
3.110186e+003,9.031222e+001
3.110668e+003,9.031767e+001
3.111150e+003,9.032414e+001
3.111632e+003,9.033112e+001
3.112114e+003,9.033754e+001
3.112596e+003,9.034207e+001
3.113078e+003,9.034350e+001
3.113560e+003,9.034116e+001
3.114042e+003,9.033507e+001
3.114525e+003,9.032610e+001
3.115007e+003,9.031558e+001
3.115489e+003,9.030485e+001
3.115971e+003,9.029495e+001
3.116453e+003,9.028637e+001
3.116935e+003,9.027905e+001
3.117417e+003,9.027264e+001
3.117900e+003,9.026673e+001
3.118382e+003,9.026100e+001
3.118864e+003,9.025526e+001
3.119346e+003,9.024932e+001
3.119828e+003,9.024294e+001
3.120310e+003,9.023594e+001
3.120792e+003,9.022813e+001
3.121274e+003,9.021964e+001
3.121757e+003,9.021092e+001
3.122239e+003,9.020263e+001
3.122721e+003,9.019539e+001
3.123203e+003,9.018940e+001
3.123685e+003,9.018428e+001
3.124167e+003,9.017912e+001
3.124649e+003,9.017273e+001
3.125131e+003,9.016410e+001
3.125614e+003,9.015284e+001
3.126096e+003,9.013932e+001
3.126578e+003,9.012472e+001
3.127060e+003,9.011045e+001
3.127542e+003,9.009787e+001
3.128024e+003,9.008774e+001
3.128506e+003,9.008011e+001
3.128988e+003,9.007442e+001
3.129470e+003,9.006979e+001
3.129953e+003,9.006523e+001
3.130435e+003,9.006001e+001
3.130917e+003,9.005368e+001
3.131399e+003,9.004598e+001
3.131881e+003,9.003699e+001
3.132363e+003,9.002684e+001
3.132845e+003,9.001581e+001
3.133328e+003,9.000412e+001
3.133810e+003,8.999199e+001
3.134292e+003,8.997940e+001
3.134774e+003,8.996621e+001
3.135256e+003,8.995200e+001
3.135738e+003,8.993646e+001
3.136220e+003,8.991938e+001
3.136702e+003,8.990091e+001
3.137185e+003,8.988168e+001
3.137667e+003,8.986259e+001
3.138149e+003,8.984467e+001
3.138631e+003,8.982873e+001
3.139113e+003,8.981516e+001
3.139595e+003,8.980388e+001
3.140077e+003,8.979445e+001
3.140559e+003,8.978616e+001
3.141042e+003,8.977836e+001
3.141524e+003,8.977031e+001
3.142006e+003,8.976144e+001
3.142488e+003,8.975106e+001
3.142970e+003,8.973862e+001
3.143452e+003,8.972368e+001
3.143934e+003,8.970634e+001
3.144417e+003,8.968710e+001
3.144898e+003,8.966710e+001
3.145381e+003,8.964769e+001
3.145863e+003,8.962998e+001
3.146345e+003,8.961450e+001
3.146827e+003,8.960092e+001
3.147309e+003,8.958823e+001
3.147791e+003,8.957505e+001
3.148273e+003,8.956026e+001
3.148756e+003,8.954346e+001
3.149238e+003,8.952489e+001
3.149720e+003,8.950540e+001
3.150202e+003,8.948592e+001
3.150684e+003,8.946709e+001
3.151166e+003,8.944902e+001
3.151648e+003,8.943128e+001
3.152130e+003,8.941344e+001
3.152613e+003,8.939529e+001
3.153095e+003,8.937714e+001
3.153577e+003,8.935973e+001
3.154059e+003,8.934398e+001
3.154541e+003,8.933047e+001
3.155023e+003,8.931935e+001
3.155505e+003,8.931014e+001
3.155987e+003,8.930204e+001
3.156469e+003,8.929420e+001
3.156952e+003,8.928584e+001
3.157434e+003,8.927661e+001
3.157916e+003,8.926629e+001
3.158398e+003,8.925475e+001
3.158880e+003,8.924188e+001
3.159362e+003,8.922757e+001
3.159844e+003,8.921182e+001
3.160326e+003,8.919493e+001
3.160809e+003,8.917739e+001
3.161291e+003,8.915983e+001
3.161773e+003,8.914278e+001
3.162255e+003,8.912640e+001
3.162737e+003,8.911043e+001
3.163219e+003,8.909433e+001
3.163701e+003,8.907753e+001
3.164184e+003,8.905961e+001
3.164666e+003,8.904052e+001
3.165148e+003,8.902052e+001
3.165630e+003,8.899995e+001
3.166112e+003,8.897911e+001
3.166594e+003,8.895817e+001
3.167076e+003,8.893713e+001
3.167558e+003,8.891615e+001
3.168041e+003,8.889557e+001
3.168523e+003,8.887595e+001
3.169005e+003,8.885780e+001
3.169487e+003,8.884130e+001
3.169969e+003,8.882600e+001
3.170451e+003,8.881098e+001
3.170933e+003,8.879502e+001
3.171415e+003,8.877708e+001
3.171897e+003,8.875682e+001
3.172380e+003,8.873465e+001
3.172862e+003,8.871167e+001
3.173344e+003,8.868913e+001
3.173826e+003,8.866798e+001
3.174308e+003,8.864825e+001
3.174790e+003,8.862928e+001
3.175272e+003,8.860978e+001
3.175754e+003,8.858851e+001
3.176237e+003,8.856470e+001
3.176719e+003,8.853827e+001
3.177201e+003,8.851006e+001
3.177683e+003,8.848123e+001
3.178165e+003,8.845310e+001
3.178647e+003,8.842674e+001
3.179129e+003,8.840268e+001
3.179612e+003,8.838105e+001
3.180094e+003,8.836167e+001
3.180576e+003,8.834412e+001
3.181058e+003,8.832783e+001
3.181540e+003,8.831219e+001
3.182022e+003,8.829659e+001
3.182504e+003,8.828053e+001
3.182986e+003,8.826366e+001
3.183469e+003,8.824593e+001
3.183951e+003,8.822752e+001
3.184433e+003,8.820860e+001
3.184915e+003,8.818922e+001
3.185397e+003,8.816920e+001
3.185879e+003,8.814801e+001
3.186361e+003,8.812521e+001
3.186843e+003,8.810059e+001
3.187325e+003,8.807445e+001
3.187808e+003,8.804754e+001
3.188290e+003,8.802078e+001
3.188772e+003,8.799492e+001
3.189254e+003,8.797004e+001
3.189736e+003,8.794560e+001
3.190218e+003,8.792061e+001
3.190700e+003,8.789407e+001
3.191182e+003,8.786546e+001
3.191665e+003,8.783510e+001
3.192147e+003,8.780402e+001
3.192629e+003,8.777349e+001
3.193111e+003,8.774454e+001
3.193593e+003,8.771737e+001
3.194075e+003,8.769135e+001
3.194557e+003,8.766518e+001
3.195040e+003,8.763748e+001
3.195521e+003,8.760727e+001
3.196004e+003,8.757438e+001
3.196486e+003,8.753947e+001
3.196968e+003,8.750370e+001
3.197450e+003,8.746842e+001
3.197932e+003,8.743456e+001
3.198414e+003,8.740257e+001
3.198896e+003,8.737244e+001
3.199379e+003,8.734378e+001
3.199861e+003,8.731625e+001
3.200343e+003,8.728942e+001
3.200825e+003,8.726302e+001
3.201307e+003,8.723661e+001
3.201789e+003,8.720987e+001
3.202271e+003,8.718227e+001
3.202753e+003,8.715354e+001
3.203236e+003,8.712353e+001
3.203718e+003,8.709250e+001
3.204200e+003,8.706097e+001
3.204682e+003,8.702966e+001
3.205164e+003,8.699914e+001
3.205646e+003,8.696981e+001
3.206128e+003,8.694151e+001
3.206610e+003,8.691381e+001
3.207093e+003,8.688596e+001
3.207575e+003,8.685714e+001
3.208057e+003,8.682673e+001
3.208539e+003,8.679444e+001
3.209021e+003,8.676042e+001
3.209503e+003,8.672526e+001
3.209985e+003,8.668965e+001
3.210468e+003,8.665424e+001
3.210949e+003,8.661944e+001
3.211432e+003,8.658511e+001
3.211914e+003,8.655079e+001
3.212396e+003,8.651583e+001
3.212878e+003,8.647986e+001
3.213360e+003,8.644300e+001
3.213842e+003,8.640598e+001
3.214324e+003,8.636999e+001
3.214807e+003,8.633627e+001
3.215289e+003,8.630553e+001
3.215771e+003,8.627771e+001
3.216253e+003,8.625186e+001
3.216735e+003,8.622650e+001
3.217217e+003,8.620013e+001
3.217699e+003,8.617171e+001
3.218181e+003,8.614090e+001
3.218664e+003,8.610819e+001
3.219146e+003,8.607439e+001
3.219628e+003,8.604038e+001
3.220110e+003,8.600671e+001
3.220592e+003,8.597349e+001
3.221074e+003,8.594057e+001
3.221556e+003,8.590787e+001
3.222038e+003,8.587561e+001
3.222521e+003,8.584426e+001
3.223003e+003,8.581439e+001
3.223485e+003,8.578638e+001
3.223967e+003,8.576017e+001
3.224449e+003,8.573525e+001
3.224931e+003,8.571102e+001
3.225413e+003,8.568691e+001
3.225896e+003,8.566281e+001
3.226377e+003,8.563899e+001
3.226860e+003,8.561587e+001
3.227342e+003,8.559373e+001
3.227824e+003,8.557233e+001
3.228306e+003,8.555105e+001
3.228788e+003,8.552889e+001
3.229270e+003,8.550501e+001
3.229752e+003,8.547906e+001
3.230235e+003,8.545114e+001
3.230717e+003,8.542194e+001
3.231199e+003,8.539219e+001
3.231681e+003,8.536244e+001
3.232163e+003,8.533291e+001
3.232645e+003,8.530340e+001
3.233127e+003,8.527363e+001
3.233609e+003,8.524332e+001
3.234092e+003,8.521243e+001
3.234574e+003,8.518098e+001
3.235056e+003,8.514899e+001
3.235538e+003,8.511639e+001
3.236020e+003,8.508302e+001
3.236502e+003,8.504874e+001
3.236984e+003,8.501358e+001
3.237466e+003,8.497789e+001
3.237948e+003,8.494215e+001
3.238431e+003,8.490684e+001
3.238913e+003,8.487221e+001
3.239395e+003,8.483814e+001
3.239877e+003,8.480427e+001
3.240359e+003,8.477027e+001
3.240841e+003,8.473596e+001
3.241323e+003,8.470152e+001
3.241806e+003,8.466716e+001
3.242288e+003,8.463297e+001
3.242770e+003,8.459863e+001
3.243252e+003,8.456333e+001
3.243734e+003,8.452618e+001
3.244216e+003,8.448663e+001
3.244698e+003,8.444493e+001
3.245180e+003,8.440227e+001
3.245663e+003,8.436040e+001
3.246145e+003,8.432082e+001
3.246627e+003,8.428418e+001
3.247109e+003,8.424980e+001
3.247591e+003,8.421597e+001
3.248073e+003,8.418060e+001
3.248555e+003,8.414196e+001
3.249037e+003,8.409943e+001
3.249520e+003,8.405354e+001
3.250002e+003,8.400572e+001
3.250484e+003,8.395736e+001
3.250966e+003,8.390939e+001
3.251448e+003,8.386169e+001
3.251930e+003,8.381351e+001
3.252412e+003,8.376385e+001
3.252894e+003,8.371207e+001
3.253376e+003,8.365823e+001
3.253859e+003,8.360303e+001
3.254341e+003,8.354734e+001
3.254823e+003,8.349183e+001
3.255305e+003,8.343674e+001
3.255787e+003,8.338194e+001
3.256269e+003,8.332735e+001
3.256751e+003,8.327322e+001
3.257234e+003,8.322021e+001
3.257716e+003,8.316910e+001
3.258198e+003,8.312033e+001
3.258680e+003,8.307359e+001
3.259162e+003,8.302780e+001
3.259644e+003,8.298131e+001
3.260126e+003,8.293260e+001
3.260608e+003,8.288085e+001
3.261091e+003,8.282600e+001
3.261573e+003,8.276882e+001
3.262055e+003,8.271037e+001
3.262537e+003,8.265152e+001
3.263019e+003,8.259272e+001
3.263501e+003,8.253406e+001
3.263983e+003,8.247559e+001
3.264465e+003,8.241754e+001
3.264948e+003,8.236040e+001
3.265430e+003,8.230459e+001
3.265912e+003,8.225018e+001
3.266394e+003,8.219648e+001
3.266876e+003,8.214226e+001
3.267358e+003,8.208611e+001
3.267840e+003,8.202709e+001
3.268323e+003,8.196532e+001
3.268804e+003,8.190188e+001
3.269287e+003,8.183856e+001
3.269769e+003,8.177704e+001
3.270251e+003,8.171821e+001
3.270733e+003,8.166184e+001
3.271215e+003,8.160683e+001
3.271697e+003,8.155170e+001
3.272179e+003,8.149544e+001
3.272662e+003,8.143772e+001
3.273144e+003,8.137917e+001
3.273626e+003,8.132064e+001
3.274108e+003,8.126288e+001
3.274590e+003,8.120612e+001
3.275072e+003,8.115002e+001
3.275554e+003,8.109406e+001
3.276036e+003,8.103793e+001
3.276519e+003,8.098176e+001
3.277001e+003,8.092596e+001
3.277483e+003,8.087080e+001
3.277965e+003,8.081606e+001
3.278447e+003,8.076077e+001
3.278929e+003,8.070358e+001
3.279411e+003,8.064301e+001
3.279893e+003,8.057829e+001
3.280375e+003,8.050942e+001
3.280858e+003,8.043724e+001
3.281340e+003,8.036290e+001
3.281822e+003,8.028741e+001
3.282304e+003,8.021136e+001
3.282786e+003,8.013477e+001
3.283268e+003,8.005740e+001
3.283750e+003,7.997916e+001
3.284232e+003,7.990013e+001
3.284715e+003,7.982066e+001
3.285197e+003,7.974086e+001
3.285679e+003,7.966048e+001
3.286161e+003,7.957882e+001
3.286643e+003,7.949490e+001
3.287125e+003,7.940792e+001
3.287607e+003,7.931770e+001
3.288090e+003,7.922464e+001
3.288572e+003,7.912956e+001
3.289054e+003,7.903320e+001
3.289536e+003,7.893562e+001
3.290018e+003,7.883617e+001
3.290500e+003,7.873376e+001
3.290982e+003,7.862741e+001
3.291464e+003,7.851682e+001
3.291947e+003,7.840263e+001
3.292429e+003,7.828619e+001
3.292911e+003,7.816902e+001
3.293393e+003,7.805199e+001
3.293875e+003,7.793515e+001
3.294357e+003,7.781756e+001
3.294839e+003,7.769788e+001
3.295321e+003,7.757484e+001
3.295803e+003,7.744765e+001
3.296286e+003,7.731600e+001
3.296768e+003,7.717992e+001
3.297250e+003,7.703941e+001
3.297732e+003,7.689439e+001
3.298214e+003,7.674477e+001
3.298696e+003,7.659072e+001
3.299178e+003,7.643285e+001
3.299660e+003,7.627213e+001
3.300143e+003,7.610947e+001
3.300625e+003,7.594525e+001
3.301107e+003,7.577895e+001
3.301589e+003,7.560918e+001
3.302071e+003,7.543432e+001
3.302553e+003,7.525311e+001
3.303035e+003,7.506535e+001
3.303518e+003,7.487188e+001
3.304000e+003,7.467418e+001
3.304482e+003,7.447353e+001
3.304964e+003,7.427027e+001
3.305446e+003,7.406361e+001
3.305928e+003,7.385193e+001
3.306410e+003,7.363383e+001
3.306892e+003,7.340886e+001
3.307375e+003,7.317813e+001
3.307857e+003,7.294406e+001
3.308339e+003,7.270959e+001
3.308821e+003,7.247719e+001
3.309303e+003,7.224801e+001
3.309785e+003,7.202183e+001
3.310267e+003,7.179763e+001
3.310749e+003,7.157440e+001
3.311231e+003,7.135187e+001
3.311714e+003,7.113078e+001
3.312196e+003,7.091267e+001
3.312678e+003,7.069946e+001
3.313160e+003,7.049312e+001
3.313642e+003,7.029563e+001
3.314124e+003,7.010931e+001
3.314606e+003,6.993707e+001
3.315088e+003,6.978259e+001
3.315571e+003,6.965011e+001
3.316053e+003,6.954396e+001
3.316535e+003,6.946802e+001
3.317017e+003,6.942550e+001
3.317499e+003,6.941895e+001
3.317981e+003,6.945052e+001
3.318463e+003,6.952226e+001
3.318946e+003,6.963601e+001
3.319427e+003,6.979298e+001
3.319910e+003,6.999323e+001
3.320392e+003,7.023531e+001
3.320874e+003,7.051619e+001
3.321356e+003,7.083170e+001
3.321838e+003,7.117719e+001
3.322320e+003,7.154812e+001
3.322802e+003,7.194032e+001
3.323285e+003,7.234967e+001
3.323767e+003,7.277190e+001
3.324249e+003,7.320234e+001
3.324731e+003,7.363605e+001
3.325213e+003,7.406830e+001
3.325695e+003,7.449512e+001
3.326177e+003,7.491374e+001
3.326659e+003,7.532246e+001
3.327142e+003,7.572035e+001
3.327624e+003,7.610658e+001
3.328106e+003,7.648002e+001
3.328588e+003,7.683925e+001
3.329070e+003,7.718291e+001
3.329552e+003,7.750997e+001
3.330034e+003,7.782035e+001
3.330516e+003,7.811466e+001
3.330999e+003,7.839403e+001
3.331481e+003,7.865948e+001
3.331963e+003,7.891170e+001
3.332445e+003,7.915079e+001
3.332927e+003,7.937666e+001
3.333409e+003,7.958924e+001
3.333891e+003,7.978897e+001
3.334374e+003,7.997662e+001
3.334855e+003,8.015321e+001
3.335338e+003,8.031963e+001
3.335820e+003,8.047636e+001
3.336302e+003,8.062354e+001
3.336784e+003,8.076127e+001
3.337266e+003,8.088992e+001
3.337748e+003,8.101022e+001
3.338230e+003,8.112328e+001
3.338713e+003,8.123016e+001
3.339195e+003,8.133141e+001
3.339677e+003,8.142696e+001
3.340159e+003,8.151623e+001
3.340641e+003,8.159855e+001
3.341123e+003,8.167372e+001
3.341605e+003,8.174217e+001
3.342087e+003,8.180503e+001
3.342570e+003,8.186357e+001
3.343052e+003,8.191870e+001
3.343534e+003,8.197066e+001
3.344016e+003,8.201900e+001
3.344498e+003,8.206308e+001
3.344980e+003,8.210246e+001
3.345462e+003,8.213756e+001
3.345944e+003,8.216933e+001
3.346427e+003,8.219911e+001
3.346909e+003,8.222791e+001
3.347391e+003,8.225603e+001
3.347873e+003,8.228286e+001
3.348355e+003,8.230733e+001
3.348837e+003,8.232841e+001
3.349319e+003,8.234561e+001
3.349802e+003,8.235905e+001
3.350283e+003,8.236929e+001
3.350766e+003,8.237676e+001
3.351248e+003,8.238140e+001
3.351730e+003,8.238262e+001
3.352212e+003,8.237949e+001
3.352694e+003,8.237143e+001
3.353176e+003,8.235851e+001
3.353658e+003,8.234166e+001
3.354141e+003,8.232240e+001
3.354623e+003,8.230235e+001
3.355105e+003,8.228266e+001
3.355587e+003,8.226393e+001
3.356069e+003,8.224611e+001
3.356551e+003,8.222885e+001
3.357033e+003,8.221187e+001
3.357515e+003,8.219489e+001
3.357998e+003,8.217760e+001
3.358480e+003,8.215931e+001
3.358962e+003,8.213899e+001
3.359444e+003,8.211533e+001
3.359926e+003,8.208738e+001
3.360408e+003,8.205478e+001
3.360890e+003,8.201818e+001
3.361372e+003,8.197890e+001
3.361854e+003,8.193832e+001
3.362337e+003,8.189717e+001
3.362819e+003,8.185513e+001
3.363301e+003,8.181100e+001
3.363783e+003,8.176337e+001
3.364265e+003,8.171128e+001
3.364747e+003,8.165500e+001
3.365229e+003,8.159592e+001
3.365712e+003,8.153593e+001
3.366194e+003,8.147672e+001
3.366676e+003,8.141872e+001
3.367158e+003,8.136124e+001
3.367640e+003,8.130271e+001
3.368122e+003,8.124155e+001
3.368604e+003,8.117673e+001
3.369086e+003,8.110811e+001
3.369569e+003,8.103615e+001
3.370051e+003,8.096118e+001
3.370533e+003,8.088303e+001
3.371015e+003,8.080082e+001
3.371497e+003,8.071353e+001
3.371979e+003,8.062041e+001
3.372461e+003,8.052175e+001
3.372943e+003,8.041869e+001
3.373426e+003,8.031294e+001
3.373908e+003,8.020588e+001
3.374390e+003,8.009795e+001
3.374872e+003,7.998852e+001
3.375354e+003,7.987629e+001
3.375836e+003,7.976003e+001
3.376318e+003,7.963923e+001
3.376800e+003,7.951431e+001
3.377282e+003,7.938621e+001
3.377765e+003,7.925567e+001
3.378247e+003,7.912261e+001
3.378729e+003,7.898610e+001
3.379211e+003,7.884468e+001
3.379693e+003,7.869715e+001
3.380175e+003,7.854311e+001
3.380657e+003,7.838301e+001
3.381140e+003,7.821788e+001
3.381622e+003,7.804850e+001
3.382104e+003,7.787502e+001
3.382586e+003,7.769704e+001
3.383068e+003,7.751413e+001
3.383550e+003,7.732664e+001
3.384032e+003,7.713613e+001
3.384514e+003,7.694508e+001
3.384997e+003,7.675610e+001
3.385479e+003,7.657066e+001
3.385961e+003,7.638863e+001
3.386443e+003,7.620831e+001
3.386925e+003,7.602762e+001
3.387407e+003,7.584504e+001
3.387889e+003,7.566061e+001
3.388371e+003,7.547568e+001
3.388854e+003,7.529206e+001
3.389336e+003,7.511086e+001
3.389818e+003,7.493170e+001
3.390300e+003,7.475276e+001
3.390782e+003,7.457196e+001
3.391264e+003,7.438824e+001
3.391746e+003,7.420280e+001
3.392229e+003,7.401897e+001
3.392710e+003,7.384135e+001
3.393193e+003,7.367393e+001
3.393675e+003,7.351869e+001
3.394157e+003,7.337547e+001
3.394639e+003,7.324269e+001
3.395121e+003,7.311897e+001
3.395603e+003,7.300437e+001
3.396085e+003,7.290065e+001
3.396568e+003,7.281087e+001
3.397050e+003,7.273795e+001
3.397532e+003,7.268379e+001
3.398014e+003,7.264876e+001
3.398496e+003,7.263235e+001
3.398978e+003,7.263414e+001
3.399460e+003,7.265456e+001
3.399942e+003,7.269507e+001
3.400425e+003,7.275755e+001
3.400907e+003,7.284354e+001
3.401389e+003,7.295349e+001
3.401871e+003,7.308710e+001
3.402353e+003,7.324381e+001
3.402835e+003,7.342342e+001
3.403317e+003,7.362652e+001
3.403799e+003,7.385392e+001
3.404281e+003,7.410593e+001
3.404764e+003,7.438145e+001
3.405246e+003,7.467781e+001
3.405728e+003,7.499129e+001
3.406210e+003,7.531814e+001
3.406692e+003,7.565540e+001
3.407174e+003,7.600108e+001
3.407656e+003,7.635395e+001
3.408138e+003,7.671257e+001
3.408621e+003,7.707482e+001
3.409103e+003,7.743787e+001
3.409585e+003,7.779871e+001
3.410067e+003,7.815498e+001
3.410549e+003,7.850556e+001
3.411031e+003,7.885053e+001
3.411513e+003,7.919048e+001
3.411996e+003,7.952575e+001
3.412478e+003,7.985573e+001
3.412960e+003,8.017897e+001
3.413442e+003,8.049356e+001
3.413924e+003,8.079799e+001
3.414406e+003,8.109161e+001
3.414888e+003,8.137465e+001
3.415370e+003,8.164770e+001
3.415853e+003,8.191107e+001
3.416335e+003,8.216437e+001
3.416817e+003,8.240650e+001
3.417299e+003,8.263642e+001
3.417781e+003,8.285365e+001
3.418263e+003,8.305892e+001
3.418745e+003,8.325425e+001
3.419227e+003,8.344234e+001
3.419709e+003,8.362594e+001
3.420192e+003,8.380691e+001
3.420674e+003,8.398591e+001
3.421156e+003,8.416244e+001
3.421638e+003,8.433537e+001
3.422120e+003,8.450353e+001
3.422602e+003,8.466601e+001
3.423084e+003,8.482211e+001
3.423566e+003,8.497125e+001
3.424049e+003,8.511282e+001
3.424531e+003,8.524634e+001
3.425013e+003,8.537166e+001
3.425495e+003,8.548936e+001
3.425977e+003,8.560061e+001
3.426459e+003,8.570697e+001
3.426941e+003,8.580985e+001
3.427424e+003,8.590997e+001
3.427906e+003,8.600707e+001
3.428388e+003,8.610029e+001
3.428870e+003,8.618872e+001
3.429352e+003,8.627209e+001
3.429834e+003,8.635107e+001
3.430316e+003,8.642723e+001
3.430798e+003,8.650242e+001
3.431281e+003,8.657794e+001
3.431763e+003,8.665408e+001
3.432245e+003,8.673003e+001
3.432727e+003,8.680434e+001
3.433209e+003,8.687568e+001
3.433691e+003,8.694346e+001
3.434173e+003,8.700797e+001
3.434655e+003,8.707020e+001
3.435137e+003,8.713109e+001
3.435620e+003,8.719125e+001
3.436102e+003,8.725059e+001
3.436584e+003,8.730865e+001
3.437066e+003,8.736507e+001
3.437548e+003,8.741994e+001
3.438030e+003,8.747388e+001
3.438512e+003,8.752779e+001
3.438994e+003,8.758235e+001
3.439477e+003,8.763762e+001
3.439959e+003,8.769310e+001
3.440441e+003,8.774806e+001
3.440923e+003,8.780227e+001
3.441405e+003,8.785618e+001
3.441887e+003,8.791097e+001
3.442369e+003,8.796792e+001
3.442852e+003,8.802732e+001
3.443333e+003,8.808801e+001
3.443816e+003,8.814722e+001
3.444298e+003,8.820156e+001
3.444780e+003,8.824808e+001
3.445262e+003,8.828560e+001
3.445744e+003,8.831560e+001
3.446226e+003,8.834231e+001
3.446708e+003,8.837159e+001
3.447191e+003,8.840902e+001
3.447673e+003,8.845775e+001
3.448155e+003,8.851745e+001
3.448637e+003,8.858500e+001
3.449119e+003,8.865593e+001
3.449601e+003,8.872609e+001
3.450083e+003,8.879266e+001
3.450565e+003,8.885437e+001
3.451048e+003,8.891131e+001
3.451530e+003,8.896441e+001
3.452012e+003,8.901490e+001
3.452494e+003,8.906392e+001
3.452976e+003,8.911218e+001
3.453458e+003,8.916003e+001
3.453940e+003,8.920745e+001
3.454422e+003,8.925399e+001
3.454905e+003,8.929908e+001
3.455387e+003,8.934190e+001
3.455869e+003,8.938184e+001
3.456351e+003,8.941860e+001
3.456833e+003,8.945235e+001
3.457315e+003,8.948381e+001
3.457797e+003,8.951390e+001
3.458280e+003,8.954352e+001
3.458761e+003,8.957316e+001
3.459244e+003,8.960287e+001
3.459726e+003,8.963251e+001
3.460208e+003,8.966195e+001
3.460690e+003,8.969154e+001
3.461172e+003,8.972224e+001
3.461654e+003,8.975516e+001
3.462136e+003,8.979120e+001
3.462619e+003,8.983026e+001
3.463101e+003,8.987101e+001
3.463583e+003,8.991115e+001
3.464065e+003,8.994812e+001
3.464547e+003,8.997986e+001
3.465029e+003,9.000558e+001
3.465511e+003,9.002600e+001
3.465993e+003,9.004300e+001
3.466476e+003,9.005907e+001
3.466958e+003,9.007655e+001
3.467440e+003,9.009692e+001
3.467922e+003,9.012066e+001
3.468404e+003,9.014750e+001
3.468886e+003,9.017682e+001
3.469368e+003,9.020807e+001
3.469850e+003,9.024080e+001
3.470333e+003,9.027458e+001
3.470815e+003,9.030864e+001
3.471297e+003,9.034193e+001
3.471779e+003,9.037313e+001
3.472261e+003,9.040115e+001
3.472743e+003,9.042558e+001
3.473225e+003,9.044706e+001
3.473708e+003,9.046716e+001
3.474189e+003,9.048802e+001
3.474672e+003,9.051157e+001
3.475154e+003,9.053891e+001
3.475636e+003,9.056979e+001
3.476118e+003,9.060283e+001
3.476600e+003,9.063589e+001
3.477082e+003,9.066676e+001
3.477564e+003,9.069377e+001
3.478047e+003,9.071588e+001
3.478529e+003,9.073293e+001
3.479011e+003,9.074548e+001
3.479493e+003,9.075481e+001
3.479975e+003,9.076278e+001
3.480457e+003,9.077192e+001
3.480939e+003,9.078513e+001
3.481421e+003,9.080532e+001
3.481904e+003,9.083483e+001
3.482386e+003,9.087467e+001
3.482868e+003,9.092425e+001
3.483350e+003,9.098145e+001
3.483832e+003,9.104314e+001
3.484314e+003,9.110593e+001
3.484796e+003,9.116677e+001
3.485278e+003,9.122340e+001
3.485760e+003,9.127466e+001
3.486243e+003,9.132056e+001
3.486725e+003,9.136242e+001
3.487207e+003,9.140237e+001
3.487689e+003,9.144293e+001
3.488171e+003,9.148639e+001
3.488653e+003,9.153419e+001
3.489135e+003,9.158672e+001
3.489618e+003,9.164349e+001
3.490100e+003,9.170329e+001
3.490582e+003,9.176474e+001
3.491064e+003,9.182641e+001
3.491546e+003,9.188712e+001
3.492028e+003,9.194572e+001
3.492510e+003,9.200111e+001
3.492992e+003,9.205196e+001
3.493475e+003,9.209708e+001
3.493957e+003,9.213552e+001
3.494439e+003,9.216721e+001
3.494921e+003,9.219320e+001
3.495403e+003,9.221581e+001
3.495885e+003,9.223817e+001
3.496367e+003,9.226353e+001
3.496849e+003,9.229418e+001
3.497332e+003,9.233081e+001
3.497814e+003,9.237226e+001
3.498296e+003,9.241591e+001
3.498778e+003,9.245841e+001
3.499260e+003,9.249644e+001
3.499742e+003,9.252723e+001
3.500224e+003,9.254909e+001
3.500706e+003,9.256142e+001
3.501188e+003,9.256505e+001
3.501671e+003,9.256235e+001
3.502153e+003,9.255728e+001
3.502635e+003,9.255516e+001
3.503117e+003,9.256154e+001
3.503599e+003,9.258092e+001
3.504081e+003,9.261546e+001
3.504563e+003,9.266412e+001
3.505046e+003,9.272308e+001
3.505528e+003,9.278673e+001
3.506010e+003,9.284896e+001
3.506492e+003,9.290421e+001
3.506974e+003,9.294842e+001
3.507456e+003,9.297961e+001
3.507938e+003,9.299854e+001
3.508420e+003,9.300869e+001
3.508903e+003,9.301579e+001
3.509385e+003,9.302627e+001
3.509867e+003,9.304516e+001
3.510349e+003,9.307475e+001
3.510831e+003,9.311404e+001
3.511313e+003,9.315965e+001
3.511795e+003,9.320729e+001
3.512277e+003,9.325299e+001
3.512760e+003,9.329404e+001
3.513242e+003,9.332936e+001
3.513724e+003,9.335915e+001
3.514206e+003,9.338446e+001
3.514688e+003,9.340654e+001
3.515170e+003,9.342615e+001
3.515652e+003,9.344347e+001
3.516135e+003,9.345817e+001
3.516616e+003,9.347003e+001
3.517099e+003,9.347938e+001
3.517581e+003,9.348728e+001
3.518063e+003,9.349548e+001
3.518545e+003,9.350563e+001
3.519027e+003,9.351849e+001
3.519509e+003,9.353339e+001
3.519991e+003,9.354804e+001
3.520474e+003,9.355930e+001
3.520956e+003,9.356413e+001
3.521438e+003,9.356083e+001
3.521920e+003,9.355013e+001
3.522402e+003,9.353568e+001
3.522884e+003,9.352306e+001
3.523366e+003,9.351780e+001
3.523848e+003,9.352323e+001
3.524331e+003,9.353880e+001
3.524813e+003,9.356047e+001
3.525295e+003,9.358227e+001
3.525777e+003,9.359857e+001
3.526259e+003,9.360600e+001
3.526741e+003,9.360438e+001
3.527223e+003,9.359697e+001
3.527705e+003,9.358928e+001
3.528188e+003,9.358705e+001
3.528670e+003,9.359434e+001
3.529152e+003,9.361256e+001
3.529634e+003,9.364083e+001
3.530116e+003,9.367719e+001
3.530598e+003,9.371951e+001
3.531080e+003,9.376611e+001
3.531563e+003,9.381544e+001
3.532044e+003,9.386546e+001
3.532527e+003,9.391344e+001
3.533009e+003,9.395593e+001
3.533491e+003,9.398940e+001
3.533973e+003,9.401112e+001
3.534455e+003,9.402017e+001
3.534937e+003,9.401821e+001
3.535419e+003,9.400939e+001
3.535902e+003,9.399966e+001
3.536384e+003,9.399471e+001
3.536866e+003,9.399815e+001
3.537348e+003,9.401051e+001
3.537830e+003,9.402969e+001
3.538312e+003,9.405228e+001
3.538794e+003,9.407503e+001
3.539276e+003,9.409565e+001
3.539759e+003,9.411306e+001
3.540241e+003,9.412691e+001
3.540723e+003,9.413712e+001
3.541205e+003,9.414330e+001
3.541687e+003,9.414455e+001
3.542169e+003,9.413985e+001
3.542651e+003,9.412830e+001
3.543133e+003,9.410960e+001
3.543615e+003,9.408437e+001
3.544098e+003,9.405417e+001
3.544580e+003,9.402139e+001
3.545062e+003,9.398920e+001
3.545544e+003,9.396142e+001
3.546026e+003,9.394255e+001
3.546508e+003,9.393699e+001
3.546990e+003,9.394805e+001
3.547472e+003,9.397643e+001
3.547955e+003,9.401974e+001
3.548437e+003,9.407257e+001
3.548919e+003,9.412772e+001
3.549401e+003,9.417757e+001
3.549883e+003,9.421527e+001
3.550365e+003,9.423625e+001
3.550847e+003,9.423936e+001
3.551330e+003,9.422782e+001
3.551812e+003,9.420914e+001
3.552294e+003,9.419313e+001
3.552776e+003,9.418847e+001
3.553258e+003,9.419972e+001
3.553740e+003,9.422649e+001
3.554222e+003,9.426485e+001
3.554704e+003,9.430945e+001
3.555187e+003,9.435520e+001
3.555669e+003,9.439821e+001
3.556151e+003,9.443568e+001
3.556633e+003,9.446583e+001
3.557115e+003,9.448745e+001
3.557597e+003,9.449990e+001
3.558079e+003,9.450312e+001
3.558561e+003,9.449808e+001
3.559043e+003,9.448678e+001
3.559526e+003,9.447227e+001
3.560008e+003,9.445805e+001
3.560490e+003,9.444722e+001
3.560972e+003,9.444177e+001
3.561454e+003,9.444199e+001
3.561936e+003,9.444650e+001
3.562418e+003,9.445257e+001
3.562900e+003,9.445636e+001
3.563383e+003,9.445294e+001
3.563865e+003,9.443655e+001
3.564347e+003,9.440057e+001
3.564829e+003,9.433859e+001
3.565311e+003,9.424728e+001
3.565793e+003,9.413106e+001
3.566275e+003,9.400704e+001
3.566758e+003,9.390427e+001
3.567240e+003,9.385203e+001
3.567722e+003,9.386404e+001
3.568204e+003,9.393286e+001
3.568686e+003,9.403805e+001
3.569168e+003,9.415793e+001
3.569650e+003,9.427618e+001
3.570132e+003,9.438280e+001
3.570615e+003,9.447285e+001
3.571097e+003,9.454472e+001
3.571579e+003,9.459898e+001
3.572061e+003,9.463733e+001
3.572543e+003,9.466205e+001
3.573025e+003,9.467548e+001
3.573507e+003,9.468005e+001
3.573989e+003,9.467828e+001
3.574471e+003,9.467293e+001
3.574954e+003,9.466676e+001
3.575436e+003,9.466232e+001
3.575918e+003,9.466121e+001
3.576400e+003,9.466380e+001
3.576882e+003,9.466941e+001
3.577364e+003,9.467667e+001
3.577846e+003,9.468423e+001
3.578328e+003,9.469145e+001
3.578811e+003,9.469851e+001
3.579293e+003,9.470620e+001
3.579775e+003,9.471557e+001
3.580257e+003,9.472712e+001
3.580739e+003,9.474097e+001
3.581221e+003,9.475679e+001
3.581703e+003,9.477418e+001
3.582186e+003,9.479295e+001
3.582667e+003,9.481285e+001
3.583150e+003,9.483306e+001
3.583632e+003,9.485127e+001
3.584114e+003,9.486310e+001
3.584596e+003,9.486140e+001
3.585078e+003,9.483698e+001
3.585560e+003,9.478017e+001
3.586042e+003,9.468535e+001
3.586525e+003,9.455795e+001
3.587007e+003,9.442001e+001
3.587489e+003,9.430634e+001
3.587971e+003,9.424780e+001
3.588453e+003,9.425499e+001
3.588935e+003,9.431696e+001
3.589417e+003,9.441230e+001
3.589899e+003,9.451996e+001
3.590382e+003,9.462389e+001
3.590864e+003,9.471322e+001
3.591346e+003,9.478118e+001
3.591828e+003,9.482377e+001
3.592310e+003,9.483949e+001
3.592792e+003,9.482954e+001
3.593274e+003,9.479830e+001
3.593756e+003,9.475338e+001
3.594239e+003,9.470461e+001
3.594721e+003,9.466191e+001
3.595203e+003,9.463285e+001
3.595685e+003,9.462088e+001
3.596167e+003,9.462532e+001
3.596649e+003,9.464249e+001
3.597131e+003,9.466702e+001
3.597614e+003,9.469311e+001
3.598095e+003,9.471532e+001
3.598578e+003,9.472942e+001
3.599060e+003,9.473312e+001
3.599542e+003,9.472689e+001
3.600024e+003,9.471455e+001
3.600506e+003,9.470260e+001
3.600988e+003,9.469851e+001
3.601470e+003,9.470832e+001
3.601953e+003,9.473457e+001
3.602435e+003,9.477585e+001
3.602917e+003,9.482752e+001
3.603399e+003,9.488309e+001
3.603881e+003,9.493552e+001
3.604363e+003,9.497784e+001
3.604845e+003,9.500377e+001
3.605327e+003,9.500761e+001
3.605810e+003,9.498486e+001
3.606292e+003,9.493353e+001
3.606774e+003,9.485622e+001
3.607256e+003,9.476221e+001
3.607738e+003,9.466784e+001
3.608220e+003,9.459227e+001
3.608702e+003,9.455012e+001
3.609184e+003,9.454535e+001
3.609667e+003,9.457085e+001
3.610149e+003,9.461257e+001
3.610631e+003,9.465437e+001
3.611113e+003,9.468162e+001
3.611595e+003,9.468374e+001
3.612077e+003,9.465697e+001
3.612559e+003,9.460718e+001
3.613042e+003,9.455025e+001
3.613524e+003,9.450710e+001
3.614006e+003,9.449425e+001
3.614488e+003,9.451660e+001
3.614970e+003,9.456730e+001
3.615452e+003,9.463246e+001
3.615934e+003,9.469646e+001
3.616416e+003,9.474480e+001
3.616898e+003,9.476553e+001
3.617381e+003,9.475072e+001
3.617863e+003,9.469928e+001
3.618345e+003,9.462038e+001
3.618827e+003,9.453381e+001
3.619309e+003,9.446459e+001
3.619791e+003,9.443252e+001
3.620273e+003,9.444455e+001
3.620755e+003,9.449500e+001
3.621238e+003,9.457140e+001
3.621720e+003,9.465993e+001
3.622202e+003,9.474896e+001
3.622684e+003,9.482977e+001
3.623166e+003,9.489681e+001
3.623648e+003,9.494767e+001
3.624130e+003,9.498284e+001
3.624612e+003,9.500467e+001
3.625094e+003,9.501561e+001
3.625577e+003,9.501581e+001
3.626059e+003,9.500034e+001
3.626541e+003,9.495738e+001
3.627023e+003,9.486835e+001
3.627505e+003,9.471442e+001
3.627987e+003,9.449485e+001
3.628469e+003,9.425250e+001
3.628952e+003,9.407137e+001
3.629434e+003,9.401842e+001
3.629916e+003,9.409177e+001
3.630398e+003,9.424090e+001
3.630880e+003,9.441257e+001
3.631362e+003,9.457080e+001
3.631844e+003,9.469616e+001
3.632326e+003,9.478061e+001
3.632809e+003,9.482513e+001
3.633291e+003,9.483889e+001
3.633773e+003,9.483734e+001
3.634255e+003,9.483679e+001
3.634737e+003,9.484831e+001
3.635219e+003,9.487423e+001
3.635701e+003,9.490968e+001
3.636183e+003,9.494643e+001
3.636666e+003,9.497723e+001
3.637148e+003,9.499851e+001
3.637630e+003,9.501123e+001
3.638112e+003,9.501952e+001
3.638594e+003,9.502795e+001
3.639076e+003,9.503875e+001
3.639558e+003,9.505048e+001
3.640041e+003,9.505917e+001
3.640522e+003,9.506068e+001
3.641005e+003,9.505371e+001
3.641487e+003,9.504148e+001
3.641969e+003,9.503129e+001
3.642451e+003,9.503170e+001
3.642933e+003,9.504847e+001
3.643415e+003,9.508179e+001
3.643897e+003,9.512580e+001
3.644380e+003,9.516991e+001
3.644862e+003,9.520066e+001
3.645344e+003,9.520336e+001
3.645826e+003,9.516363e+001
3.646308e+003,9.506997e+001
3.646790e+003,9.491795e+001
3.647272e+003,9.471449e+001
3.647754e+003,9.447942e+001
3.648237e+003,9.424145e+001
3.648719e+003,9.403138e+001
3.649201e+003,9.387772e+001
3.649683e+003,9.380363e+001
3.650165e+003,9.382002e+001
3.650647e+003,9.391866e+001
3.651129e+003,9.407544e+001
3.651611e+003,9.426163e+001
3.652094e+003,9.445316e+001
3.652576e+003,9.463300e+001
3.653058e+003,9.478925e+001
3.653540e+003,9.491235e+001
3.654022e+003,9.499367e+001
3.654504e+003,9.502618e+001
3.654986e+003,9.500829e+001
3.655469e+003,9.494989e+001
3.655950e+003,9.487514e+001
3.656433e+003,9.481497e+001
3.656915e+003,9.479167e+001
3.657397e+003,9.480932e+001
3.657879e+003,9.485690e+001
3.658361e+003,9.491843e+001
3.658843e+003,9.497987e+001
3.659325e+003,9.503224e+001
3.659808e+003,9.507187e+001
3.660290e+003,9.509924e+001
3.660772e+003,9.511750e+001
3.661254e+003,9.513068e+001
3.661736e+003,9.514217e+001
3.662218e+003,9.515411e+001
3.662700e+003,9.516753e+001
3.663182e+003,9.518293e+001
3.663665e+003,9.520091e+001
3.664147e+003,9.522233e+001
3.664629e+003,9.524796e+001
3.665111e+003,9.527758e+001
3.665593e+003,9.530960e+001
3.666075e+003,9.534030e+001
3.666557e+003,9.536349e+001
3.667039e+003,9.536981e+001
3.667521e+003,9.534650e+001
3.668004e+003,9.527814e+001
3.668486e+003,9.515156e+001
3.668968e+003,9.496791e+001
3.669450e+003,9.475835e+001
3.669932e+003,9.458298e+001
3.670414e+003,9.449759e+001
3.670896e+003,9.451684e+001
3.671378e+003,9.461544e+001
3.671861e+003,9.475417e+001
3.672343e+003,9.489755e+001
3.672825e+003,9.501611e+001
3.673307e+003,9.508099e+001
3.673789e+003,9.506006e+001
3.674271e+003,9.492372e+001
3.674753e+003,9.467316e+001
3.675236e+003,9.437984e+001
3.675718e+003,9.416752e+001
3.676200e+003,9.411179e+001
3.676682e+003,9.418968e+001
3.677164e+003,9.433348e+001
3.677646e+003,9.448731e+001
3.678128e+003,9.462110e+001
3.678610e+003,9.472476e+001
3.679093e+003,9.480132e+001
3.679575e+003,9.486092e+001
3.680057e+003,9.491530e+001
3.680539e+003,9.497233e+001
3.681021e+003,9.503367e+001
3.681503e+003,9.509544e+001
3.681985e+003,9.515147e+001
3.682467e+003,9.519654e+001
3.682949e+003,9.522865e+001
3.683432e+003,9.525002e+001
3.683914e+003,9.526584e+001
3.684396e+003,9.528174e+001
3.684878e+003,9.530080e+001
3.685360e+003,9.532153e+001
3.685842e+003,9.533742e+001
3.686324e+003,9.533785e+001
3.686806e+003,9.530987e+001
3.687289e+003,9.524165e+001
3.687771e+003,9.512777e+001
3.688253e+003,9.497595e+001
3.688735e+003,9.480937e+001
3.689217e+003,9.465943e+001
3.689699e+003,9.455161e+001
3.690181e+003,9.449608e+001
3.690664e+003,9.448991e+001
3.691146e+003,9.452402e+001
3.691628e+003,9.458807e+001
3.692110e+003,9.467203e+001
3.692592e+003,9.476606e+001
3.693074e+003,9.486061e+001
3.693556e+003,9.494700e+001
3.694038e+003,9.501822e+001
3.694521e+003,9.506995e+001
3.695003e+003,9.510165e+001
3.695485e+003,9.511724e+001
3.695967e+003,9.512447e+001
3.696449e+003,9.513268e+001
3.696931e+003,9.514920e+001
3.697413e+003,9.517668e+001
3.697895e+003,9.521219e+001
3.698377e+003,9.524837e+001
3.698860e+003,9.527550e+001
3.699342e+003,9.528371e+001
3.699824e+003,9.526513e+001
3.700306e+003,9.521696e+001
3.700788e+003,9.514439e+001
3.701270e+003,9.506186e+001
3.701752e+003,9.498931e+001
3.702234e+003,9.494421e+001
3.702717e+003,9.493423e+001
3.703199e+003,9.495612e+001
3.703681e+003,9.499983e+001
3.704163e+003,9.505390e+001
3.704645e+003,9.510874e+001
3.705127e+003,9.515782e+001
3.705609e+003,9.519759e+001
3.706092e+003,9.522664e+001
3.706573e+003,9.524484e+001
3.707056e+003,9.525186e+001
3.707538e+003,9.524629e+001
3.708020e+003,9.522465e+001
3.708502e+003,9.518130e+001
3.708984e+003,9.510968e+001
3.709466e+003,9.500479e+001
3.709948e+003,9.486800e+001
3.710431e+003,9.471206e+001
3.710913e+003,9.456236e+001
3.711395e+003,9.444878e+001
3.711877e+003,9.439215e+001
3.712359e+003,9.439543e+001
3.712841e+003,9.444731e+001
3.713323e+003,9.453124e+001
3.713805e+003,9.463239e+001
3.714288e+003,9.473965e+001
3.714770e+003,9.484489e+001
3.715252e+003,9.494177e+001
3.715734e+003,9.502480e+001
3.716216e+003,9.508926e+001
3.716698e+003,9.513203e+001
3.717180e+003,9.515251e+001
3.717662e+003,9.515361e+001
3.718145e+003,9.514137e+001
3.718627e+003,9.512280e+001
3.719109e+003,9.510303e+001
3.719591e+003,9.508319e+001
3.720073e+003,9.506030e+001
3.720555e+003,9.502953e+001
3.721037e+003,9.498759e+001
3.721520e+003,9.493607e+001
3.722001e+003,9.488251e+001
3.722484e+003,9.483761e+001
3.722966e+003,9.480977e+001
3.723448e+003,9.480030e+001
3.723930e+003,9.480235e+001
3.724412e+003,9.480424e+001
3.724894e+003,9.479480e+001
3.725376e+003,9.476920e+001
3.725859e+003,9.473287e+001
3.726341e+003,9.470080e+001
3.726823e+003,9.469044e+001
3.727305e+003,9.471303e+001
3.727787e+003,9.476862e+001
3.728269e+003,9.484769e+001
3.728751e+003,9.493599e+001
3.729233e+003,9.501829e+001
3.729716e+003,9.508047e+001
3.730198e+003,9.511088e+001
3.730680e+003,9.510189e+001
3.731162e+003,9.505264e+001
3.731644e+003,9.497052e+001
3.732126e+003,9.486942e+001
3.732608e+003,9.476312e+001
3.733090e+003,9.465746e+001
3.733573e+003,9.454767e+001
3.734055e+003,9.442327e+001
3.734537e+003,9.428030e+001
3.735019e+003,9.413336e+001
3.735501e+003,9.401722e+001
3.735983e+003,9.396795e+001
3.736465e+003,9.399820e+001
3.736948e+003,9.409182e+001
3.737430e+003,9.421925e+001
3.737912e+003,9.435310e+001
3.738394e+003,9.447538e+001
3.738876e+003,9.457753e+001
3.739358e+003,9.465900e+001
3.739840e+003,9.472462e+001
3.740322e+003,9.478161e+001
3.740804e+003,9.483587e+001
3.741287e+003,9.488845e+001
3.741769e+003,9.493305e+001
3.742251e+003,9.495448e+001
3.742733e+003,9.492952e+001
3.743215e+003,9.483337e+001
3.743697e+003,9.465765e+001
3.744179e+003,9.443655e+001
3.744661e+003,9.424669e+001
3.745144e+003,9.415623e+001
3.745626e+003,9.417768e+001
3.746108e+003,9.427737e+001
3.746590e+003,9.441083e+001
3.747072e+003,9.454173e+001
3.747554e+003,9.464326e+001
3.748036e+003,9.469473e+001
3.748518e+003,9.467995e+001
3.749000e+003,9.459019e+001
3.749483e+003,9.443072e+001
3.749965e+003,9.422728e+001
3.750447e+003,9.402361e+001
3.750929e+003,9.386713e+001
3.751411e+003,9.378986e+001
3.751893e+003,9.379871e+001
3.752375e+003,9.387969e+001
3.752858e+003,9.400900e+001
3.753340e+003,9.416261e+001
3.753822e+003,9.432101e+001
3.754304e+003,9.446971e+001
3.754786e+003,9.459836e+001
3.755268e+003,9.469987e+001
3.755750e+003,9.477003e+001
3.756232e+003,9.480797e+001
3.756715e+003,9.481633e+001
3.757197e+003,9.480106e+001
3.757679e+003,9.476973e+001
3.758161e+003,9.472998e+001
3.758643e+003,9.468906e+001
3.759125e+003,9.465472e+001
3.759607e+003,9.463581e+001
3.760089e+003,9.464102e+001
3.760572e+003,9.467519e+001
3.761054e+003,9.473647e+001
3.761536e+003,9.481658e+001
3.762018e+003,9.490302e+001
3.762500e+003,9.498170e+001
3.762982e+003,9.503889e+001
3.763464e+003,9.506317e+001
3.763947e+003,9.504892e+001
3.764428e+003,9.500088e+001
3.764911e+003,9.493625e+001
3.765393e+003,9.487991e+001
3.765875e+003,9.485229e+001
3.766357e+003,9.485918e+001
3.766839e+003,9.489072e+001
3.767321e+003,9.492780e+001
3.767803e+003,9.494962e+001
3.768286e+003,9.493977e+001
3.768768e+003,9.489207e+001
3.769250e+003,9.481538e+001
3.769732e+003,9.473299e+001
3.770214e+003,9.467288e+001
3.770696e+003,9.465318e+001
3.771178e+003,9.467504e+001
3.771660e+003,9.472681e+001
3.772143e+003,9.479257e+001
3.772625e+003,9.485870e+001
3.773107e+003,9.491647e+001
3.773589e+003,9.496224e+001
3.774071e+003,9.499654e+001
3.774553e+003,9.502270e+001
3.775035e+003,9.504474e+001
3.775517e+003,9.506557e+001
3.776000e+003,9.508530e+001
3.776482e+003,9.510052e+001
3.776964e+003,9.510471e+001
3.777446e+003,9.508992e+001
3.777928e+003,9.505003e+001
3.778410e+003,9.498547e+001
3.778892e+003,9.490746e+001
3.779375e+003,9.483684e+001
3.779856e+003,9.479514e+001
3.780339e+003,9.479345e+001
3.780821e+003,9.482804e+001
3.781303e+003,9.488462e+001
3.781785e+003,9.494532e+001
3.782267e+003,9.499375e+001
3.782749e+003,9.501772e+001
3.783231e+003,9.501154e+001
3.783714e+003,9.497802e+001
3.784196e+003,9.492891e+001
3.784678e+003,9.488158e+001
3.785160e+003,9.485184e+001
3.785642e+003,9.484737e+001
3.786124e+003,9.486600e+001
3.786606e+003,9.489916e+001
3.787088e+003,9.493694e+001
3.787571e+003,9.497158e+001
3.788053e+003,9.499908e+001
3.788535e+003,9.501849e+001
3.789017e+003,9.503089e+001
3.789499e+003,9.503781e+001
3.789981e+003,9.504070e+001
3.790463e+003,9.504103e+001
3.790945e+003,9.504086e+001
3.791427e+003,9.504301e+001
3.791910e+003,9.505049e+001
3.792392e+003,9.506472e+001
3.792874e+003,9.508427e+001
3.793356e+003,9.510381e+001
3.793838e+003,9.511449e+001
3.794320e+003,9.510562e+001
3.794802e+003,9.506777e+001
3.795284e+003,9.499806e+001
3.795767e+003,9.490543e+001
3.796249e+003,9.481148e+001
3.796731e+003,9.474260e+001
3.797213e+003,9.471647e+001
3.797695e+003,9.473400e+001
3.798177e+003,9.478098e+001
3.798659e+003,9.483472e+001
3.799142e+003,9.486892e+001
3.799624e+003,9.485629e+001
3.800106e+003,9.477301e+001
3.800588e+003,9.461263e+001
3.801070e+003,9.440672e+001
3.801552e+003,9.422699e+001
3.802034e+003,9.414189e+001
3.802516e+003,9.416810e+001
3.802999e+003,9.427440e+001
3.803481e+003,9.441674e+001
3.803963e+003,9.455943e+001
3.804445e+003,9.467737e+001
3.804927e+003,9.475246e+001
3.805409e+003,9.477205e+001
3.805891e+003,9.473334e+001
3.806373e+003,9.465195e+001
3.806855e+003,9.456404e+001
3.807338e+003,9.451089e+001
3.807820e+003,9.451444e+001
3.808302e+003,9.456938e+001
3.808784e+003,9.465443e+001
3.809266e+003,9.474705e+001
3.809748e+003,9.483109e+001
3.810230e+003,9.489861e+001
3.810712e+003,9.494920e+001
3.811195e+003,9.498814e+001
3.811677e+003,9.502296e+001
3.812159e+003,9.505947e+001
3.812641e+003,9.509813e+001
3.813123e+003,9.513222e+001
3.813605e+003,9.514791e+001
3.814087e+003,9.512652e+001
3.814570e+003,9.505042e+001
3.815052e+003,9.491532e+001
3.815534e+003,9.474429e+001
3.816016e+003,9.458683e+001
3.816498e+003,9.449157e+001
3.816980e+003,9.447597e+001
3.817462e+003,9.452372e+001
3.817944e+003,9.460237e+001
3.818427e+003,9.467741e+001
3.818909e+003,9.471684e+001
3.819391e+003,9.469144e+001
3.819873e+003,9.458138e+001
3.820355e+003,9.439469e+001
3.820837e+003,9.418633e+001
3.821319e+003,9.403992e+001
3.821801e+003,9.400858e+001
3.822283e+003,9.408385e+001
3.822766e+003,9.422255e+001
3.823248e+003,9.438178e+001
3.823730e+003,9.453180e+001
3.824212e+003,9.465407e+001
3.824694e+003,9.473766e+001
3.825176e+003,9.477805e+001
3.825658e+003,9.477889e+001
3.826140e+003,9.475388e+001
3.826623e+003,9.472430e+001
3.827105e+003,9.471075e+001
3.827587e+003,9.472420e+001
3.828069e+003,9.476287e+001
3.828551e+003,9.481555e+001
3.829033e+003,9.486740e+001
3.829515e+003,9.490459e+001
3.829998e+003,9.491759e+001
3.830479e+003,9.490366e+001
3.830962e+003,9.486839e+001
3.831444e+003,9.482428e+001
3.831926e+003,9.478591e+001
3.832408e+003,9.476342e+001
3.832890e+003,9.475866e+001
3.833372e+003,9.476593e+001
3.833854e+003,9.477573e+001
3.834337e+003,9.477856e+001
3.834819e+003,9.476711e+001
3.835301e+003,9.473707e+001
3.835783e+003,9.468664e+001
3.836265e+003,9.461570e+001
3.836747e+003,9.452558e+001
3.837229e+003,9.442023e+001
3.837711e+003,9.430854e+001
3.838194e+003,9.420569e+001
3.838676e+003,9.413028e+001
3.839158e+003,9.409697e+001
3.839640e+003,9.410962e+001
3.840122e+003,9.416006e+001
3.840604e+003,9.423280e+001
3.841086e+003,9.431124e+001
3.841568e+003,9.438211e+001
3.842051e+003,9.443753e+001
3.842533e+003,9.447587e+001
3.843015e+003,9.450147e+001
3.843497e+003,9.452279e+001
3.843979e+003,9.454917e+001
3.844461e+003,9.458694e+001
3.844943e+003,9.463728e+001
3.845426e+003,9.469658e+001
3.845907e+003,9.475871e+001
3.846390e+003,9.481717e+001
3.846872e+003,9.486694e+001
3.847354e+003,9.490533e+001
3.847836e+003,9.493217e+001
3.848318e+003,9.494956e+001
3.848800e+003,9.496082e+001
3.849282e+003,9.496860e+001
3.849765e+003,9.497252e+001
3.850247e+003,9.496652e+001
3.850729e+003,9.493681e+001
3.851211e+003,9.485997e+001
3.851693e+003,9.470549e+001
3.852175e+003,9.445015e+001
3.852657e+003,9.411443e+001
3.853139e+003,9.379353e+001
3.853622e+003,9.360690e+001
3.854104e+003,9.359229e+001
3.854586e+003,9.369668e+001
3.855068e+003,9.384933e+001
3.855550e+003,9.400536e+001
3.856032e+003,9.414668e+001
3.856514e+003,9.427090e+001
3.856996e+003,9.438238e+001
3.857479e+003,9.448634e+001
3.857961e+003,9.458549e+001
3.858443e+003,9.467889e+001
3.858925e+003,9.476227e+001
3.859407e+003,9.482956e+001
3.859889e+003,9.487466e+001
3.860371e+003,9.489340e+001
3.860854e+003,9.488496e+001
3.861336e+003,9.485213e+001
3.861818e+003,9.479990e+001
3.862300e+003,9.473289e+001
3.862782e+003,9.465359e+001
3.863264e+003,9.456405e+001
3.863746e+003,9.447065e+001
3.864228e+003,9.438866e+001
3.864710e+003,9.433960e+001
3.865193e+003,9.434084e+001
3.865675e+003,9.439487e+001
3.866157e+003,9.448871e+001
3.866639e+003,9.459981e+001
3.867121e+003,9.470265e+001
3.867603e+003,9.477098e+001
3.868085e+003,9.477940e+001
3.868567e+003,9.470924e+001
3.869050e+003,9.456395e+001
3.869532e+003,9.438535e+001
3.870014e+003,9.424331e+001
3.870496e+003,9.418996e+001
3.870978e+003,9.422617e+001
3.871460e+003,9.431525e+001
3.871942e+003,9.441380e+001
3.872424e+003,9.448856e+001
3.872906e+003,9.452186e+001
3.873389e+003,9.451361e+001
3.873871e+003,9.448202e+001
3.874353e+003,9.445655e+001
3.874835e+003,9.446268e+001
3.875317e+003,9.450925e+001
3.875799e+003,9.458829e+001
3.876281e+003,9.468353e+001
3.876764e+003,9.477787e+001
3.877246e+003,9.485652e+001
3.877728e+003,9.490717e+001
3.878210e+003,9.491944e+001
3.878692e+003,9.488583e+001
3.879174e+003,9.480529e+001
3.879656e+003,9.468913e+001
3.880138e+003,9.456370e+001
3.880621e+003,9.446328e+001
3.881103e+003,9.441380e+001
3.881585e+003,9.442104e+001
3.882067e+003,9.447203e+001
3.882549e+003,9.454436e+001
3.883031e+003,9.461380e+001
3.883513e+003,9.465829e+001
3.883995e+003,9.466030e+001
3.884478e+003,9.461283e+001
3.884960e+003,9.452750e+001
3.885442e+003,9.443760e+001
3.885924e+003,9.438394e+001
3.886406e+003,9.439100e+001
3.886888e+003,9.445618e+001
3.887370e+003,9.455882e+001
3.887853e+003,9.467385e+001
3.888334e+003,9.477903e+001
3.888817e+003,9.485607e+001
3.889299e+003,9.489017e+001
3.889781e+003,9.487122e+001
3.890263e+003,9.479807e+001
3.890745e+003,9.468399e+001
3.891227e+003,9.455759e+001
3.891709e+003,9.445336e+001
3.892192e+003,9.439652e+001
3.892674e+003,9.439367e+001
3.893156e+003,9.443574e+001
3.893638e+003,9.450681e+001
3.894120e+003,9.459132e+001
3.894602e+003,9.467691e+001
3.895084e+003,9.475483e+001
3.895566e+003,9.481889e+001
3.896049e+003,9.486463e+001
3.896531e+003,9.488850e+001
3.897013e+003,9.488785e+001
3.897495e+003,9.486134e+001
3.897977e+003,9.481014e+001
3.898459e+003,9.473900e+001
3.898941e+003,9.465688e+001
3.899423e+003,9.457521e+001
3.899906e+003,9.450455e+001
3.900388e+003,9.445068e+001
3.900870e+003,9.441270e+001
3.901352e+003,9.438426e+001
3.901834e+003,9.435647e+001
3.902316e+003,9.432172e+001
3.902798e+003,9.427740e+001
3.903281e+003,9.422869e+001
3.903762e+003,9.418810e+001
3.904245e+003,9.417075e+001
3.904727e+003,9.418698e+001
3.905209e+003,9.423743e+001
3.905691e+003,9.431432e+001
3.906173e+003,9.440582e+001
3.906655e+003,9.450063e+001
3.907137e+003,9.459021e+001
3.907620e+003,9.466911e+001
3.908102e+003,9.473438e+001
3.908584e+003,9.478477e+001
3.909066e+003,9.482014e+001
3.909548e+003,9.484122e+001
3.910030e+003,9.484965e+001
3.910512e+003,9.484833e+001
3.910994e+003,9.484154e+001
3.911477e+003,9.483446e+001
3.911959e+003,9.483188e+001
3.912441e+003,9.483661e+001
3.912923e+003,9.484826e+001
3.913405e+003,9.486297e+001
3.913887e+003,9.487435e+001
3.914369e+003,9.487510e+001
3.914851e+003,9.485912e+001
3.915333e+003,9.482401e+001
3.915816e+003,9.477263e+001
3.916298e+003,9.471320e+001
3.916780e+003,9.465654e+001
3.917262e+003,9.461161e+001
3.917744e+003,9.458228e+001
3.918226e+003,9.456722e+001
3.918708e+003,9.456268e+001
3.919190e+003,9.456553e+001
3.919673e+003,9.457478e+001
3.920155e+003,9.459105e+001
3.920637e+003,9.461443e+001
3.921119e+003,9.464268e+001
3.921601e+003,9.467039e+001
3.922083e+003,9.468971e+001
3.922565e+003,9.469270e+001
3.923048e+003,9.467427e+001
3.923530e+003,9.463557e+001
3.924012e+003,9.458602e+001
3.924494e+003,9.454137e+001
3.924976e+003,9.451741e+001
3.925458e+003,9.452249e+001
3.925940e+003,9.455450e+001
3.926422e+003,9.460336e+001
3.926905e+003,9.465620e+001
3.927387e+003,9.470158e+001
3.927869e+003,9.473170e+001
3.928351e+003,9.474307e+001
3.928833e+003,9.473635e+001
3.929315e+003,9.471509e+001
3.929797e+003,9.468408e+001
3.930279e+003,9.464780e+001
3.930761e+003,9.460963e+001
3.931244e+003,9.457224e+001
3.931726e+003,9.453870e+001
3.932208e+003,9.451321e+001
3.932690e+003,9.450045e+001
3.933172e+003,9.450361e+001
3.933654e+003,9.452282e+001
3.934136e+003,9.455473e+001
3.934618e+003,9.459349e+001
3.935101e+003,9.463246e+001
3.935583e+003,9.466587e+001
3.936065e+003,9.469004e+001
3.936547e+003,9.470414e+001
3.937029e+003,9.471014e+001
3.937511e+003,9.471214e+001
3.937993e+003,9.471448e+001
3.938476e+003,9.472016e+001
3.938958e+003,9.472938e+001
3.939440e+003,9.473924e+001
3.939922e+003,9.474461e+001
3.940404e+003,9.473963e+001
3.940886e+003,9.471974e+001
3.941368e+003,9.468401e+001
3.941850e+003,9.463680e+001
3.942333e+003,9.458775e+001
3.942815e+003,9.454903e+001
3.943297e+003,9.453048e+001
3.943779e+003,9.453568e+001
3.944261e+003,9.456100e+001
3.944743e+003,9.459779e+001
3.945225e+003,9.463551e+001
3.945707e+003,9.466441e+001
3.946189e+003,9.467742e+001
3.946672e+003,9.467123e+001
3.947154e+003,9.464700e+001
3.947636e+003,9.461009e+001
3.948118e+003,9.456890e+001
3.948600e+003,9.453219e+001
3.949082e+003,9.450668e+001
3.949564e+003,9.449535e+001
3.950046e+003,9.449775e+001
3.950529e+003,9.451123e+001
3.951011e+003,9.453244e+001
3.951493e+003,9.455821e+001
3.951975e+003,9.458591e+001
3.952457e+003,9.461328e+001
3.952939e+003,9.463837e+001
3.953421e+003,9.465949e+001
3.953904e+003,9.467548e+001
3.954385e+003,9.468585e+001
3.954868e+003,9.469102e+001
3.955350e+003,9.469219e+001
3.955832e+003,9.469103e+001
3.956314e+003,9.468924e+001
3.956796e+003,9.468813e+001
3.957278e+003,9.468829e+001
3.957760e+003,9.468953e+001
3.958243e+003,9.469096e+001
3.958725e+003,9.469138e+001
3.959207e+003,9.468933e+001
3.959689e+003,9.468384e+001
3.960171e+003,9.467439e+001
3.960653e+003,9.466165e+001
3.961135e+003,9.464737e+001
3.961617e+003,9.463447e+001
3.962100e+003,9.462621e+001
3.962582e+003,9.462535e+001
3.963064e+003,9.463309e+001
3.963546e+003,9.464858e+001
3.964028e+003,9.466908e+001
3.964510e+003,9.469067e+001
3.964992e+003,9.470936e+001
3.965474e+003,9.472202e+001
3.965957e+003,9.472716e+001
3.966439e+003,9.472513e+001
3.966921e+003,9.471787e+001
3.967403e+003,9.470811e+001
3.967885e+003,9.469848e+001
3.968367e+003,9.469082e+001
3.968849e+003,9.468574e+001
3.969332e+003,9.468280e+001
3.969813e+003,9.468081e+001
3.970296e+003,9.467842e+001
3.970778e+003,9.467445e+001
3.971260e+003,9.466830e+001
3.971742e+003,9.465991e+001
3.972224e+003,9.464986e+001
3.972706e+003,9.463910e+001
3.973188e+003,9.462894e+001
3.973671e+003,9.462061e+001
3.974153e+003,9.461498e+001
3.974635e+003,9.461233e+001
3.975117e+003,9.461214e+001
3.975599e+003,9.461347e+001
3.976081e+003,9.461531e+001
3.976563e+003,9.461695e+001
3.977045e+003,9.461839e+001
3.977528e+003,9.462016e+001
3.978010e+003,9.462308e+001
3.978492e+003,9.462761e+001
3.978974e+003,9.463362e+001
3.979456e+003,9.464021e+001
3.979938e+003,9.464600e+001
3.980420e+003,9.464980e+001
3.980902e+003,9.465099e+001
3.981385e+003,9.464991e+001
3.981867e+003,9.464761e+001
3.982349e+003,9.464543e+001
3.982831e+003,9.464443e+001
3.983313e+003,9.464500e+001
3.983795e+003,9.464676e+001
3.984277e+003,9.464896e+001
3.984760e+003,9.465083e+001
3.985242e+003,9.465191e+001
3.985724e+003,9.465205e+001
3.986206e+003,9.465121e+001
3.986688e+003,9.464923e+001
3.987170e+003,9.464563e+001
3.987652e+003,9.463991e+001
3.988134e+003,9.463181e+001
3.988616e+003,9.462177e+001
3.989099e+003,9.461102e+001
3.989581e+003,9.460142e+001
3.990063e+003,9.459465e+001
3.990545e+003,9.459172e+001
3.991027e+003,9.459224e+001
3.991509e+003,9.459471e+001
3.991991e+003,9.459710e+001
3.992473e+003,9.459763e+001
3.992956e+003,9.459556e+001
3.993438e+003,9.459140e+001
3.993920e+003,9.458665e+001
3.994402e+003,9.458322e+001
3.994884e+003,9.458257e+001
3.995366e+003,9.458532e+001
3.995848e+003,9.459095e+001
3.996330e+003,9.459833e+001
3.996813e+003,9.460602e+001
3.997295e+003,9.461285e+001
3.997777e+003,9.461808e+001
3.998259e+003,9.462145e+001
3.998741e+003,9.462299e+001
3.999223e+003,9.462290e+001
3.999705e+003,9.462145e+001
4.000188e+003,9.461909e+001
