3.996813e+002,0.000000e+000
4.001635e+002,6.899731e+001
4.006456e+002,6.858869e+001
4.011277e+002,6.816422e+001
4.016098e+002,6.770299e+001
4.020919e+002,6.720268e+001
4.025741e+002,6.667418e+001
4.030562e+002,6.612931e+001
4.035383e+002,6.557570e+001
4.040204e+002,6.501506e+001
4.045026e+002,6.445248e+001
4.049847e+002,6.390315e+001
4.054668e+002,6.339700e+001
4.059489e+002,6.296958e+001
4.064311e+002,6.264737e+001
4.069132e+002,6.243015e+001
4.073953e+002,6.229051e+001
4.078774e+002,6.218549e+001
4.083596e+002,6.207848e+001
4.088417e+002,6.195559e+001
4.093238e+002,6.182967e+001
4.098059e+002,6.172750e+001
4.102881e+002,6.166945e+001
4.107702e+002,6.164772e+001
4.112523e+002,6.162349e+001
4.117344e+002,6.153867e+001
4.122166e+002,6.134054e+001
4.126987e+002,6.100358e+001
4.131808e+002,6.054247e+001
4.136629e+002,6.000904e+001
4.141451e+002,5.947507e+001
4.146272e+002,5.900675e+001
4.151093e+002,5.864804e+001
4.155914e+002,5.841824e+001
4.160736e+002,5.832602e+001
4.165557e+002,5.838592e+001
4.170378e+002,5.863147e+001
4.175200e+002,5.910485e+001
4.180021e+002,5.980709e+001
4.184842e+002,6.060838e+001
4.189663e+002,6.123377e+001
4.194484e+002,6.144229e+001
4.199306e+002,6.123012e+001
4.204127e+002,6.077619e+001
4.208948e+002,6.027411e+001
4.213770e+002,5.984405e+001
4.218591e+002,5.953146e+001
4.223412e+002,5.932720e+001
4.228233e+002,5.918825e+001
4.233055e+002,5.905946e+001
4.237876e+002,5.889996e+001
4.242697e+002,5.870348e+001
4.247518e+002,5.850467e+001
4.252339e+002,5.835859e+001
4.257161e+002,5.830915e+001
4.261982e+002,5.836208e+001
4.266803e+002,5.848060e+001
4.271624e+002,5.860188e+001
4.276446e+002,5.866258e+001
4.281267e+002,5.862073e+001
4.286088e+002,5.846710e+001
4.290909e+002,5.822330e+001
4.295731e+002,5.792959e+001
4.300552e+002,5.762725e+001
4.305373e+002,5.734503e+001
4.310194e+002,5.709417e+001
4.315016e+002,5.687517e+001
4.319837e+002,5.668702e+001
4.324658e+002,5.653519e+001
4.329479e+002,5.642959e+001
4.334301e+002,5.637685e+001
4.339122e+002,5.637179e+001
4.343943e+002,5.639503e+001
4.348764e+002,5.641711e+001
4.353586e+002,5.641092e+001
4.358407e+002,5.636255e+001
4.363228e+002,5.627711e+001
4.368049e+002,5.617306e+001
4.372870e+002,5.606955e+001
4.377692e+002,5.597416e+001
4.382513e+002,5.588153e+001
4.387334e+002,5.577968e+001
4.392155e+002,5.566212e+001
4.396977e+002,5.553580e+001
4.401798e+002,5.542363e+001
4.406619e+002,5.535748e+001
4.411440e+002,5.536344e+001
4.416262e+002,5.544442e+001
4.421083e+002,5.557224e+001
4.425904e+002,5.569629e+001
4.430725e+002,5.576879e+001
4.435547e+002,5.576872e+001
4.440368e+002,5.571061e+001
4.445189e+002,5.563299e+001
4.450010e+002,5.557694e+001
4.454832e+002,5.556538e+001
4.459653e+002,5.559383e+001
4.464474e+002,5.563466e+001
4.469295e+002,5.565184e+001
4.474117e+002,5.561806e+001
4.478938e+002,5.552717e+001
4.483759e+002,5.539361e+001
4.488580e+002,5.524195e+001
4.493401e+002,5.509365e+001
4.498223e+002,5.495983e+001
4.503044e+002,5.484237e+001
4.507865e+002,5.474197e+001
4.512687e+002,5.466578e+001
4.517508e+002,5.463094e+001
4.522329e+002,5.465711e+001
4.527150e+002,5.475312e+001
4.531971e+002,5.490519e+001
4.536793e+002,5.507908e+001
4.541614e+002,5.523397e+001
4.546435e+002,5.533931e+001
4.551257e+002,5.538483e+001
4.556078e+002,5.538412e+001
4.560899e+002,5.537094e+001
4.565720e+002,5.539017e+001
4.570542e+002,5.547940e+001
4.575363e+002,5.564926e+001
4.580184e+002,5.587543e+001
4.585005e+002,5.611653e+001
4.589827e+002,5.634227e+001
4.594648e+002,5.654834e+001
4.599469e+002,5.674942e+001
4.604290e+002,5.696335e+001
4.609112e+002,5.719758e+001
4.613933e+002,5.744519e+001
4.618754e+002,5.768833e+001
4.623575e+002,5.790902e+001
4.628397e+002,5.809915e+001
4.633218e+002,5.826589e+001
4.638039e+002,5.842844e+001
4.642860e+002,5.860532e+001
4.647682e+002,5.880414e+001
4.652503e+002,5.901723e+001
4.657324e+002,5.922525e+001
4.662145e+002,5.940744e+001
4.666967e+002,5.955215e+001
4.671788e+002,5.966443e+001
4.676609e+002,5.976293e+001
4.681430e+002,5.986906e+001
4.686252e+002,5.999256e+001
4.691073e+002,6.012428e+001
4.695894e+002,6.023882e+001
4.700715e+002,6.030494e+001
4.705536e+002,6.029687e+001
4.710358e+002,6.020421e+001
4.715179e+002,6.003688e+001
4.720000e+002,5.982249e+001
4.724821e+002,5.959302e+001
4.729643e+002,5.936896e+001
4.734464e+002,5.914959e+001
4.739285e+002,5.892001e+001
4.744106e+002,5.866507e+001
4.748928e+002,5.838108e+001
4.753749e+002,5.807839e+001
4.758570e+002,5.777887e+001
4.763391e+002,5.750945e+001
4.768213e+002,5.729675e+001
4.773034e+002,5.716304e+001
4.777855e+002,5.712554e+001
4.782676e+002,5.719685e+001
4.787498e+002,5.738543e+001
4.792319e+002,5.769307e+001
4.797140e+002,5.811097e+001
4.801961e+002,5.861611e+001
4.806783e+002,5.917205e+001
4.811604e+002,5.973375e+001
4.816425e+002,6.025780e+001
4.821246e+002,6.071109e+001
4.826068e+002,6.107768e+001
4.830889e+002,6.135810e+001
4.835710e+002,6.156347e+001
4.840531e+002,6.170577e+001
4.845352e+002,6.179112e+001
4.850174e+002,6.181853e+001
4.854995e+002,6.178564e+001
4.859816e+002,6.169522e+001
4.864637e+002,6.155975e+001
4.869459e+002,6.139902e+001
4.874280e+002,6.123450e+001
4.879101e+002,6.108212e+001
4.883922e+002,6.094878e+001
4.888744e+002,6.083300e+001
4.893565e+002,6.072989e+001
4.898386e+002,6.063678e+001
4.903207e+002,6.055699e+001
4.908029e+002,6.049873e+001
4.912850e+002,6.046985e+001
4.917671e+002,6.047128e+001
4.922492e+002,6.049368e+001
4.927314e+002,6.051990e+001
4.932135e+002,6.053302e+001
4.936956e+002,6.052329e+001
4.941777e+002,6.049142e+001
4.946599e+002,6.044664e+001
4.951420e+002,6.039783e+001
4.956241e+002,6.034686e+001
4.961062e+002,6.028532e+001
4.965884e+002,6.019645e+001
4.970705e+002,6.006300e+001
4.975526e+002,5.987539e+001
4.980347e+002,5.963858e+001
4.985169e+002,5.937198e+001
4.989990e+002,5.910584e+001
4.994811e+002,5.887564e+001
4.999633e+002,5.871922e+001
5.004454e+002,5.867480e+001
5.009275e+002,5.877926e+001
5.014096e+002,5.906106e+001
5.018917e+002,5.952887e+001
5.023739e+002,6.016140e+001
5.028560e+002,6.090848e+001
5.033381e+002,6.170541e+001
5.038203e+002,6.249345e+001
5.043024e+002,6.323345e+001
5.047845e+002,6.390951e+001
5.052666e+002,6.452378e+001
5.057487e+002,6.508802e+001
5.062309e+002,6.561401e+001
5.067130e+002,6.610577e+001
5.071951e+002,6.655611e+001
5.076772e+002,6.694937e+001
5.081594e+002,6.726933e+001
5.086415e+002,6.750726e+001
5.091236e+002,6.766582e+001
5.096057e+002,6.775838e+001
5.100879e+002,6.780402e+001
5.105700e+002,6.782131e+001
5.110521e+002,6.782277e+001
5.115342e+002,6.781266e+001
5.120164e+002,6.778834e+001
5.124985e+002,6.774548e+001
5.129806e+002,6.768294e+001
5.134627e+002,6.760614e+001
5.139448e+002,6.752561e+001
5.144270e+002,6.745358e+001
5.149091e+002,6.739848e+001
5.153912e+002,6.736195e+001
5.158734e+002,6.733806e+001
5.163555e+002,6.731642e+001
5.168376e+002,6.728708e+001
5.173197e+002,6.724528e+001
5.178019e+002,6.719245e+001
5.182840e+002,6.713400e+001
5.187661e+002,6.707394e+001
5.192482e+002,6.701219e+001
5.197303e+002,6.694501e+001
5.202125e+002,6.686855e+001
5.206946e+002,6.678259e+001
5.211767e+002,6.669194e+001
5.216588e+002,6.660473e+001
5.221410e+002,6.652858e+001
5.226231e+002,6.646700e+001
5.231052e+002,6.641776e+001
5.235873e+002,6.637414e+001
5.240695e+002,6.632829e+001
5.245516e+002,6.627490e+001
5.250337e+002,6.621357e+001
5.255159e+002,6.614912e+001
5.259980e+002,6.608646e+001
5.264801e+002,6.602560e+001
5.269622e+002,6.595913e+001
5.274443e+002,6.587418e+001
5.279265e+002,6.575793e+001
5.284086e+002,6.560256e+001
5.288907e+002,6.540829e+001
5.293728e+002,6.518249e+001
5.298550e+002,6.493713e+001
5.303371e+002,6.468421e+001
5.308192e+002,6.443259e+001
5.313013e+002,6.418621e+001
5.317834e+002,6.394538e+001
5.322656e+002,6.370890e+001
5.327477e+002,6.347591e+001
5.332299e+002,6.324564e+001
5.337120e+002,6.301532e+001
5.341941e+002,6.277744e+001
5.346762e+002,6.251921e+001
5.351583e+002,6.222458e+001
5.356404e+002,6.187923e+001
5.361226e+002,6.147568e+001
5.366047e+002,6.101623e+001
5.370868e+002,6.051181e+001
5.375690e+002,5.997704e+001
5.380511e+002,5.942363e+001
5.385332e+002,5.885592e+001
5.390153e+002,5.826979e+001
5.394974e+002,5.765595e+001
5.399796e+002,5.700506e+001
5.404617e+002,5.631273e+001
5.409438e+002,5.558118e+001
5.414260e+002,5.481828e+001
5.419081e+002,5.403434e+001
5.423902e+002,5.324009e+001
5.428723e+002,5.244709e+001
5.433544e+002,5.167165e+001
5.438365e+002,5.093936e+001
5.443187e+002,5.028830e+001
5.448008e+002,4.976692e+001
5.452830e+002,4.942689e+001
5.457651e+002,4.931226e+001
5.462472e+002,4.945068e+001
5.467293e+002,4.985062e+001
5.472114e+002,5.050549e+001
5.476936e+002,5.140057e+001
5.481757e+002,5.251733e+001
5.486578e+002,5.383225e+001
5.491400e+002,5.531178e+001
5.496221e+002,5.690774e+001
5.501042e+002,5.855826e+001
5.505863e+002,6.019550e+001
5.510684e+002,6.175741e+001
5.515505e+002,6.319816e+001
5.520327e+002,6.449286e+001
5.525148e+002,6.563504e+001
5.529969e+002,6.663007e+001
5.534791e+002,6.748763e+001
5.539612e+002,6.821674e+001
5.544433e+002,6.882457e+001
5.549254e+002,6.931829e+001
5.554076e+002,6.970719e+001
5.558896e+002,7.000391e+001
5.563718e+002,7.022379e+001
5.568539e+002,7.038141e+001
5.573361e+002,7.048823e+001
5.578182e+002,7.055180e+001
5.583003e+002,7.057674e+001
5.587825e+002,7.056741e+001
5.592645e+002,7.052965e+001
5.597467e+002,7.047134e+001
5.602288e+002,7.040042e+001
5.607109e+002,7.032227e+001
5.611931e+002,7.023760e+001
5.616752e+002,7.014271e+001
5.621573e+002,7.003188e+001
5.626394e+002,6.990129e+001
5.631216e+002,6.975182e+001
5.636037e+002,6.958974e+001
5.640858e+002,6.942440e+001
5.645679e+002,6.926451e+001
5.650500e+002,6.911462e+001
5.655322e+002,6.897424e+001
5.660143e+002,6.883942e+001
5.664965e+002,6.870625e+001
5.669785e+002,6.857368e+001
5.674607e+002,6.844440e+001
5.679428e+002,6.832269e+001
5.684249e+002,6.821077e+001
5.689070e+002,6.810565e+001
5.693892e+002,6.799892e+001
5.698713e+002,6.787992e+001
5.703534e+002,6.774062e+001
5.708356e+002,6.757941e+001
5.713177e+002,6.740234e+001
5.717998e+002,6.722005e+001
5.722819e+002,6.704322e+001
5.727640e+002,6.687795e+001
5.732462e+002,6.672424e+001
5.737283e+002,6.657742e+001
5.742104e+002,6.643201e+001
5.746925e+002,6.628574e+001
5.751747e+002,6.614163e+001
5.756568e+002,6.600642e+001
5.761389e+002,6.588665e+001
5.766210e+002,6.578378e+001
5.771031e+002,6.569246e+001
5.775853e+002,6.560242e+001
5.780674e+002,6.550311e+001
5.785496e+002,6.538779e+001
5.790317e+002,6.525590e+001
5.795138e+002,6.511224e+001
5.799959e+002,6.496421e+001
5.804780e+002,6.481828e+001
5.809601e+002,6.467796e+001
5.814423e+002,6.454393e+001
5.819244e+002,6.441650e+001
5.824066e+002,6.429803e+001
5.828887e+002,6.419358e+001
5.833708e+002,6.410899e+001
5.838529e+002,6.404741e+001
5.843350e+002,6.400591e+001
5.848171e+002,6.397490e+001
5.852993e+002,6.394057e+001
5.857814e+002,6.389013e+001
5.862635e+002,6.381649e+001
5.867457e+002,6.372036e+001
5.872278e+002,6.360867e+001
5.877099e+002,6.348996e+001
5.881920e+002,6.336992e+001
5.886741e+002,6.324923e+001
5.891563e+002,6.312417e+001
5.896384e+002,6.299030e+001
5.901205e+002,6.284613e+001
5.906027e+002,6.269551e+001
5.910848e+002,6.254655e+001
5.915669e+002,6.240794e+001
5.920490e+002,6.228408e+001
5.925311e+002,6.217245e+001
5.930133e+002,6.206483e+001
5.934954e+002,6.195170e+001
5.939775e+002,6.182685e+001
5.944597e+002,6.169022e+001
5.949418e+002,6.154709e+001
5.954239e+002,6.140501e+001
5.959060e+002,6.126991e+001
5.963882e+002,6.114358e+001
5.968702e+002,6.102367e+001
5.973524e+002,6.090578e+001
5.978345e+002,6.078637e+001
5.983167e+002,6.066441e+001
5.987988e+002,6.054101e+001
5.992809e+002,6.041715e+001
5.997630e+002,6.029105e+001
6.002451e+002,6.015751e+001
6.007273e+002,6.000890e+001
6.012094e+002,5.983863e+001
6.016915e+002,5.964389e+001
6.021736e+002,5.942661e+001
6.026558e+002,5.919191e+001
6.031379e+002,5.894531e+001
6.036200e+002,5.869020e+001
6.041022e+002,5.842746e+001
6.045842e+002,5.815702e+001
6.050664e+002,5.788124e+001
6.055485e+002,5.760691e+001
6.060306e+002,5.734560e+001
6.065128e+002,5.711076e+001
6.069949e+002,5.691330e+001
6.074770e+002,5.675753e+001
6.079591e+002,5.663980e+001
6.084413e+002,5.655004e+001
6.089234e+002,5.647625e+001
6.094055e+002,5.640902e+001
6.098876e+002,5.634453e+001
6.103698e+002,5.628409e+001
6.108519e+002,5.623151e+001
6.113340e+002,5.618919e+001
6.118162e+002,5.615607e+001
6.122983e+002,5.612759e+001
6.127804e+002,5.609812e+001
6.132625e+002,5.606377e+001
6.137446e+002,5.602399e+001
6.142267e+002,5.598074e+001
6.147089e+002,5.593620e+001
6.151910e+002,5.589014e+001
6.156731e+002,5.583903e+001
6.161553e+002,5.577724e+001
6.166374e+002,5.570037e+001
6.171195e+002,5.560775e+001
6.176016e+002,5.550334e+001
6.180837e+002,5.539338e+001
6.185659e+002,5.528230e+001
6.190480e+002,5.516978e+001
6.195302e+002,5.505038e+001
6.200123e+002,5.491618e+001
6.204944e+002,5.476151e+001
6.209765e+002,5.458644e+001
6.214586e+002,5.439796e+001
6.219407e+002,5.420733e+001
6.224229e+002,5.402553e+001
6.229050e+002,5.385852e+001
6.233871e+002,5.370536e+001
6.238693e+002,5.355943e+001
6.243514e+002,5.341278e+001
6.248335e+002,5.326033e+001
6.253156e+002,5.310271e+001
6.257977e+002,5.294548e+001
6.262798e+002,5.279568e+001
6.267620e+002,5.265766e+001
6.272441e+002,5.253078e+001
6.277263e+002,5.241020e+001
6.282084e+002,5.228970e+001
6.286905e+002,5.216516e+001
6.291726e+002,5.203641e+001
6.296547e+002,5.190665e+001
6.301368e+002,5.178004e+001
6.306190e+002,5.165903e+001
6.311011e+002,5.154306e+001
6.315833e+002,5.142930e+001
6.320654e+002,5.131532e+001
6.325475e+002,5.120128e+001
6.330296e+002,5.109107e+001
6.335117e+002,5.099072e+001
6.339939e+002,5.090570e+001
6.344760e+002,5.083797e+001
6.349581e+002,5.078545e+001
6.354402e+002,5.074335e+001
6.359224e+002,5.070768e+001
6.364045e+002,5.067774e+001
6.368866e+002,5.065702e+001
6.373687e+002,5.065096e+001
6.378508e+002,5.066357e+001
6.383330e+002,5.069438e+001
6.388151e+002,5.073777e+001
6.392972e+002,5.078509e+001
6.397794e+002,5.082859e+001
6.402615e+002,5.086513e+001
6.407436e+002,5.089765e+001
6.412257e+002,5.093359e+001
6.417079e+002,5.098100e+001
6.421899e+002,5.104458e+001
6.426721e+002,5.112379e+001
6.431542e+002,5.121365e+001
6.436364e+002,5.130789e+001
6.441185e+002,5.140250e+001
6.446006e+002,5.149771e+001
6.450827e+002,5.159740e+001
6.455648e+002,5.170634e+001
6.460470e+002,5.182698e+001
6.465291e+002,5.195764e+001
6.470112e+002,5.209297e+001
6.474933e+002,5.222647e+001
6.479755e+002,5.235329e+001
6.484576e+002,5.247214e+001
6.489397e+002,5.258476e+001
6.494219e+002,5.269393e+001
6.499040e+002,5.280084e+001
6.503861e+002,5.290414e+001
6.508682e+002,5.300069e+001
6.513503e+002,5.308804e+001
6.518325e+002,5.316634e+001
6.523146e+002,5.323899e+001
6.527968e+002,5.331074e+001
6.532788e+002,5.338478e+001
6.537610e+002,5.346015e+001
6.542431e+002,5.353162e+001
6.547252e+002,5.359187e+001
6.552073e+002,5.363537e+001
6.556895e+002,5.366167e+001
6.561716e+002,5.367627e+001
6.566537e+002,5.368823e+001
6.571359e+002,5.370611e+001
6.576179e+002,5.373362e+001
6.581001e+002,5.376828e+001
6.585822e+002,5.380267e+001
6.590643e+002,5.382816e+001
6.595464e+002,5.383888e+001
6.600286e+002,5.383361e+001
6.605107e+002,5.381464e+001
6.609928e+002,5.378474e+001
6.614750e+002,5.374415e+001
6.619571e+002,5.368997e+001
6.624392e+002,5.361829e+001
6.629213e+002,5.352806e+001
6.634034e+002,5.342361e+001
6.638856e+002,5.331456e+001
6.643677e+002,5.321217e+001
6.648499e+002,5.312502e+001
6.653320e+002,5.305557e+001
6.658141e+002,5.299874e+001
6.662962e+002,5.294117e+001
6.667783e+002,5.286197e+001
6.672605e+002,5.273634e+001
6.677426e+002,5.254823e+001
6.682247e+002,5.230861e+001
6.687068e+002,5.205706e+001
6.691890e+002,5.183175e+001
6.696711e+002,5.164297e+001
6.701532e+002,5.147874e+001
6.706353e+002,5.132305e+001
6.711174e+002,5.116607e+001
6.715996e+002,5.100572e+001
6.720817e+002,5.084510e+001
6.725638e+002,5.068861e+001
6.730460e+002,5.053794e+001
6.735281e+002,5.038992e+001
6.740102e+002,5.023730e+001
6.744923e+002,5.007236e+001
6.749745e+002,4.989091e+001
6.754565e+002,4.969424e+001
6.759387e+002,4.948757e+001
6.764208e+002,4.927605e+001
6.769030e+002,4.906068e+001
6.773851e+002,4.883679e+001
6.778672e+002,4.859637e+001
6.783493e+002,4.833301e+001
6.788314e+002,4.804650e+001
6.793136e+002,4.774472e+001
6.797957e+002,4.744062e+001
6.802778e+002,4.714667e+001
6.807599e+002,4.686895e+001
6.812421e+002,4.660447e+001
6.817242e+002,4.634333e+001
6.822063e+002,4.607489e+001
6.826885e+002,4.579380e+001
6.831705e+002,4.550335e+001
6.836527e+002,4.521391e+001
6.841348e+002,4.493789e+001
6.846169e+002,4.468416e+001
6.850991e+002,4.445583e+001
6.855812e+002,4.425269e+001
6.860634e+002,4.407750e+001
6.865454e+002,4.394205e+001
6.870276e+002,4.386962e+001
6.875096e+002,4.389133e+001
6.879918e+002,4.403746e+001
6.884739e+002,4.432727e+001
6.889561e+002,4.476244e+001
6.894382e+002,4.532707e+001
6.899203e+002,4.599388e+001
6.904025e+002,4.673183e+001
6.908845e+002,4.751146e+001
6.913667e+002,4.830584e+001
6.918488e+002,4.908892e+001
6.923309e+002,4.983422e+001
6.928130e+002,5.051587e+001
6.932952e+002,5.111235e+001
6.937773e+002,5.161071e+001
6.942594e+002,5.200901e+001
6.947416e+002,5.231557e+001
6.952236e+002,5.254508e+001
6.957058e+002,5.271338e+001
6.961879e+002,5.283319e+001
6.966700e+002,5.291254e+001
6.971522e+002,5.295605e+001
6.976343e+002,5.296799e+001
6.981165e+002,5.295479e+001
6.985985e+002,5.292560e+001
6.990807e+002,5.289022e+001
6.995628e+002,5.285589e+001
7.000449e+002,5.282458e+001
7.005270e+002,5.279296e+001
7.010092e+002,5.275473e+001
7.014913e+002,5.270480e+001
7.019734e+002,5.264261e+001
7.024556e+002,5.257317e+001
7.029377e+002,5.250521e+001
7.034198e+002,5.244747e+001
7.039019e+002,5.240505e+001
7.043840e+002,5.237785e+001
7.048662e+002,5.236170e+001
7.053483e+002,5.235167e+001
7.058304e+002,5.234503e+001
7.063125e+002,5.234265e+001
7.067947e+002,5.234764e+001
7.072768e+002,5.236268e+001
7.077589e+002,5.238744e+001
7.082410e+002,5.241813e+001
7.087231e+002,5.244919e+001
7.092053e+002,5.247651e+001
7.096874e+002,5.249994e+001
7.101696e+002,5.252386e+001
7.106517e+002,5.255479e+001
7.111338e+002,5.259846e+001
7.116159e+002,5.265678e+001
7.120980e+002,5.272714e+001
7.125802e+002,5.280423e+001
7.130623e+002,5.288332e+001
7.135444e+002,5.296292e+001
7.140265e+002,5.304538e+001
7.145087e+002,5.313497e+001
7.149908e+002,5.323471e+001
7.154729e+002,5.334367e+001
7.159550e+002,5.345682e+001
7.164371e+002,5.356724e+001
7.169193e+002,5.366980e+001
7.174014e+002,5.376384e+001
7.178835e+002,5.385386e+001
7.183657e+002,5.394726e+001
7.188478e+002,5.405069e+001
7.193299e+002,5.416657e+001
7.198120e+002,5.429201e+001
7.202942e+002,5.442052e+001
7.207762e+002,5.454591e+001
7.212584e+002,5.466575e+001
7.217405e+002,5.478265e+001
7.222227e+002,5.490245e+001
7.227048e+002,5.503075e+001
7.231869e+002,5.516974e+001
7.236691e+002,5.531693e+001
7.241511e+002,5.546630e+001
7.246333e+002,5.561111e+001
7.251154e+002,5.574661e+001
7.255975e+002,5.587141e+001
7.260797e+002,5.598683e+001
7.265618e+002,5.609490e+001
7.270439e+002,5.619651e+001
7.275260e+002,5.629108e+001
7.280082e+002,5.637758e+001
7.284902e+002,5.645697e+001
7.289724e+002,5.653354e+001
7.294545e+002,5.661499e+001
7.299366e+002,5.671014e+001
7.304188e+002,5.682610e+001
7.309009e+002,5.696579e+001
7.313831e+002,5.712798e+001
7.318651e+002,5.730923e+001
7.323473e+002,5.750732e+001
7.328293e+002,5.772385e+001
7.333115e+002,5.796493e+001
7.337936e+002,5.823941e+001
7.342758e+002,5.855567e+001
7.347579e+002,5.891875e+001
7.352400e+002,5.932895e+001
7.357222e+002,5.978246e+001
7.362042e+002,6.027318e+001
7.366864e+002,6.079433e+001
7.371685e+002,6.133894e+001
7.376506e+002,6.189904e+001
7.381328e+002,6.246479e+001
7.386149e+002,6.302421e+001
7.390970e+002,6.356483e+001
7.395791e+002,6.407606e+001
7.400613e+002,6.455209e+001
7.405434e+002,6.499298e+001
7.410255e+002,6.540437e+001
7.415076e+002,6.579404e+001
7.419897e+002,6.616940e+001
7.424719e+002,6.653476e+001
7.429540e+002,6.689063e+001
7.434362e+002,6.723489e+001
7.439182e+002,6.756507e+001
7.444004e+002,6.788007e+001
7.448825e+002,6.818118e+001
7.453646e+002,6.847134e+001
7.458467e+002,6.875380e+001
7.463289e+002,6.903085e+001
7.468110e+002,6.930344e+001
7.472931e+002,6.957156e+001
7.477753e+002,6.983521e+001
7.482574e+002,7.009484e+001
7.487395e+002,7.035112e+001
7.492216e+002,7.060393e+001
7.497037e+002,7.085161e+001
7.501859e+002,7.109064e+001
7.506680e+002,7.131668e+001
7.511501e+002,7.152618e+001
7.516322e+002,7.171774e+001
7.521144e+002,7.189281e+001
7.525965e+002,7.205496e+001
7.530786e+002,7.220823e+001
7.535608e+002,7.235539e+001
7.540428e+002,7.249709e+001
7.545250e+002,7.263220e+001
7.550071e+002,7.275940e+001
7.554893e+002,7.287860e+001
7.559714e+002,7.299177e+001
7.564535e+002,7.310231e+001
7.569356e+002,7.321331e+001
7.574177e+002,7.332561e+001
7.578999e+002,7.343683e+001
7.583820e+002,7.354168e+001
7.588641e+002,7.363382e+001
7.593463e+002,7.370810e+001
7.598284e+002,7.376210e+001
7.603105e+002,7.379653e+001
7.607926e+002,7.381413e+001
7.612748e+002,7.381815e+001
7.617568e+002,7.381073e+001
7.622390e+002,7.379266e+001
7.627211e+002,7.376388e+001
7.632032e+002,7.372459e+001
7.636854e+002,7.367593e+001
7.641675e+002,7.361967e+001
7.646496e+002,7.355698e+001
7.651317e+002,7.348713e+001
7.656139e+002,7.340653e+001
7.660959e+002,7.330955e+001
7.665781e+002,7.319007e+001
7.670602e+002,7.304402e+001
7.675424e+002,7.287071e+001
7.680245e+002,7.267297e+001
7.685066e+002,7.245541e+001
7.689888e+002,7.222193e+001
7.694708e+002,7.197350e+001
7.699530e+002,7.170724e+001
7.704351e+002,7.141742e+001
7.709172e+002,7.109772e+001
7.713994e+002,7.074342e+001
7.718815e+002,7.035300e+001
7.723636e+002,6.992712e+001
7.728457e+002,6.946771e+001
7.733279e+002,6.897585e+001
7.738099e+002,6.845084e+001
7.742921e+002,6.789058e+001
7.747742e+002,6.729310e+001
7.752563e+002,6.665843e+001
7.757385e+002,6.598941e+001
7.762206e+002,6.529126e+001
7.767028e+002,6.456995e+001
7.771848e+002,6.383080e+001
7.776670e+002,6.307821e+001
7.781491e+002,6.231717e+001
7.786312e+002,6.155609e+001
7.791133e+002,6.080915e+001
7.795955e+002,6.009699e+001
7.800776e+002,5.944480e+001
7.805597e+002,5.887857e+001
7.810419e+002,5.842123e+001
7.815239e+002,5.809064e+001
7.820061e+002,5.790014e+001
7.824882e+002,5.786077e+001
7.829703e+002,5.798333e+001
7.834525e+002,5.827806e+001
7.839346e+002,5.875185e+001
7.844167e+002,5.940408e+001
7.848988e+002,6.022374e+001
7.853810e+002,6.118962e+001
7.858631e+002,6.227341e+001
7.863452e+002,6.344470e+001
7.868273e+002,6.467480e+001
7.873094e+002,6.593871e+001
7.877916e+002,6.721448e+001
7.882737e+002,6.848210e+001
7.887559e+002,6.972267e+001
7.892380e+002,7.091916e+001
7.897201e+002,7.205780e+001
7.902022e+002,7.312971e+001
7.906843e+002,7.413075e+001
7.911665e+002,7.506057e+001
7.916486e+002,7.592033e+001
7.921307e+002,7.671096e+001
7.926128e+002,7.743237e+001
7.930950e+002,7.808414e+001
7.935771e+002,7.866714e+001
7.940592e+002,7.918511e+001
7.945413e+002,7.964544e+001
7.950234e+002,8.005866e+001
7.955056e+002,8.043687e+001
7.959877e+002,8.079154e+001
7.964698e+002,8.113167e+001
7.969520e+002,8.146278e+001
7.974341e+002,8.178688e+001
7.979162e+002,8.210320e+001
7.983983e+002,8.240906e+001
7.988805e+002,8.270091e+001
7.993625e+002,8.297484e+001
7.998447e+002,8.322706e+001
8.003268e+002,8.345480e+001
8.008090e+002,8.365682e+001
8.012911e+002,8.383410e+001
8.017732e+002,8.398988e+001
8.022553e+002,8.412930e+001
8.027374e+002,8.425848e+001
8.032196e+002,8.438300e+001
8.037017e+002,8.450697e+001
8.041838e+002,8.463232e+001
8.046660e+002,8.475877e+001
8.051481e+002,8.488447e+001
8.056302e+002,8.500699e+001
8.061123e+002,8.512398e+001
8.065945e+002,8.523376e+001
8.070765e+002,8.533515e+001
8.075587e+002,8.542730e+001
8.080408e+002,8.550958e+001
8.085229e+002,8.558169e+001
8.090051e+002,8.564368e+001
8.094872e+002,8.569645e+001
8.099694e+002,8.574177e+001
8.104514e+002,8.578218e+001
8.109336e+002,8.582060e+001
8.114156e+002,8.585980e+001
8.118978e+002,8.590175e+001
8.123799e+002,8.594735e+001
8.128621e+002,8.599634e+001
8.133442e+002,8.604746e+001
8.138263e+002,8.609876e+001
8.143085e+002,8.614787e+001
8.147905e+002,8.619228e+001
8.152727e+002,8.622995e+001
8.157548e+002,8.625946e+001
8.162369e+002,8.628056e+001
8.167191e+002,8.629425e+001
8.172012e+002,8.630261e+001
8.176833e+002,8.630844e+001
8.181654e+002,8.631453e+001
8.186476e+002,8.632310e+001
8.191296e+002,8.633524e+001
8.196118e+002,8.635086e+001
8.200939e+002,8.636909e+001
8.205760e+002,8.638874e+001
8.210582e+002,8.640884e+001
8.215403e+002,8.642886e+001
8.220225e+002,8.644868e+001
8.225045e+002,8.646812e+001
8.229867e+002,8.648662e+001
8.234688e+002,8.650288e+001
8.239509e+002,8.651524e+001
8.244330e+002,8.652195e+001
8.249152e+002,8.652171e+001
8.253973e+002,8.651423e+001
8.258794e+002,8.650016e+001
8.263616e+002,8.648108e+001
8.268437e+002,8.645909e+001
8.273258e+002,8.643626e+001
8.278079e+002,8.641435e+001
8.282900e+002,8.639453e+001
8.287722e+002,8.637730e+001
8.292543e+002,8.636255e+001
8.297365e+002,8.634956e+001
8.302185e+002,8.633714e+001
8.307007e+002,8.632379e+001
8.311828e+002,8.630795e+001
8.316649e+002,8.628835e+001
8.321470e+002,8.626426e+001
8.326292e+002,8.623572e+001
8.331113e+002,8.620323e+001
8.335934e+002,8.616769e+001
8.340756e+002,8.612987e+001
8.345577e+002,8.609019e+001
8.350398e+002,8.604877e+001
8.355219e+002,8.600564e+001
8.360040e+002,8.596103e+001
8.364862e+002,8.591565e+001
8.369683e+002,8.587049e+001
8.374504e+002,8.582668e+001
8.379325e+002,8.578488e+001
8.384147e+002,8.574489e+001
8.388968e+002,8.570569e+001
8.393789e+002,8.566566e+001
8.398610e+002,8.562332e+001
8.403431e+002,8.557759e+001
8.408253e+002,8.552801e+001
8.413074e+002,8.547466e+001
8.417896e+002,8.541749e+001
8.422717e+002,8.535606e+001
8.427538e+002,8.528944e+001
8.432359e+002,8.521677e+001
8.437180e+002,8.513773e+001
8.442002e+002,8.505328e+001
8.446823e+002,8.496556e+001
8.451644e+002,8.487741e+001
8.456465e+002,8.479137e+001
8.461287e+002,8.470836e+001
8.466108e+002,8.462727e+001
8.470929e+002,8.454501e+001
8.475751e+002,8.445747e+001
8.480571e+002,8.436080e+001
8.485393e+002,8.425240e+001
8.490214e+002,8.413139e+001
8.495035e+002,8.399815e+001
8.499857e+002,8.385356e+001
8.504678e+002,8.369810e+001
8.509499e+002,8.353150e+001
8.514320e+002,8.335296e+001
8.519142e+002,8.316172e+001
8.523962e+002,8.295760e+001
8.528784e+002,8.274122e+001
8.533605e+002,8.251328e+001
8.538427e+002,8.227383e+001
8.543248e+002,8.202137e+001
8.548069e+002,8.175275e+001
8.552891e+002,8.146362e+001
8.557711e+002,8.114977e+001
8.562533e+002,8.080778e+001
8.567354e+002,8.043579e+001
8.572175e+002,8.003284e+001
8.576996e+002,7.959779e+001
8.581818e+002,7.912809e+001
8.586639e+002,7.861909e+001
8.591460e+002,7.806433e+001
8.596282e+002,7.745652e+001
8.601102e+002,7.678878e+001
8.605924e+002,7.605566e+001
8.610745e+002,7.525320e+001
8.615566e+002,7.437869e+001
8.620388e+002,7.343058e+001
8.625209e+002,7.240926e+001
8.630031e+002,7.131918e+001
8.634851e+002,7.017178e+001
8.639673e+002,6.898800e+001
8.644494e+002,6.779930e+001
8.649315e+002,6.664573e+001
8.654136e+002,6.557175e+001
8.658958e+002,6.462120e+001
8.663779e+002,6.383307e+001
8.668600e+002,6.323968e+001
8.673422e+002,6.286657e+001
8.678242e+002,6.273275e+001
8.683064e+002,6.284934e+001
8.687885e+002,6.321673e+001
8.692706e+002,6.382160e+001
8.697527e+002,6.463614e+001
8.702349e+002,6.562104e+001
8.707170e+002,6.673144e+001
8.711991e+002,6.792368e+001
8.716813e+002,6.915999e+001
8.721634e+002,7.041000e+001
8.726455e+002,7.164948e+001
8.731276e+002,7.285777e+001
8.736097e+002,7.401589e+001
8.740919e+002,7.510639e+001
8.745740e+002,7.611422e+001
8.750562e+002,7.702834e+001
8.755382e+002,7.784264e+001
8.760204e+002,7.855586e+001
8.765025e+002,7.917074e+001
8.769846e+002,7.969236e+001
8.774668e+002,8.012707e+001
8.779489e+002,8.048161e+001
8.784310e+002,8.076290e+001
8.789131e+002,8.097811e+001
8.793953e+002,8.113465e+001
8.798774e+002,8.124013e+001
8.803595e+002,8.130167e+001
8.808416e+002,8.132538e+001
8.813237e+002,8.131565e+001
8.818059e+002,8.127524e+001
8.822880e+002,8.120580e+001
8.827701e+002,8.110887e+001
8.832523e+002,8.098657e+001
8.837344e+002,8.084195e+001
8.842165e+002,8.067859e+001
8.846986e+002,8.049964e+001
8.851808e+002,8.030702e+001
8.856628e+002,8.010091e+001
8.861450e+002,7.988023e+001
8.866271e+002,7.964351e+001
8.871093e+002,7.939004e+001
8.875914e+002,7.912027e+001
8.880735e+002,7.883563e+001
8.885556e+002,7.853777e+001
8.890377e+002,7.822746e+001
8.895199e+002,7.790427e+001
8.900020e+002,7.756679e+001
8.904841e+002,7.721360e+001
8.909662e+002,7.684415e+001
8.914484e+002,7.645889e+001
8.919305e+002,7.605888e+001
8.924126e+002,7.564440e+001
8.928948e+002,7.521414e+001
8.933768e+002,7.476475e+001
8.938590e+002,7.429183e+001
8.943411e+002,7.379166e+001
8.948232e+002,7.326262e+001
8.953054e+002,7.270576e+001
8.957875e+002,7.212397e+001
8.962697e+002,7.152022e+001
8.967517e+002,7.089565e+001
8.972339e+002,7.024861e+001
8.977159e+002,6.957523e+001
8.981981e+002,6.887129e+001
8.986802e+002,6.813391e+001
8.991624e+002,6.736281e+001
8.996445e+002,6.655955e+001
9.001266e+002,6.572606e+001
9.006088e+002,6.486276e+001
9.010908e+002,6.396811e+001
9.015730e+002,6.303953e+001
9.020551e+002,6.207585e+001
9.025372e+002,6.107945e+001
9.030193e+002,6.005696e+001
9.035015e+002,5.901803e+001
9.039836e+002,5.797233e+001
9.044657e+002,5.692679e+001
9.049479e+002,5.588483e+001
9.054299e+002,5.484804e+001
9.059121e+002,5.381982e+001
9.063942e+002,5.280944e+001
9.068763e+002,5.183392e+001
9.073585e+002,5.091742e+001
9.078406e+002,5.008849e+001
9.083228e+002,4.937704e+001
9.088048e+002,4.881287e+001
9.092870e+002,4.842657e+001
9.097691e+002,4.825128e+001
9.102512e+002,4.832317e+001
9.107333e+002,4.867850e+001
9.112155e+002,4.934730e+001
9.116976e+002,5.034563e+001
9.121797e+002,5.166994e+001
9.126619e+002,5.329599e+001
9.131440e+002,5.518232e+001
9.136261e+002,5.727660e+001
9.141082e+002,5.952118e+001
9.145903e+002,6.185704e+001
9.150724e+002,6.422551e+001
9.155546e+002,6.656967e+001
9.160367e+002,6.883680e+001
9.165189e+002,7.098174e+001
9.170010e+002,7.297013e+001
9.174831e+002,7.478040e+001
9.179652e+002,7.640335e+001
9.184473e+002,7.784000e+001
9.189294e+002,7.909849e+001
9.194116e+002,8.019112e+001
9.198937e+002,8.113216e+001
9.203759e+002,8.193674e+001
9.208580e+002,8.262008e+001
9.213401e+002,8.319744e+001
9.218222e+002,8.368362e+001
9.223043e+002,8.409270e+001
9.227864e+002,8.443731e+001
9.232686e+002,8.472838e+001
9.237507e+002,8.497462e+001
9.242328e+002,8.518285e+001
9.247150e+002,8.535806e+001
9.251971e+002,8.550423e+001
9.256792e+002,8.562454e+001
9.261613e+002,8.572176e+001
9.266434e+002,8.579808e+001
9.271255e+002,8.585514e+001
9.276077e+002,8.589398e+001
9.280898e+002,8.591517e+001
9.285720e+002,8.591917e+001
9.290541e+002,8.590691e+001
9.295362e+002,8.587997e+001
9.300183e+002,8.584064e+001
9.305004e+002,8.579144e+001
9.309826e+002,8.573434e+001
9.314647e+002,8.567013e+001
9.319468e+002,8.559821e+001
9.324290e+002,8.551672e+001
9.329111e+002,8.542336e+001
9.333932e+002,8.531619e+001
9.338753e+002,8.519427e+001
9.343574e+002,8.505779e+001
9.348396e+002,8.490749e+001
9.353217e+002,8.474408e+001
9.358038e+002,8.456749e+001
9.362859e+002,8.437673e+001
9.367681e+002,8.417010e+001
9.372502e+002,8.394595e+001
9.377323e+002,8.370292e+001
9.382144e+002,8.344045e+001
9.386966e+002,8.315806e+001
9.391787e+002,8.285486e+001
9.396608e+002,8.252872e+001
9.401429e+002,8.217603e+001
9.406251e+002,8.179195e+001
9.411072e+002,8.137113e+001
9.415893e+002,8.090859e+001
9.420714e+002,8.040062e+001
9.425536e+002,7.984528e+001
9.430357e+002,7.924326e+001
9.435178e+002,7.859866e+001
9.439999e+002,7.792027e+001
9.444821e+002,7.722321e+001
9.449642e+002,7.652990e+001
9.454463e+002,7.587001e+001
9.459284e+002,7.527838e+001
9.464106e+002,7.479132e+001
9.468927e+002,7.444156e+001
9.473748e+002,7.425373e+001
9.478569e+002,7.424113e+001
9.483391e+002,7.440408e+001
9.488212e+002,7.473010e+001
9.493033e+002,7.519500e+001
9.497855e+002,7.576492e+001
9.502676e+002,7.639970e+001
9.507497e+002,7.705730e+001
9.512318e+002,7.769877e+001
9.517139e+002,7.829253e+001
9.521960e+002,7.881711e+001
9.526782e+002,7.926143e+001
9.531603e+002,7.962312e+001
9.536425e+002,7.990582e+001
9.541246e+002,8.011591e+001
9.546067e+002,8.026045e+001
9.550888e+002,8.034601e+001
9.555709e+002,8.037860e+001
9.560530e+002,8.036440e+001
9.565352e+002,8.031028e+001
9.570173e+002,8.022378e+001
9.574995e+002,8.011246e+001
9.579816e+002,7.998285e+001
9.584637e+002,7.983934e+001
9.589458e+002,7.968410e+001
9.594279e+002,7.951756e+001
9.599100e+002,7.933955e+001
9.603922e+002,7.915052e+001
9.608743e+002,7.895196e+001
9.613564e+002,7.874624e+001
9.618386e+002,7.853575e+001
9.623207e+002,7.832213e+001
9.628028e+002,7.810597e+001
9.632849e+002,7.788738e+001
9.637670e+002,7.766698e+001
9.642491e+002,7.744672e+001
9.647313e+002,7.723021e+001
9.652134e+002,7.702173e+001
9.656956e+002,7.682478e+001
9.661777e+002,7.664067e+001
9.666598e+002,7.646787e+001
9.671419e+002,7.630246e+001
9.676240e+002,7.613945e+001
9.681061e+002,7.597440e+001
9.685883e+002,7.580424e+001
9.690704e+002,7.562769e+001
9.695526e+002,7.544421e+001
9.700347e+002,7.525342e+001
9.705168e+002,7.505434e+001
9.709989e+002,7.484560e+001
9.714810e+002,7.462628e+001
9.719631e+002,7.439648e+001
9.724453e+002,7.415772e+001
9.729274e+002,7.391238e+001
9.734095e+002,7.366266e+001
9.738917e+002,7.340965e+001
9.743738e+002,7.315291e+001
9.748559e+002,7.289095e+001
9.753380e+002,7.262247e+001
9.758201e+002,7.234724e+001
9.763023e+002,7.206652e+001
9.767844e+002,7.178259e+001
9.772665e+002,7.149744e+001
9.777487e+002,7.121191e+001
9.782308e+002,7.092529e+001
9.787129e+002,7.063593e+001
9.791950e+002,7.034258e+001
9.796771e+002,7.004530e+001
9.801593e+002,6.974573e+001
9.806414e+002,6.944616e+001
9.811235e+002,6.914808e+001
9.816057e+002,6.885099e+001
9.820878e+002,6.855231e+001
9.825699e+002,6.824846e+001
9.830520e+002,6.793658e+001
9.835342e+002,6.761609e+001
9.840163e+002,6.728890e+001
9.844984e+002,6.695850e+001
9.849805e+002,6.662798e+001
9.854626e+002,6.629845e+001
9.859448e+002,6.596854e+001
9.864269e+002,6.563533e+001
9.869090e+002,6.529635e+001
9.873912e+002,6.495103e+001
9.878733e+002,6.460128e+001
9.883554e+002,6.425039e+001
9.888375e+002,6.390110e+001
9.893196e+002,6.355386e+001
9.898018e+002,6.320640e+001
9.902839e+002,6.285484e+001
9.907660e+002,6.249585e+001
9.912482e+002,6.212822e+001
9.917303e+002,6.175357e+001
9.922124e+002,6.137500e+001
9.926945e+002,6.099515e+001
9.931766e+002,6.061438e+001
9.936588e+002,6.023055e+001
9.941409e+002,5.984026e+001
9.946230e+002,5.944119e+001
9.951052e+002,5.903388e+001
9.955873e+002,5.862180e+001
9.960694e+002,5.820966e+001
9.965515e+002,5.780073e+001
9.970336e+002,5.739464e+001
9.975157e+002,5.698709e+001
9.979979e+002,5.657170e+001
9.984800e+002,5.614294e+001
9.989622e+002,5.569874e+001
9.994443e+002,5.524107e+001
9.999264e+002,5.477437e+001
1.000409e+003,5.430260e+001
1.000891e+003,5.382655e+001
1.001373e+003,5.334320e+001
1.001855e+003,5.284743e+001
1.002337e+003,5.233501e+001
1.002819e+003,5.180533e+001
1.003301e+003,5.126215e+001
1.003783e+003,5.071186e+001
1.004266e+003,5.016031e+001
1.004748e+003,4.960985e+001
1.005230e+003,4.905863e+001
1.005712e+003,4.850216e+001
1.006194e+003,4.793671e+001
1.006676e+003,4.736203e+001
1.007158e+003,4.678215e+001
1.007640e+003,4.620343e+001
1.008122e+003,4.563113e+001
1.008605e+003,4.506656e+001
1.009087e+003,4.450663e+001
1.009569e+003,4.394632e+001
1.010051e+003,4.338263e+001
1.010533e+003,4.281790e+001
1.011015e+003,4.226036e+001
1.011497e+003,4.172142e+001
1.011979e+003,4.121107e+001
1.012462e+003,4.073396e+001
1.012944e+003,4.028837e+001
1.013426e+003,3.986890e+001
1.013908e+003,3.947107e+001
1.014390e+003,3.909557e+001
1.014872e+003,3.874955e+001
1.015354e+003,3.844456e+001
1.015836e+003,3.819240e+001
1.016319e+003,3.800157e+001
1.016801e+003,3.787655e+001
1.017283e+003,3.782041e+001
1.017765e+003,3.783899e+001
1.018247e+003,3.794398e+001
1.018729e+003,3.815255e+001
1.019211e+003,3.848335e+001
1.019693e+003,3.895065e+001
1.020176e+003,3.955979e+001
1.020658e+003,4.030611e+001
1.021140e+003,4.117767e+001
1.021622e+003,4.215981e+001
1.022104e+003,4.323847e+001
1.022586e+003,4.440064e+001
1.023068e+003,4.563205e+001
1.023550e+003,4.691402e+001
1.024033e+003,4.822187e+001
1.024515e+003,4.952649e+001
1.024997e+003,5.079814e+001
1.025479e+003,5.201045e+001
1.025961e+003,5.314259e+001
1.026443e+003,5.417863e+001
1.026925e+003,5.510489e+001
1.027407e+003,5.590711e+001
1.027890e+003,5.656954e+001
1.028372e+003,5.707684e+001
1.028854e+003,5.741821e+001
1.029336e+003,5.759181e+001
1.029818e+003,5.760785e+001
1.030300e+003,5.748858e+001
1.030782e+003,5.726551e+001
1.031264e+003,5.697445e+001
1.031747e+003,5.665049e+001
1.032229e+003,5.632479e+001
1.032711e+003,5.602377e+001
1.033193e+003,5.577015e+001
1.033675e+003,5.558418e+001
1.034157e+003,5.548346e+001
1.034639e+003,5.548095e+001
1.035121e+003,5.558224e+001
1.035604e+003,5.578400e+001
1.036086e+003,5.607502e+001
1.036568e+003,5.643974e+001
1.037050e+003,5.686282e+001
1.037532e+003,5.733236e+001
1.038014e+003,5.784041e+001
1.038496e+003,5.838112e+001
1.038979e+003,5.894757e+001
1.039461e+003,5.952977e+001
1.039943e+003,6.011494e+001
1.040425e+003,6.068999e+001
1.040907e+003,6.124474e+001
1.041389e+003,6.177391e+001
1.041871e+003,6.227705e+001
1.042353e+003,6.275601e+001
1.042835e+003,6.321167e+001
1.043318e+003,6.364137e+001
1.043800e+003,6.403854e+001
1.044282e+003,6.439435e+001
1.044764e+003,6.470047e+001
1.045246e+003,6.495139e+001
1.045728e+003,6.514491e+001
1.046210e+003,6.528098e+001
1.046692e+003,6.535947e+001
1.047175e+003,6.537836e+001
1.047657e+003,6.533333e+001
1.048139e+003,6.521935e+001
1.048621e+003,6.503320e+001
1.049103e+003,6.477570e+001
1.049585e+003,6.445278e+001
1.050067e+003,6.407484e+001
1.050549e+003,6.365494e+001
1.051031e+003,6.320737e+001
1.051514e+003,6.274725e+001
1.051996e+003,6.229194e+001
1.052478e+003,6.186314e+001
1.052960e+003,6.148808e+001
1.053442e+003,6.119833e+001
1.053924e+003,6.102554e+001
1.054406e+003,6.099545e+001
1.054889e+003,6.112223e+001
1.055371e+003,6.140528e+001
1.055853e+003,6.182940e+001
1.056335e+003,6.236744e+001
1.056817e+003,6.298359e+001
1.057299e+003,6.363597e+001
1.057781e+003,6.427863e+001
1.058263e+003,6.486358e+001
1.058746e+003,6.534386e+001
1.059228e+003,6.567802e+001
1.059710e+003,6.583477e+001
1.060192e+003,6.579669e+001
1.060674e+003,6.556171e+001
1.061156e+003,6.514174e+001
1.061638e+003,6.455907e+001
1.062120e+003,6.384126e+001
1.062603e+003,6.301629e+001
1.063085e+003,6.210958e+001
1.063567e+003,6.114358e+001
1.064049e+003,6.013960e+001
1.064531e+003,5.912017e+001
1.065013e+003,5.811030e+001
1.065495e+003,5.713631e+001
1.065977e+003,5.622311e+001
1.066460e+003,5.539114e+001
1.066942e+003,5.465520e+001
1.067424e+003,5.402570e+001
1.067906e+003,5.351130e+001
1.068388e+003,5.312082e+001
1.068870e+003,5.286267e+001
1.069352e+003,5.274147e+001
1.069834e+003,5.275397e+001
1.070317e+003,5.288668e+001
1.070799e+003,5.311736e+001
1.071281e+003,5.342028e+001
1.071763e+003,5.377277e+001
1.072245e+003,5.416029e+001
1.072727e+003,5.457769e+001
1.073209e+003,5.502679e+001
1.073691e+003,5.551189e+001
1.074174e+003,5.603603e+001
1.074656e+003,5.660001e+001
1.075138e+003,5.720425e+001
1.075620e+003,5.785210e+001
1.076102e+003,5.855205e+001
1.076584e+003,5.931718e+001
1.077066e+003,6.016191e+001
1.077548e+003,6.109719e+001
1.078031e+003,6.212690e+001
1.078513e+003,6.324646e+001
1.078995e+003,6.444405e+001
1.079477e+003,6.570293e+001
1.079959e+003,6.700310e+001
1.080441e+003,6.832150e+001
1.080923e+003,6.963140e+001
1.081406e+003,7.090238e+001
1.081888e+003,7.210204e+001
1.082370e+003,7.319939e+001
1.082852e+003,7.416871e+001
1.083334e+003,7.499259e+001
1.083816e+003,7.566249e+001
1.084298e+003,7.617767e+001
1.084780e+003,7.654230e+001
1.085262e+003,7.676269e+001
1.085745e+003,7.684494e+001
1.086227e+003,7.679405e+001
1.086709e+003,7.661429e+001
1.087191e+003,7.631028e+001
1.087673e+003,7.588827e+001
1.088155e+003,7.535642e+001
1.088637e+003,7.472433e+001
1.089119e+003,7.400148e+001
1.089602e+003,7.319580e+001
1.090084e+003,7.231319e+001
1.090566e+003,7.135845e+001
1.091048e+003,7.033758e+001
1.091530e+003,6.926018e+001
1.092012e+003,6.814091e+001
1.092494e+003,6.699917e+001
1.092976e+003,6.585679e+001
1.093458e+003,6.473570e+001
1.093941e+003,6.365643e+001
1.094423e+003,6.263843e+001
1.094905e+003,6.170172e+001
1.095387e+003,6.086786e+001
1.095869e+003,6.015887e+001
1.096351e+003,5.959344e+001
1.096833e+003,5.918182e+001
1.097316e+003,5.892226e+001
1.097798e+003,5.880114e+001
1.098280e+003,5.879715e+001
1.098762e+003,5.888775e+001
1.099244e+003,5.905480e+001
1.099726e+003,5.928754e+001
1.100208e+003,5.958195e+001
1.100690e+003,5.993786e+001
1.101173e+003,6.035620e+001
1.101655e+003,6.083783e+001
1.102137e+003,6.138424e+001
1.102619e+003,6.199908e+001
1.103101e+003,6.268830e+001
1.103583e+003,6.345823e+001
1.104065e+003,6.431152e+001
1.104547e+003,6.524310e+001
1.105030e+003,6.623797e+001
1.105512e+003,6.727249e+001
1.105994e+003,6.831811e+001
1.106476e+003,6.934603e+001
1.106958e+003,7.033064e+001
1.107440e+003,7.125058e+001
1.107922e+003,7.208791e+001
1.108404e+003,7.282629e+001
1.108886e+003,7.344974e+001
1.109369e+003,7.394258e+001
1.109851e+003,7.429073e+001
1.110333e+003,7.448375e+001
1.110815e+003,7.451691e+001
1.111297e+003,7.439310e+001
1.111779e+003,7.412391e+001
1.112261e+003,7.373015e+001
1.112744e+003,7.324174e+001
1.113226e+003,7.269720e+001
1.113708e+003,7.214252e+001
1.114190e+003,7.162970e+001
1.114672e+003,7.121344e+001
1.115154e+003,7.094636e+001
1.115636e+003,7.087232e+001
1.116118e+003,7.101971e+001
1.116601e+003,7.139724e+001
1.117083e+003,7.199368e+001
1.117565e+003,7.278190e+001
1.118047e+003,7.372485e+001
1.118529e+003,7.478159e+001
1.119011e+003,7.591120e+001
1.119493e+003,7.707507e+001
1.119975e+003,7.823799e+001
1.120458e+003,7.936971e+001
1.120940e+003,8.044623e+001
1.121422e+003,8.145130e+001
1.121904e+003,8.237663e+001
1.122386e+003,8.322057e+001
1.122868e+003,8.398597e+001
1.123350e+003,8.467747e+001
1.123832e+003,8.529945e+001
1.124314e+003,8.585501e+001
1.124797e+003,8.634604e+001
1.125279e+003,8.677412e+001
1.125761e+003,8.714156e+001
1.126243e+003,8.745178e+001
1.126725e+003,8.770973e+001
1.127207e+003,8.792110e+001
1.127689e+003,8.809170e+001
1.128172e+003,8.822665e+001
1.128654e+003,8.832990e+001
1.129136e+003,8.840401e+001
1.129618e+003,8.845046e+001
1.130100e+003,8.846983e+001
1.130582e+003,8.846238e+001
1.131064e+003,8.842805e+001
1.131546e+003,8.836665e+001
1.132029e+003,8.827764e+001
1.132511e+003,8.816023e+001
1.132993e+003,8.801358e+001
1.133475e+003,8.783688e+001
1.133957e+003,8.763001e+001
1.134439e+003,8.739342e+001
1.134921e+003,8.712805e+001
1.135403e+003,8.683498e+001
1.135885e+003,8.651468e+001
1.136368e+003,8.616677e+001
1.136850e+003,8.579008e+001
1.137332e+003,8.538337e+001
1.137814e+003,8.494602e+001
1.138296e+003,8.447878e+001
1.138778e+003,8.398375e+001
1.139260e+003,8.346389e+001
1.139742e+003,8.292216e+001
1.140225e+003,8.236097e+001
1.140707e+003,8.178210e+001
1.141189e+003,8.118751e+001
1.141671e+003,8.058024e+001
1.142153e+003,7.996487e+001
1.142635e+003,7.934732e+001
1.143117e+003,7.873371e+001
1.143599e+003,7.812910e+001
1.144082e+003,7.753665e+001
1.144564e+003,7.695789e+001
1.145046e+003,7.639354e+001
1.145528e+003,7.584448e+001
1.146010e+003,7.531188e+001
1.146492e+003,7.479639e+001
1.146974e+003,7.429638e+001
1.147457e+003,7.380672e+001
1.147939e+003,7.331885e+001
1.148421e+003,7.282244e+001
1.148903e+003,7.230828e+001
1.149385e+003,7.177115e+001
1.149867e+003,7.121159e+001
1.150349e+003,7.063593e+001
1.150831e+003,7.005499e+001
1.151313e+003,6.948228e+001
1.151796e+003,6.893288e+001
1.152278e+003,6.842351e+001
1.152760e+003,6.797323e+001
1.153242e+003,6.760384e+001
1.153724e+003,6.733852e+001
1.154206e+003,6.719885e+001
1.154688e+003,6.720052e+001
1.155170e+003,6.735006e+001
1.155653e+003,6.764370e+001
1.156135e+003,6.806876e+001
1.156617e+003,6.860654e+001
1.157099e+003,6.923517e+001
1.157581e+003,6.993108e+001
1.158063e+003,7.066951e+001
1.158545e+003,7.142442e+001
1.159027e+003,7.216936e+001
1.159510e+003,7.287955e+001
1.159992e+003,7.353436e+001
1.160474e+003,7.411961e+001
1.160956e+003,7.462833e+001
1.161438e+003,7.506004e+001
1.161920e+003,7.541859e+001
1.162402e+003,7.570988e+001
1.162885e+003,7.593997e+001
1.163367e+003,7.611466e+001
1.163849e+003,7.623992e+001
1.164331e+003,7.632314e+001
1.164813e+003,7.637389e+001
1.165295e+003,7.640363e+001
1.165777e+003,7.642448e+001
1.166259e+003,7.644711e+001
1.166741e+003,7.647930e+001
1.167224e+003,7.652544e+001
1.167706e+003,7.658742e+001
1.168188e+003,7.666647e+001
1.168670e+003,7.676465e+001
1.169152e+003,7.688551e+001
1.169634e+003,7.703342e+001
1.170116e+003,7.721222e+001
1.170598e+003,7.742393e+001
1.171081e+003,7.766834e+001
1.171563e+003,7.794370e+001
1.172045e+003,7.824766e+001
1.172527e+003,7.857845e+001
1.173009e+003,7.893476e+001
1.173491e+003,7.931515e+001
1.173973e+003,7.971709e+001
1.174455e+003,8.013642e+001
1.174938e+003,8.056767e+001
1.175420e+003,8.100518e+001
1.175902e+003,8.144432e+001
1.176384e+003,8.188224e+001
1.176866e+003,8.231770e+001
1.177348e+003,8.275028e+001
1.177830e+003,8.317944e+001
1.178313e+003,8.360368e+001
1.178795e+003,8.402074e+001
1.179277e+003,8.442796e+001
1.179759e+003,8.482298e+001
1.180241e+003,8.520407e+001
1.180723e+003,8.557004e+001
1.181205e+003,8.591986e+001
1.181687e+003,8.625227e+001
1.182169e+003,8.656569e+001
1.182652e+003,8.685858e+001
1.183134e+003,8.712994e+001
1.183616e+003,8.737971e+001
1.184098e+003,8.760887e+001
1.184580e+003,8.781911e+001
1.185062e+003,8.801244e+001
1.185544e+003,8.819054e+001
1.186026e+003,8.835480e+001
1.186509e+003,8.850634e+001
1.186991e+003,8.864661e+001
1.187473e+003,8.877773e+001
1.187955e+003,8.890273e+001
1.188437e+003,8.902526e+001
1.188919e+003,8.914910e+001
1.189401e+003,8.927716e+001
1.189883e+003,8.941090e+001
1.190366e+003,8.955012e+001
1.190848e+003,8.969302e+001
1.191330e+003,8.983675e+001
1.191812e+003,8.997806e+001
1.192294e+003,9.011379e+001
1.192776e+003,9.024117e+001
1.193258e+003,9.035801e+001
1.193740e+003,9.046265e+001
1.194223e+003,9.055374e+001
1.194705e+003,9.063044e+001
1.195187e+003,9.069212e+001
1.195669e+003,9.073861e+001
1.196151e+003,9.077016e+001
1.196633e+003,9.078734e+001
1.197115e+003,9.079101e+001
1.197597e+003,9.078197e+001
1.198080e+003,9.076084e+001
1.198562e+003,9.072782e+001
1.199044e+003,9.068299e+001
1.199526e+003,9.062643e+001
1.200008e+003,9.055862e+001
1.200490e+003,9.048071e+001
1.200972e+003,9.039431e+001
1.201454e+003,9.030143e+001
1.201937e+003,9.020384e+001
1.202419e+003,9.010303e+001
1.202901e+003,8.999998e+001
1.203383e+003,8.989537e+001
1.203865e+003,8.979000e+001
1.204347e+003,8.968491e+001
1.204829e+003,8.958146e+001
1.205312e+003,8.948120e+001
1.205794e+003,8.938570e+001
1.206276e+003,8.929631e+001
1.206758e+003,8.921420e+001
1.207240e+003,8.914043e+001
1.207722e+003,8.907601e+001
1.208204e+003,8.902195e+001
1.208686e+003,8.897892e+001
1.209168e+003,8.894720e+001
1.209651e+003,8.892644e+001
1.210133e+003,8.891579e+001
1.210615e+003,8.891404e+001
1.211097e+003,8.892001e+001
1.211579e+003,8.893264e+001
1.212061e+003,8.895103e+001
1.212543e+003,8.897434e+001
1.213025e+003,8.900156e+001
1.213508e+003,8.903144e+001
1.213990e+003,8.906259e+001
1.214472e+003,8.909352e+001
1.214954e+003,8.912292e+001
1.215436e+003,8.914986e+001
1.215918e+003,8.917364e+001
1.216400e+003,8.919388e+001
1.216882e+003,8.921023e+001
1.217365e+003,8.922241e+001
1.217847e+003,8.923009e+001
1.218329e+003,8.923300e+001
1.218811e+003,8.923084e+001
1.219293e+003,8.922355e+001
1.219775e+003,8.921105e+001
1.220257e+003,8.919312e+001
1.220740e+003,8.916927e+001
1.221222e+003,8.913877e+001
1.221704e+003,8.910053e+001
1.222186e+003,8.905357e+001
1.222668e+003,8.899708e+001
1.223150e+003,8.893072e+001
1.223632e+003,8.885458e+001
1.224114e+003,8.876898e+001
1.224596e+003,8.867423e+001
1.225079e+003,8.857023e+001
1.225561e+003,8.845652e+001
1.226043e+003,8.833221e+001
1.226525e+003,8.819639e+001
1.227007e+003,8.804813e+001
1.227489e+003,8.788662e+001
1.227971e+003,8.771099e+001
1.228453e+003,8.752007e+001
1.228936e+003,8.731214e+001
1.229418e+003,8.708514e+001
1.229900e+003,8.683680e+001
1.230382e+003,8.656541e+001
1.230864e+003,8.626992e+001
1.231346e+003,8.595038e+001
1.231828e+003,8.560737e+001
1.232310e+003,8.524186e+001
1.232792e+003,8.485484e+001
1.233275e+003,8.444752e+001
1.233757e+003,8.402193e+001
1.234239e+003,8.358177e+001
1.234721e+003,8.313290e+001
1.235203e+003,8.268350e+001
1.235685e+003,8.224346e+001
1.236167e+003,8.182340e+001
1.236650e+003,8.143405e+001
1.237132e+003,8.108591e+001
1.237614e+003,8.078945e+001
1.238096e+003,8.055515e+001
1.238578e+003,8.039291e+001
1.239060e+003,8.031073e+001
1.239542e+003,8.031302e+001
1.240024e+003,8.039931e+001
1.240507e+003,8.056432e+001
1.240989e+003,8.079926e+001
1.241471e+003,8.109365e+001
1.241953e+003,8.143693e+001
1.242435e+003,8.181897e+001
1.242917e+003,8.222980e+001
1.243399e+003,8.265873e+001
1.243881e+003,8.309422e+001
1.244364e+003,8.352424e+001
1.244846e+003,8.393745e+001
1.245328e+003,8.432453e+001
1.245810e+003,8.467868e+001
1.246292e+003,8.499560e+001
1.246774e+003,8.527280e+001
1.247256e+003,8.550870e+001
1.247738e+003,8.570206e+001
1.248220e+003,8.585174e+001
1.248703e+003,8.595700e+001
1.249185e+003,8.601797e+001
1.249667e+003,8.603584e+001
1.250149e+003,8.601285e+001
1.250631e+003,8.595181e+001
1.251113e+003,8.585550e+001
1.251595e+003,8.572594e+001
1.252078e+003,8.556408e+001
1.252560e+003,8.536989e+001
1.253042e+003,8.514276e+001
1.253524e+003,8.488182e+001
1.254006e+003,8.458661e+001
1.254488e+003,8.425692e+001
1.254970e+003,8.389281e+001
1.255452e+003,8.349424e+001
1.255935e+003,8.306104e+001
1.256417e+003,8.259344e+001
1.256899e+003,8.209269e+001
1.257381e+003,8.156216e+001
1.257863e+003,8.100799e+001
1.258345e+003,8.043925e+001
1.258827e+003,7.986753e+001
1.259309e+003,7.930577e+001
1.259792e+003,7.876715e+001
1.260274e+003,7.826401e+001
1.260756e+003,7.780707e+001
1.261238e+003,7.740508e+001
1.261720e+003,7.706408e+001
1.262202e+003,7.678687e+001
1.262684e+003,7.657268e+001
1.263166e+003,7.641750e+001
1.263648e+003,7.631565e+001
1.264131e+003,7.626199e+001
1.264613e+003,7.625413e+001
1.265095e+003,7.629353e+001
1.265577e+003,7.638466e+001
1.266059e+003,7.653271e+001
1.266541e+003,7.674023e+001
1.267023e+003,7.700453e+001
1.267505e+003,7.731672e+001
1.267988e+003,7.766274e+001
1.268470e+003,7.802560e+001
1.268952e+003,7.838790e+001
1.269434e+003,7.873373e+001
1.269916e+003,7.904978e+001
1.270398e+003,7.932581e+001
1.270880e+003,7.955491e+001
1.271363e+003,7.973405e+001
1.271845e+003,7.986491e+001
1.272327e+003,7.995414e+001
1.272809e+003,8.001313e+001
1.273291e+003,8.005678e+001
1.273773e+003,8.010117e+001
1.274255e+003,8.016132e+001
1.274737e+003,8.024912e+001
1.275219e+003,8.037247e+001
1.275702e+003,8.053540e+001
1.276184e+003,8.073907e+001
1.276666e+003,8.098279e+001
1.277148e+003,8.126452e+001
1.277630e+003,8.158089e+001
1.278112e+003,8.192661e+001
1.278594e+003,8.229411e+001
1.279076e+003,8.267392e+001
1.279559e+003,8.305560e+001
1.280041e+003,8.342918e+001
1.280523e+003,8.378651e+001
1.281005e+003,8.412202e+001
1.281487e+003,8.443266e+001
1.281969e+003,8.471713e+001
1.282451e+003,8.497485e+001
1.282933e+003,8.520516e+001
1.283416e+003,8.540693e+001
1.283898e+003,8.557891e+001
1.284380e+003,8.572014e+001
1.284862e+003,8.583040e+001
1.285344e+003,8.591031e+001
1.285826e+003,8.596089e+001
1.286308e+003,8.598304e+001
1.286791e+003,8.597710e+001
1.287273e+003,8.594296e+001
1.287755e+003,8.588046e+001
1.288237e+003,8.579018e+001
1.288719e+003,8.567368e+001
1.289201e+003,8.553310e+001
1.289683e+003,8.537060e+001
1.290165e+003,8.518708e+001
1.290647e+003,8.498212e+001
1.291130e+003,8.475404e+001
1.291612e+003,8.450108e+001
1.292094e+003,8.422243e+001
1.292576e+003,8.391895e+001
1.293058e+003,8.359286e+001
1.293540e+003,8.324663e+001
1.294022e+003,8.288189e+001
1.294504e+003,8.249854e+001
1.294987e+003,8.209537e+001
1.295469e+003,8.167126e+001
1.295951e+003,8.122675e+001
1.296433e+003,8.076511e+001
1.296915e+003,8.029230e+001
1.297397e+003,7.981599e+001
1.297879e+003,7.934442e+001
1.298361e+003,7.888605e+001
1.298844e+003,7.845025e+001
1.299326e+003,7.804878e+001
1.299808e+003,7.769683e+001
1.300290e+003,7.741259e+001
1.300772e+003,7.721547e+001
1.301254e+003,7.712300e+001
1.301736e+003,7.714822e+001
1.302219e+003,7.729832e+001
1.302701e+003,7.757478e+001
1.303183e+003,7.797433e+001
1.303665e+003,7.848940e+001
1.304147e+003,7.910840e+001
1.304629e+003,7.981549e+001
1.305111e+003,8.059109e+001
1.305593e+003,8.141322e+001
1.306075e+003,8.225939e+001
1.306558e+003,8.310823e+001
1.307040e+003,8.394026e+001
1.307522e+003,8.473809e+001
1.308004e+003,8.548639e+001
1.308486e+003,8.617262e+001
1.308968e+003,8.678783e+001
1.309450e+003,8.732751e+001
1.309932e+003,8.779153e+001
1.310415e+003,8.818301e+001
1.310897e+003,8.850683e+001
1.311379e+003,8.876821e+001
1.311861e+003,8.897177e+001
1.312343e+003,8.912157e+001
1.312825e+003,8.922107e+001
1.313307e+003,8.927331e+001
1.313789e+003,8.928062e+001
1.314272e+003,8.924426e+001
1.314754e+003,8.916428e+001
1.315236e+003,8.903990e+001
1.315718e+003,8.887036e+001
1.316200e+003,8.865593e+001
1.316682e+003,8.839905e+001
1.317164e+003,8.810505e+001
1.317646e+003,8.778296e+001
1.318129e+003,8.744601e+001
1.318611e+003,8.711154e+001
1.319093e+003,8.680019e+001
1.319575e+003,8.653326e+001
1.320057e+003,8.632928e+001
1.320539e+003,8.619996e+001
1.321021e+003,8.614795e+001
1.321503e+003,8.616656e+001
1.321986e+003,8.624133e+001
1.322468e+003,8.635269e+001
1.322950e+003,8.647890e+001
1.323432e+003,8.659883e+001
1.323914e+003,8.669427e+001
1.324396e+003,8.675158e+001
1.324878e+003,8.676186e+001
1.325360e+003,8.672041e+001
1.325843e+003,8.662527e+001
1.326325e+003,8.647614e+001
1.326807e+003,8.627397e+001
1.327289e+003,8.602139e+001
1.327771e+003,8.572296e+001
1.328253e+003,8.538478e+001
1.328735e+003,8.501313e+001
1.329218e+003,8.461292e+001
1.329700e+003,8.418676e+001
1.330182e+003,8.373559e+001
1.330664e+003,8.326036e+001
1.331146e+003,8.276402e+001
1.331628e+003,8.225240e+001
1.332110e+003,8.173345e+001
1.332592e+003,8.121516e+001
1.333074e+003,8.070361e+001
1.333557e+003,8.020235e+001
1.334039e+003,7.971362e+001
1.334521e+003,7.924022e+001
1.335003e+003,7.878740e+001
1.335485e+003,7.836286e+001
1.335967e+003,7.797540e+001
1.336449e+003,7.763281e+001
1.336931e+003,7.734077e+001
1.337414e+003,7.710374e+001
1.337896e+003,7.692741e+001
1.338378e+003,7.682085e+001
1.338860e+003,7.679583e+001
1.339342e+003,7.686183e+001
1.339824e+003,7.701908e+001
1.340306e+003,7.725534e+001
1.340788e+003,7.755000e+001
1.341271e+003,7.788259e+001
1.341753e+003,7.823985e+001
1.342235e+003,7.861716e+001
1.342717e+003,7.901581e+001
1.343199e+003,7.943842e+001
1.343681e+003,7.988460e+001
1.344163e+003,8.034875e+001
1.344646e+003,8.082048e+001
1.345128e+003,8.128773e+001
1.345610e+003,8.174045e+001
1.346092e+003,8.217336e+001
1.346574e+003,8.258604e+001
1.347056e+003,8.298090e+001
1.347538e+003,8.336028e+001
1.348020e+003,8.372420e+001
1.348502e+003,8.406982e+001
1.348985e+003,8.439286e+001
1.349467e+003,8.468943e+001
1.349949e+003,8.495787e+001
1.350431e+003,8.519895e+001
1.350913e+003,8.541505e+001
1.351395e+003,8.560860e+001
1.351877e+003,8.578086e+001
1.352359e+003,8.593158e+001
1.352842e+003,8.605958e+001
1.353324e+003,8.616380e+001
1.353806e+003,8.624427e+001
1.354288e+003,8.630260e+001
1.354770e+003,8.634166e+001
1.355252e+003,8.636473e+001
1.355734e+003,8.637432e+001
1.356216e+003,8.637163e+001
1.356698e+003,8.635672e+001
1.357181e+003,8.632927e+001
1.357663e+003,8.628947e+001
1.358145e+003,8.623841e+001
1.358627e+003,8.617783e+001
1.359109e+003,8.610925e+001
1.359591e+003,8.603293e+001
1.360073e+003,8.594717e+001
1.360556e+003,8.584848e+001
1.361038e+003,8.573292e+001
1.361520e+003,8.559839e+001
1.362002e+003,8.544753e+001
1.362484e+003,8.528891e+001
1.362966e+003,8.513464e+001
1.363448e+003,8.499515e+001
1.363930e+003,8.487468e+001
1.364413e+003,8.477111e+001
1.364895e+003,8.467912e+001
1.365377e+003,8.459360e+001
1.365859e+003,8.451154e+001
1.366341e+003,8.443236e+001
1.366823e+003,8.435723e+001
1.367305e+003,8.428815e+001
1.367787e+003,8.422697e+001
1.368270e+003,8.417506e+001
1.368752e+003,8.413360e+001
1.369234e+003,8.410383e+001
1.369716e+003,8.408729e+001
1.370198e+003,8.408517e+001
1.370680e+003,8.409782e+001
1.371162e+003,8.412415e+001
1.371644e+003,8.416206e+001
1.372126e+003,8.420943e+001
1.372609e+003,8.426541e+001
1.373091e+003,8.433133e+001
1.373573e+003,8.441057e+001
1.374055e+003,8.450623e+001
1.374537e+003,8.461799e+001
1.375019e+003,8.474050e+001
1.375501e+003,8.486553e+001
1.375984e+003,8.498564e+001
1.376466e+003,8.509697e+001
1.376948e+003,8.519953e+001
1.377430e+003,8.529588e+001
1.377912e+003,8.538915e+001
1.378394e+003,8.548112e+001
1.378876e+003,8.557076e+001
1.379358e+003,8.565435e+001
1.379841e+003,8.572663e+001
1.380323e+003,8.578294e+001
1.380805e+003,8.582095e+001
1.381287e+003,8.584118e+001
1.381769e+003,8.584669e+001
1.382251e+003,8.584201e+001
1.382733e+003,8.583186e+001
1.383215e+003,8.582046e+001
1.383698e+003,8.581168e+001
1.384180e+003,8.581014e+001
1.384662e+003,8.582286e+001
1.385144e+003,8.586057e+001
1.385626e+003,8.593757e+001
1.386108e+003,8.606892e+001
1.386590e+003,8.626397e+001
1.387072e+003,8.651915e+001
1.387554e+003,8.681590e+001
1.388037e+003,8.712800e+001
1.388519e+003,8.743307e+001
1.389001e+003,8.771915e+001
1.389483e+003,8.798381e+001
1.389965e+003,8.822886e+001
1.390447e+003,8.845610e+001
1.390929e+003,8.866548e+001
1.391411e+003,8.885516e+001
1.391894e+003,8.902297e+001
1.392376e+003,8.916730e+001
1.392858e+003,8.928764e+001
1.393340e+003,8.938397e+001
1.393822e+003,8.945629e+001
1.394304e+003,8.950431e+001
1.394786e+003,8.952821e+001
1.395269e+003,8.952962e+001
1.395751e+003,8.951179e+001
1.396233e+003,8.947775e+001
1.396715e+003,8.942857e+001
1.397197e+003,8.936227e+001
1.397679e+003,8.927438e+001
1.398161e+003,8.916026e+001
1.398643e+003,8.901862e+001
1.399125e+003,8.885468e+001
1.399608e+003,8.867979e+001
1.400090e+003,8.850684e+001
1.400572e+003,8.834452e+001
1.401054e+003,8.819513e+001
1.401536e+003,8.805560e+001
1.402018e+003,8.792027e+001
1.402500e+003,8.778330e+001
1.402982e+003,8.764063e+001
1.403465e+003,8.749162e+001
1.403947e+003,8.734043e+001
1.404429e+003,8.719614e+001
1.404911e+003,8.707059e+001
1.405393e+003,8.697443e+001
1.405875e+003,8.691359e+001
1.406357e+003,8.688838e+001
1.406839e+003,8.689540e+001
1.407322e+003,8.692982e+001
1.407804e+003,8.698710e+001
1.408286e+003,8.706348e+001
1.408768e+003,8.715568e+001
1.409250e+003,8.726051e+001
1.409732e+003,8.737437e+001
1.410214e+003,8.749299e+001
1.410697e+003,8.761180e+001
1.411179e+003,8.772642e+001
1.411661e+003,8.783331e+001
1.412143e+003,8.793035e+001
1.412625e+003,8.801696e+001
1.413107e+003,8.809368e+001
1.413589e+003,8.816189e+001
1.414071e+003,8.822334e+001
1.414553e+003,8.827977e+001
1.415036e+003,8.833271e+001
1.415518e+003,8.838324e+001
1.416000e+003,8.843199e+001
1.416482e+003,8.847919e+001
1.416964e+003,8.852502e+001
1.417446e+003,8.857021e+001
1.417928e+003,8.861676e+001
1.418410e+003,8.866808e+001
1.418893e+003,8.872772e+001
1.419375e+003,8.879677e+001
1.419857e+003,8.887292e+001
1.420339e+003,8.895193e+001
1.420821e+003,8.903014e+001
1.421303e+003,8.910561e+001
1.421785e+003,8.917781e+001
1.422267e+003,8.924720e+001
1.422750e+003,8.931472e+001
1.423232e+003,8.938136e+001
1.423714e+003,8.944786e+001
1.424196e+003,8.951428e+001
1.424678e+003,8.957984e+001
1.425160e+003,8.964317e+001
1.425642e+003,8.970276e+001
1.426125e+003,8.975719e+001
1.426607e+003,8.980506e+001
1.427089e+003,8.984505e+001
1.427571e+003,8.987587e+001
1.428053e+003,8.989677e+001
1.428535e+003,8.990789e+001
1.429017e+003,8.991042e+001
1.429499e+003,8.990616e+001
1.429981e+003,8.989646e+001
1.430464e+003,8.988161e+001
1.430946e+003,8.986089e+001
1.431428e+003,8.983371e+001
1.431910e+003,8.980058e+001
1.432392e+003,8.976326e+001
1.432874e+003,8.972389e+001
1.433356e+003,8.968363e+001
1.433838e+003,8.964104e+001
1.434321e+003,8.959096e+001
1.434803e+003,8.952363e+001
1.435285e+003,8.942587e+001
1.435767e+003,8.928588e+001
1.436249e+003,8.910275e+001
1.436731e+003,8.889377e+001
1.437213e+003,8.868765e+001
1.437696e+003,8.850621e+001
1.438177e+003,8.835418e+001
1.438660e+003,8.822388e+001
1.439142e+003,8.810439e+001
1.439624e+003,8.798729e+001
1.440106e+003,8.786858e+001
1.440588e+003,8.774828e+001
1.441070e+003,8.762920e+001
1.441552e+003,8.751533e+001
1.442035e+003,8.741042e+001
1.442517e+003,8.731712e+001
1.442999e+003,8.723695e+001
1.443481e+003,8.717064e+001
1.443963e+003,8.711845e+001
1.444445e+003,8.708008e+001
1.444927e+003,8.705433e+001
1.445409e+003,8.703887e+001
1.445892e+003,8.703036e+001
1.446374e+003,8.702528e+001
1.446856e+003,8.702103e+001
1.447338e+003,8.701694e+001
1.447820e+003,8.701469e+001
1.448302e+003,8.701687e+001
1.448784e+003,8.702496e+001
1.449266e+003,8.703818e+001
1.449749e+003,8.705370e+001
1.450231e+003,8.706803e+001
1.450713e+003,8.707830e+001
1.451195e+003,8.708298e+001
1.451677e+003,8.708221e+001
1.452159e+003,8.707744e+001
1.452641e+003,8.707074e+001
1.453124e+003,8.706378e+001
1.453605e+003,8.705716e+001
1.454088e+003,8.704998e+001
1.454570e+003,8.704006e+001
1.455052e+003,8.702386e+001
1.455534e+003,8.699634e+001
1.456016e+003,8.695152e+001
1.456498e+003,8.688602e+001
1.456980e+003,8.680634e+001
1.457463e+003,8.673169e+001
1.457945e+003,8.668185e+001
1.458427e+003,8.666348e+001
1.458909e+003,8.667214e+001
1.459391e+003,8.670068e+001
1.459873e+003,8.674274e+001
1.460355e+003,8.679313e+001
1.460837e+003,8.684724e+001
1.461320e+003,8.690100e+001
1.461802e+003,8.695077e+001
1.462284e+003,8.699292e+001
1.462766e+003,8.702297e+001
1.463248e+003,8.703445e+001
1.463730e+003,8.701783e+001
1.464212e+003,8.696198e+001
1.464694e+003,8.685863e+001
1.465177e+003,8.670829e+001
1.465659e+003,8.652181e+001
1.466141e+003,8.631580e+001
1.466623e+003,8.610693e+001
1.467105e+003,8.590920e+001
1.467587e+003,8.573402e+001
1.468069e+003,8.559088e+001
1.468552e+003,8.548776e+001
1.469033e+003,8.543207e+001
1.469516e+003,8.543266e+001
1.469998e+003,8.550363e+001
1.470480e+003,8.566873e+001
1.470962e+003,8.596366e+001
1.471444e+003,8.642807e+001
1.471926e+003,8.707693e+001
1.472408e+003,8.785851e+001
1.472891e+003,8.864864e+001
1.473373e+003,8.931966e+001
1.473855e+003,8.981702e+001
1.474337e+003,9.015987e+001
1.474819e+003,9.039314e+001
1.475301e+003,9.055141e+001
1.475783e+003,9.065005e+001
1.476265e+003,9.069207e+001
1.476748e+003,9.067963e+001
1.477230e+003,9.062201e+001
1.477712e+003,9.053692e+001
1.478194e+003,9.044673e+001
1.478676e+003,9.037458e+001
1.479158e+003,9.034237e+001
1.479640e+003,9.037039e+001
1.480122e+003,9.047565e+001
1.480604e+003,9.066768e+001
1.481087e+003,9.094231e+001
1.481569e+003,9.127871e+001
1.482051e+003,9.164369e+001
1.482533e+003,9.200234e+001
1.483015e+003,9.232814e+001
1.483497e+003,9.260694e+001
1.483979e+003,9.283511e+001
1.484461e+003,9.301584e+001
1.484944e+003,9.315561e+001
1.485426e+003,9.326240e+001
1.485908e+003,9.334422e+001
1.486390e+003,9.340811e+001
1.486872e+003,9.345896e+001
1.487354e+003,9.349887e+001
1.487836e+003,9.352776e+001
1.488319e+003,9.354549e+001
1.488801e+003,9.355512e+001
1.489283e+003,9.356493e+001
1.489765e+003,9.358627e+001
1.490247e+003,9.362703e+001
1.490729e+003,9.368613e+001
1.491211e+003,9.375529e+001
1.491693e+003,9.382522e+001
1.492176e+003,9.388977e+001
1.492658e+003,9.394648e+001
1.493140e+003,9.399525e+001
1.493622e+003,9.403670e+001
1.494104e+003,9.407094e+001
1.494586e+003,9.409682e+001
1.495068e+003,9.411195e+001
1.495550e+003,9.411375e+001
1.496032e+003,9.410175e+001
1.496515e+003,9.408006e+001
1.496997e+003,9.405722e+001
1.497479e+003,9.404237e+001
1.497961e+003,9.404034e+001
1.498443e+003,9.404980e+001
1.498925e+003,9.406575e+001
1.499407e+003,9.408275e+001
1.499890e+003,9.409783e+001
1.500372e+003,9.411101e+001
1.500854e+003,9.412463e+001
1.501336e+003,9.414170e+001
1.501818e+003,9.416453e+001
1.502300e+003,9.419402e+001
1.502782e+003,9.422963e+001
1.503264e+003,9.426985e+001
1.503747e+003,9.431258e+001
1.504229e+003,9.435507e+001
1.504711e+003,9.439285e+001
1.505193e+003,9.441677e+001
1.505675e+003,9.440826e+001
1.506157e+003,9.433778e+001
1.506639e+003,9.418604e+001
1.507121e+003,9.399179e+001
1.507604e+003,9.384067e+001
1.508086e+003,9.377588e+001
1.508568e+003,9.378087e+001
1.509050e+003,9.382486e+001
1.509532e+003,9.388587e+001
1.510014e+003,9.395075e+001
1.510496e+003,9.401174e+001
1.510979e+003,9.406436e+001
1.511460e+003,9.410712e+001
1.511943e+003,9.414130e+001
1.512425e+003,9.416999e+001
1.512907e+003,9.419659e+001
1.513389e+003,9.422300e+001
1.513871e+003,9.424851e+001
1.514353e+003,9.426963e+001
1.514835e+003,9.428083e+001
1.515318e+003,9.427631e+001
1.515800e+003,9.425344e+001
1.516282e+003,9.421706e+001
1.516764e+003,9.418106e+001
1.517246e+003,9.416203e+001
1.517728e+003,9.416899e+001
1.518210e+003,9.419945e+001
1.518692e+003,9.424365e+001
1.519175e+003,9.429025e+001
1.519657e+003,9.432891e+001
1.520139e+003,9.435088e+001
1.520621e+003,9.435054e+001
1.521103e+003,9.432993e+001
1.521585e+003,9.430230e+001
1.522067e+003,9.428541e+001
1.522549e+003,9.428792e+001
1.523031e+003,9.430611e+001
1.523514e+003,9.433125e+001
1.523996e+003,9.435551e+001
1.524478e+003,9.437374e+001
1.524960e+003,9.438303e+001
1.525442e+003,9.438274e+001
1.525924e+003,9.437479e+001
1.526406e+003,9.436334e+001
1.526888e+003,9.435380e+001
1.527371e+003,9.435059e+001
1.527853e+003,9.435602e+001
1.528335e+003,9.436987e+001
1.528817e+003,9.439020e+001
1.529299e+003,9.441403e+001
1.529781e+003,9.443816e+001
1.530263e+003,9.445936e+001
1.530746e+003,9.447467e+001
1.531228e+003,9.448105e+001
1.531710e+003,9.447557e+001
1.532192e+003,9.445619e+001
1.532674e+003,9.442453e+001
1.533156e+003,9.438892e+001
1.533638e+003,9.436370e+001
1.534120e+003,9.436077e+001
1.534603e+003,9.438220e+001
1.535085e+003,9.442222e+001
1.535567e+003,9.447346e+001
1.536049e+003,9.453057e+001
1.536531e+003,9.459003e+001
1.537013e+003,9.464890e+001
1.537495e+003,9.470312e+001
1.537977e+003,9.474589e+001
1.538459e+003,9.476569e+001
1.538942e+003,9.474616e+001
1.539424e+003,9.467220e+001
1.539906e+003,9.454822e+001
1.540388e+003,9.441352e+001
1.540870e+003,9.431741e+001
1.541352e+003,9.427617e+001
1.541834e+003,9.427346e+001
1.542316e+003,9.428718e+001
1.542799e+003,9.430347e+001
1.543281e+003,9.431720e+001
1.543763e+003,9.432904e+001
1.544245e+003,9.434251e+001
1.544727e+003,9.436119e+001
1.545209e+003,9.438653e+001
1.545691e+003,9.441710e+001
1.546174e+003,9.444975e+001
1.546656e+003,9.448075e+001
1.547138e+003,9.450645e+001
1.547620e+003,9.452336e+001
1.548102e+003,9.452837e+001
1.548584e+003,9.451964e+001
1.549066e+003,9.449873e+001
1.549548e+003,9.447182e+001
1.550031e+003,9.444891e+001
1.550513e+003,9.443925e+001
1.550995e+003,9.444669e+001
1.551477e+003,9.446888e+001
1.551959e+003,9.449928e+001
1.552441e+003,9.453007e+001
1.552923e+003,9.455394e+001
1.553405e+003,9.456605e+001
1.553887e+003,9.456607e+001
1.554370e+003,9.455945e+001
1.554852e+003,9.455598e+001
1.555334e+003,9.456560e+001
1.555816e+003,9.459443e+001
1.556298e+003,9.464304e+001
1.556780e+003,9.470595e+001
1.557262e+003,9.476899e+001
1.557744e+003,9.480106e+001
1.558227e+003,9.474657e+001
1.558709e+003,9.456279e+001
1.559191e+003,9.432195e+001
1.559673e+003,9.416552e+001
1.560155e+003,9.412623e+001
1.560637e+003,9.415572e+001
1.561119e+003,9.421115e+001
1.561602e+003,9.427106e+001
1.562083e+003,9.432625e+001
1.562566e+003,9.437262e+001
1.563048e+003,9.440804e+001
1.563530e+003,9.443137e+001
1.564012e+003,9.444292e+001
1.564494e+003,9.444524e+001
1.564976e+003,9.444324e+001
1.565458e+003,9.444258e+001
1.565941e+003,9.444747e+001
1.566423e+003,9.445912e+001
1.566905e+003,9.447575e+001
1.567387e+003,9.449323e+001
1.567869e+003,9.450580e+001
1.568351e+003,9.450756e+001
1.568833e+003,9.449512e+001
1.569315e+003,9.447157e+001
1.569798e+003,9.444764e+001
1.570280e+003,9.443600e+001
1.570762e+003,9.444276e+001
1.571244e+003,9.446619e+001
1.571726e+003,9.450045e+001
1.572208e+003,9.453989e+001
1.572690e+003,9.458022e+001
1.573172e+003,9.461848e+001
1.573655e+003,9.465200e+001
1.574137e+003,9.467748e+001
1.574619e+003,9.468999e+001
1.575101e+003,9.468311e+001
1.575583e+003,9.465226e+001
1.576065e+003,9.460123e+001
1.576547e+003,9.454552e+001
1.577030e+003,9.450423e+001
1.577511e+003,9.448766e+001
1.577994e+003,9.449480e+001
1.578476e+003,9.451860e+001
1.578958e+003,9.455109e+001
1.579440e+003,9.458537e+001
1.579922e+003,9.461607e+001
1.580404e+003,9.463943e+001
1.580886e+003,9.465385e+001
1.581369e+003,9.465994e+001
1.581851e+003,9.466045e+001
1.582333e+003,9.465893e+001
1.582815e+003,9.465857e+001
1.583297e+003,9.466115e+001
1.583779e+003,9.466688e+001
1.584261e+003,9.467503e+001
1.584743e+003,9.468477e+001
1.585226e+003,9.469556e+001
1.585708e+003,9.470741e+001
1.586190e+003,9.472025e+001
1.586672e+003,9.473350e+001
1.587154e+003,9.474573e+001
1.587636e+003,9.475494e+001
1.588118e+003,9.475918e+001
1.588600e+003,9.475741e+001
1.589083e+003,9.475007e+001
1.589565e+003,9.473917e+001
1.590047e+003,9.472746e+001
1.590529e+003,9.471753e+001
1.591011e+003,9.471084e+001
1.591493e+003,9.470739e+001
1.591975e+003,9.470617e+001
1.592458e+003,9.470573e+001
1.592939e+003,9.470491e+001
1.593422e+003,9.470327e+001
1.593904e+003,9.470113e+001
1.594386e+003,9.469930e+001
1.594868e+003,9.469873e+001
1.595350e+003,9.470015e+001
1.595832e+003,9.470393e+001
1.596314e+003,9.470999e+001
1.596797e+003,9.471781e+001
1.597279e+003,9.472648e+001
1.597761e+003,9.473469e+001
1.598243e+003,9.474088e+001
1.598725e+003,9.474345e+001
1.599207e+003,9.474129e+001
1.599689e+003,9.473405e+001
1.600171e+003,9.472266e+001
1.600654e+003,9.470900e+001
1.601136e+003,9.469572e+001
1.601618e+003,9.468527e+001
1.602100e+003,9.467933e+001
1.602582e+003,9.467832e+001
1.603064e+003,9.468156e+001
1.603546e+003,9.468777e+001
1.604028e+003,9.469548e+001
1.604510e+003,9.470343e+001
1.604993e+003,9.471057e+001
1.605475e+003,9.471581e+001
1.605957e+003,9.471801e+001
1.606439e+003,9.471611e+001
1.606921e+003,9.470953e+001
1.607403e+003,9.469875e+001
1.607885e+003,9.468555e+001
1.608367e+003,9.467272e+001
1.608850e+003,9.466303e+001
1.609332e+003,9.465821e+001
1.609814e+003,9.465835e+001
1.610296e+003,9.466230e+001
1.610778e+003,9.466853e+001
1.611260e+003,9.467600e+001
1.611742e+003,9.468468e+001
1.612225e+003,9.469522e+001
1.612707e+003,9.470840e+001
1.613189e+003,9.472421e+001
1.613671e+003,9.474132e+001
1.614153e+003,9.475674e+001
1.614635e+003,9.476568e+001
1.615117e+003,9.476206e+001
1.615599e+003,9.474075e+001
1.616082e+003,9.470152e+001
1.616564e+003,9.465340e+001
1.617046e+003,9.461213e+001
1.617528e+003,9.459016e+001
1.618010e+003,9.458944e+001
1.618492e+003,9.460414e+001
1.618974e+003,9.462656e+001
1.619456e+003,9.465067e+001
1.619938e+003,9.467247e+001
1.620421e+003,9.468903e+001
1.620903e+003,9.469777e+001
1.621385e+003,9.469585e+001
1.621867e+003,9.468080e+001
1.622349e+003,9.465238e+001
1.622831e+003,9.461517e+001
1.623313e+003,9.457915e+001
1.623796e+003,9.455540e+001
1.624278e+003,9.455015e+001
1.624760e+003,9.456227e+001
1.625242e+003,9.458564e+001
1.625724e+003,9.461250e+001
1.626206e+003,9.463549e+001
1.626688e+003,9.464903e+001
1.627170e+003,9.465034e+001
1.627653e+003,9.464050e+001
1.628135e+003,9.462467e+001
1.628617e+003,9.460997e+001
1.629099e+003,9.460196e+001
1.629581e+003,9.460276e+001
1.630063e+003,9.461131e+001
1.630545e+003,9.462513e+001
1.631027e+003,9.464198e+001
1.631510e+003,9.466064e+001
1.631992e+003,9.468082e+001
1.632474e+003,9.470255e+001
1.632956e+003,9.472507e+001
1.633438e+003,9.474554e+001
1.633920e+003,9.475784e+001
1.634402e+003,9.475157e+001
1.634885e+003,9.471441e+001
1.635366e+003,9.464108e+001
1.635849e+003,9.454653e+001
1.636331e+003,9.446358e+001
1.636813e+003,9.441772e+001
1.637295e+003,9.441078e+001
1.637777e+003,9.443001e+001
1.638259e+003,9.446165e+001
1.638741e+003,9.449614e+001
1.639224e+003,9.452826e+001
1.639706e+003,9.455569e+001
1.640188e+003,9.457811e+001
1.640670e+003,9.459636e+001
1.641152e+003,9.461179e+001
1.641634e+003,9.462593e+001
1.642116e+003,9.464003e+001
1.642598e+003,9.465491e+001
1.643081e+003,9.467090e+001
1.643563e+003,9.468754e+001
1.644045e+003,9.470309e+001
1.644527e+003,9.471375e+001
1.645009e+003,9.471282e+001
1.645491e+003,9.469070e+001
1.645973e+003,9.463826e+001
1.646455e+003,9.455644e+001
1.646938e+003,9.446653e+001
1.647420e+003,9.440230e+001
1.647902e+003,9.438373e+001
1.648384e+003,9.440667e+001
1.648866e+003,9.445554e+001
1.649348e+003,9.451635e+001
1.649830e+003,9.458014e+001
1.650313e+003,9.464178e+001
1.650794e+003,9.469717e+001
1.651277e+003,9.474059e+001
1.651759e+003,9.476093e+001
1.652241e+003,9.473933e+001
1.652723e+003,9.465852e+001
1.653205e+003,9.453700e+001
1.653687e+003,9.443900e+001
1.654169e+003,9.440710e+001
1.654652e+003,9.442904e+001
1.655134e+003,9.447737e+001
1.655616e+003,9.453391e+001
1.656098e+003,9.458971e+001
1.656580e+003,9.464054e+001
1.657062e+003,9.468452e+001
1.657544e+003,9.472095e+001
1.658026e+003,9.475021e+001
1.658509e+003,9.477354e+001
1.658991e+003,9.479266e+001
1.659473e+003,9.480905e+001
1.659955e+003,9.482314e+001
1.660437e+003,9.483395e+001
1.660919e+003,9.483915e+001
1.661401e+003,9.483620e+001
1.661883e+003,9.482443e+001
1.662365e+003,9.480742e+001
1.662848e+003,9.479304e+001
1.663330e+003,9.478979e+001
1.663812e+003,9.480168e+001
1.664294e+003,9.482670e+001
1.664776e+003,9.485925e+001
1.665258e+003,9.489336e+001
1.665740e+003,9.492423e+001
1.666222e+003,9.494847e+001
1.666705e+003,9.496391e+001
1.667187e+003,9.496912e+001
1.667669e+003,9.496311e+001
1.668151e+003,9.494535e+001
1.668633e+003,9.491602e+001
1.669115e+003,9.487754e+001
1.669597e+003,9.483581e+001
1.670080e+003,9.479968e+001
1.670562e+003,9.477748e+001
1.671044e+003,9.477319e+001
1.671526e+003,9.478563e+001
1.672008e+003,9.481026e+001
1.672490e+003,9.484094e+001
1.672972e+003,9.487119e+001
1.673454e+003,9.489428e+001
1.673937e+003,9.490412e+001
1.674419e+003,9.489739e+001
1.674901e+003,9.487687e+001
1.675383e+003,9.485260e+001
1.675865e+003,9.483685e+001
1.676347e+003,9.483674e+001
1.676829e+003,9.485149e+001
1.677311e+003,9.487567e+001
1.677793e+003,9.490308e+001
1.678276e+003,9.492889e+001
1.678758e+003,9.495031e+001
1.679240e+003,9.496693e+001
1.679722e+003,9.498043e+001
1.680204e+003,9.499399e+001
1.680686e+003,9.501051e+001
1.681168e+003,9.503099e+001
1.681650e+003,9.505323e+001
1.682133e+003,9.507118e+001
1.682615e+003,9.507414e+001
1.683097e+003,9.504729e+001
1.683579e+003,9.497927e+001
1.684061e+003,9.488113e+001
1.684543e+003,9.479202e+001
1.685025e+003,9.474529e+001
1.685508e+003,9.474088e+001
1.685990e+003,9.476027e+001
1.686472e+003,9.478654e+001
1.686954e+003,9.480947e+001
1.687436e+003,9.482401e+001
1.687918e+003,9.482865e+001
1.688400e+003,9.482477e+001
1.688882e+003,9.481646e+001
1.689365e+003,9.480962e+001
1.689847e+003,9.481019e+001
1.690329e+003,9.482205e+001
1.690811e+003,9.484593e+001
1.691293e+003,9.487984e+001
1.691775e+003,9.492054e+001
1.692257e+003,9.496443e+001
1.692739e+003,9.500810e+001
1.693221e+003,9.504786e+001
1.693704e+003,9.507908e+001
1.694186e+003,9.509530e+001
1.694668e+003,9.508873e+001
1.695150e+003,9.505351e+001
1.695632e+003,9.499297e+001
1.696114e+003,9.492413e+001
1.696596e+003,9.487033e+001
1.697078e+003,9.484581e+001
1.697561e+003,9.484987e+001
1.698043e+003,9.487216e+001
1.698525e+003,9.489903e+001
1.699007e+003,9.491635e+001
1.699489e+003,9.491249e+001
1.699971e+003,9.488567e+001
1.700453e+003,9.485039e+001
1.700936e+003,9.482831e+001
1.701417e+003,9.483064e+001
1.701900e+003,9.485381e+001
1.702382e+003,9.488776e+001
1.702864e+003,9.492247e+001
1.703346e+003,9.494963e+001
1.703828e+003,9.496265e+001
1.704310e+003,9.495750e+001
1.704792e+003,9.493480e+001
1.705275e+003,9.490206e+001
1.705757e+003,9.487202e+001
1.706239e+003,9.485592e+001
1.706721e+003,9.485738e+001
1.707203e+003,9.487236e+001
1.707685e+003,9.489354e+001
1.708167e+003,9.491442e+001
1.708649e+003,9.493124e+001
1.709132e+003,9.494316e+001
1.709614e+003,9.495166e+001
1.710096e+003,9.495929e+001
1.710578e+003,9.496833e+001
1.711060e+003,9.497974e+001
1.711542e+003,9.499290e+001
1.712024e+003,9.500615e+001
1.712506e+003,9.501747e+001
1.712989e+003,9.502542e+001
1.713471e+003,9.502966e+001
1.713953e+003,9.503118e+001
1.714435e+003,9.503153e+001
1.714917e+003,9.503170e+001
1.715399e+003,9.503028e+001
1.715881e+003,9.502279e+001
1.716364e+003,9.500242e+001
1.716845e+003,9.496455e+001
1.717328e+003,9.491298e+001
1.717810e+003,9.486187e+001
1.718292e+003,9.482755e+001
1.718774e+003,9.481779e+001
1.719256e+003,9.482999e+001
1.719738e+003,9.485666e+001
1.720220e+003,9.489026e+001
1.720703e+003,9.492505e+001
1.721185e+003,9.495686e+001
1.721667e+003,9.498269e+001
1.722149e+003,9.500037e+001
1.722631e+003,9.500911e+001
1.723113e+003,9.500977e+001
1.723595e+003,9.500513e+001
1.724077e+003,9.499921e+001
1.724560e+003,9.499594e+001
1.725042e+003,9.499784e+001
1.725524e+003,9.500547e+001
1.726006e+003,9.501749e+001
1.726488e+003,9.503129e+001
1.726970e+003,9.504369e+001
1.727452e+003,9.505170e+001
1.727934e+003,9.505316e+001
1.728417e+003,9.504771e+001
1.728899e+003,9.503732e+001
1.729381e+003,9.502636e+001
1.729863e+003,9.502061e+001
1.730345e+003,9.502515e+001
1.730827e+003,9.504230e+001
1.731309e+003,9.507051e+001
1.731792e+003,9.510387e+001
1.732273e+003,9.513219e+001
1.732756e+003,9.514101e+001
1.733238e+003,9.511513e+001
1.733720e+003,9.504965e+001
1.734202e+003,9.496330e+001
1.734684e+003,9.489101e+001
1.735166e+003,9.485598e+001
1.735648e+003,9.485764e+001
1.736131e+003,9.488282e+001
1.736613e+003,9.491746e+001
1.737095e+003,9.495056e+001
1.737577e+003,9.497366e+001
1.738059e+003,9.498051e+001
1.738541e+003,9.496832e+001
1.739023e+003,9.493984e+001
1.739505e+003,9.490458e+001
1.739988e+003,9.487503e+001
1.740470e+003,9.486037e+001
1.740952e+003,9.486229e+001
1.741434e+003,9.487643e+001
1.741916e+003,9.489616e+001
1.742398e+003,9.491594e+001
1.742880e+003,9.493309e+001
1.743362e+003,9.494804e+001
1.743844e+003,9.496336e+001
1.744327e+003,9.498176e+001
1.744809e+003,9.500397e+001
1.745291e+003,9.502818e+001
1.745773e+003,9.505025e+001
1.746255e+003,9.506503e+001
1.746737e+003,9.506800e+001
1.747219e+003,9.505669e+001
1.747702e+003,9.503226e+001
1.748184e+003,9.499937e+001
1.748666e+003,9.496480e+001
1.749148e+003,9.493464e+001
1.749630e+003,9.491265e+001
1.750112e+003,9.490028e+001
1.750594e+003,9.489793e+001
1.751076e+003,9.490630e+001
1.751559e+003,9.492577e+001
1.752041e+003,9.495545e+001
1.752523e+003,9.499262e+001
1.753005e+003,9.503314e+001
1.753487e+003,9.507220e+001
1.753969e+003,9.510500e+001
1.754451e+003,9.512703e+001
1.754933e+003,9.513460e+001
1.755416e+003,9.512592e+001
1.755898e+003,9.510265e+001
1.756380e+003,9.507117e+001
1.756862e+003,9.504135e+001
1.757344e+003,9.502241e+001
1.757826e+003,9.501872e+001
1.758308e+003,9.502889e+001
1.758791e+003,9.504746e+001
1.759272e+003,9.506775e+001
1.759755e+003,9.508340e+001
1.760237e+003,9.508947e+001
1.760719e+003,9.508329e+001
1.761201e+003,9.506592e+001
1.761683e+003,9.504295e+001
1.762165e+003,9.502319e+001
1.762647e+003,9.501456e+001
1.763130e+003,9.502070e+001
1.763612e+003,9.504026e+001
1.764094e+003,9.506883e+001
1.764576e+003,9.510093e+001
1.765058e+003,9.513143e+001
1.765540e+003,9.515598e+001
1.766022e+003,9.517126e+001
1.766504e+003,9.517578e+001
1.766987e+003,9.517068e+001
1.767469e+003,9.515987e+001
1.767951e+003,9.514907e+001
1.768433e+003,9.514326e+001
1.768915e+003,9.514445e+001
1.769397e+003,9.515074e+001
1.769879e+003,9.515717e+001
1.770361e+003,9.515714e+001
1.770844e+003,9.514434e+001
1.771326e+003,9.511587e+001
1.771808e+003,9.507578e+001
1.772290e+003,9.503579e+001
1.772772e+003,9.500916e+001
1.773254e+003,9.500240e+001
1.773736e+003,9.501298e+001
1.774219e+003,9.503391e+001
1.774700e+003,9.505845e+001
1.775183e+003,9.508206e+001
1.775665e+003,9.510260e+001
1.776147e+003,9.511964e+001
1.776629e+003,9.513374e+001
1.777111e+003,9.514551e+001
1.777593e+003,9.515513e+001
1.778075e+003,9.516210e+001
1.778558e+003,9.516550e+001
1.779040e+003,9.516457e+001
1.779522e+003,9.515952e+001
1.780004e+003,9.515206e+001
1.780486e+003,9.514539e+001
1.780968e+003,9.514281e+001
1.781450e+003,9.514625e+001
1.781932e+003,9.515530e+001
1.782415e+003,9.516783e+001
1.782897e+003,9.518074e+001
1.783379e+003,9.519118e+001
1.783861e+003,9.519731e+001
1.784343e+003,9.519906e+001
1.784825e+003,9.519819e+001
1.785307e+003,9.519777e+001
1.785789e+003,9.520100e+001
1.786271e+003,9.520987e+001
1.786754e+003,9.522457e+001
1.787236e+003,9.524385e+001
1.787718e+003,9.526539e+001
1.788200e+003,9.528664e+001
1.788682e+003,9.530486e+001
1.789164e+003,9.531740e+001
1.789646e+003,9.532137e+001
1.790128e+003,9.531387e+001
1.790611e+003,9.529257e+001
1.791093e+003,9.525719e+001
1.791575e+003,9.521165e+001
1.792057e+003,9.516498e+001
1.792539e+003,9.512818e+001
1.793021e+003,9.510916e+001
1.793503e+003,9.510906e+001
1.793986e+003,9.512374e+001
1.794468e+003,9.514687e+001
1.794950e+003,9.517251e+001
1.795432e+003,9.519634e+001
1.795914e+003,9.521585e+001
1.796396e+003,9.523031e+001
1.796878e+003,9.524025e+001
1.797360e+003,9.524696e+001
1.797843e+003,9.525132e+001
1.798325e+003,9.525327e+001
1.798807e+003,9.525153e+001
1.799289e+003,9.524424e+001
1.799771e+003,9.523019e+001
1.800253e+003,9.521019e+001
1.800735e+003,9.518791e+001
1.801217e+003,9.516881e+001
1.801699e+003,9.515794e+001
1.802182e+003,9.515781e+001
1.802664e+003,9.516780e+001
1.803146e+003,9.518479e+001
1.803628e+003,9.520467e+001
1.804110e+003,9.522366e+001
1.804592e+003,9.523935e+001
1.805074e+003,9.525089e+001
1.805556e+003,9.525903e+001
1.806039e+003,9.526536e+001
1.806521e+003,9.527164e+001
1.807003e+003,9.527906e+001
1.807485e+003,9.528780e+001
1.807967e+003,9.529713e+001
1.808449e+003,9.530566e+001
1.808931e+003,9.531155e+001
1.809414e+003,9.531325e+001
1.809896e+003,9.530968e+001
1.810378e+003,9.530075e+001
1.810860e+003,9.528773e+001
1.811342e+003,9.527345e+001
1.811824e+003,9.526192e+001
1.812306e+003,9.525723e+001
1.812788e+003,9.526248e+001
1.813271e+003,9.527867e+001
1.813753e+003,9.530466e+001
1.814235e+003,9.533724e+001
1.814717e+003,9.537177e+001
1.815199e+003,9.540284e+001
1.815681e+003,9.542529e+001
1.816163e+003,9.543565e+001
1.816645e+003,9.543326e+001
1.817127e+003,9.542066e+001
1.817610e+003,9.540244e+001
1.818092e+003,9.538348e+001
1.818574e+003,9.536728e+001
1.819056e+003,9.535513e+001
1.819538e+003,9.534653e+001
1.820020e+003,9.534005e+001
1.820502e+003,9.533428e+001
1.820984e+003,9.532835e+001
1.821467e+003,9.532199e+001
1.821949e+003,9.531487e+001
1.822431e+003,9.530641e+001
1.822913e+003,9.529566e+001
1.823395e+003,9.528175e+001
1.823877e+003,9.526505e+001
1.824359e+003,9.524792e+001
1.824842e+003,9.523474e+001
1.825323e+003,9.523019e+001
1.825806e+003,9.523679e+001
1.826288e+003,9.525361e+001
1.826770e+003,9.527663e+001
1.827252e+003,9.529987e+001
1.827734e+003,9.531654e+001
1.828216e+003,9.532022e+001
1.828698e+003,9.530655e+001
1.829181e+003,9.527577e+001
1.829663e+003,9.523479e+001
1.830145e+003,9.519581e+001
1.830627e+003,9.517061e+001
1.831109e+003,9.516476e+001
1.831591e+003,9.517687e+001
1.832073e+003,9.520138e+001
1.832555e+003,9.523185e+001
1.833038e+003,9.526276e+001
1.833520e+003,9.528992e+001
1.834002e+003,9.531046e+001
1.834484e+003,9.532281e+001
1.834966e+003,9.532672e+001
1.835448e+003,9.532314e+001
1.835930e+003,9.531396e+001
1.836412e+003,9.530151e+001
1.836895e+003,9.528818e+001
1.837377e+003,9.527601e+001
1.837859e+003,9.526670e+001
1.838341e+003,9.526155e+001
1.838823e+003,9.526139e+001
1.839305e+003,9.526660e+001
1.839787e+003,9.527690e+001
1.840270e+003,9.529145e+001
1.840751e+003,9.530862e+001
1.841234e+003,9.532599e+001
1.841716e+003,9.534035e+001
1.842198e+003,9.534785e+001
1.842680e+003,9.534483e+001
1.843162e+003,9.532932e+001
1.843644e+003,9.530317e+001
1.844126e+003,9.527268e+001
1.844609e+003,9.524622e+001
1.845091e+003,9.523007e+001
1.845573e+003,9.522578e+001
1.846055e+003,9.523087e+001
1.846537e+003,9.524094e+001
1.847019e+003,9.525195e+001
1.847501e+003,9.526112e+001
1.847983e+003,9.526732e+001
1.848466e+003,9.527068e+001
1.848948e+003,9.527225e+001
1.849430e+003,9.527308e+001
1.849912e+003,9.527383e+001
1.850394e+003,9.527470e+001
1.850876e+003,9.527564e+001
1.851358e+003,9.527673e+001
1.851840e+003,9.527853e+001
1.852323e+003,9.528204e+001
1.852805e+003,9.528825e+001
1.853287e+003,9.529772e+001
1.853769e+003,9.531012e+001
1.854251e+003,9.532401e+001
1.854733e+003,9.533733e+001
1.855215e+003,9.534791e+001
1.855698e+003,9.535417e+001
1.856179e+003,9.535550e+001
1.856662e+003,9.535218e+001
1.857144e+003,9.534526e+001
1.857626e+003,9.533604e+001
1.858108e+003,9.532563e+001
1.858590e+003,9.531461e+001
1.859072e+003,9.530311e+001
1.859554e+003,9.529088e+001
1.860037e+003,9.527769e+001
1.860519e+003,9.526359e+001
1.861001e+003,9.524908e+001
1.861483e+003,9.523510e+001
1.861965e+003,9.522290e+001
1.862447e+003,9.521379e+001
1.862929e+003,9.520890e+001
1.863411e+003,9.520897e+001
1.863894e+003,9.521404e+001
1.864376e+003,9.522347e+001
1.864858e+003,9.523560e+001
1.865340e+003,9.524794e+001
1.865822e+003,9.525710e+001
1.866304e+003,9.525951e+001
1.866786e+003,9.525194e+001
1.867268e+003,9.523289e+001
1.867750e+003,9.520409e+001
1.868233e+003,9.517094e+001
1.868715e+003,9.514157e+001
1.869197e+003,9.512343e+001
1.869679e+003,9.511948e+001
1.870161e+003,9.512730e+001
1.870643e+003,9.514097e+001
1.871125e+003,9.515389e+001
1.871608e+003,9.516052e+001
1.872090e+003,9.515744e+001
1.872572e+003,9.514349e+001
1.873054e+003,9.512004e+001
1.873536e+003,9.509076e+001
1.874018e+003,9.506097e+001
1.874500e+003,9.503645e+001
1.874982e+003,9.502195e+001
1.875465e+003,9.501992e+001
1.875947e+003,9.502997e+001
1.876429e+003,9.504916e+001
1.876911e+003,9.507295e+001
1.877393e+003,9.509641e+001
1.877875e+003,9.511564e+001
1.878357e+003,9.512894e+001
1.878839e+003,9.513689e+001
1.879322e+003,9.514182e+001
1.879804e+003,9.514672e+001
1.880286e+003,9.515379e+001
1.880768e+003,9.516348e+001
1.881250e+003,9.517406e+001
1.881732e+003,9.518243e+001
1.882214e+003,9.518494e+001
1.882697e+003,9.517920e+001
1.883178e+003,9.516513e+001
1.883661e+003,9.514554e+001
1.884143e+003,9.512579e+001
1.884625e+003,9.511249e+001
1.885107e+003,9.511140e+001
1.885589e+003,9.512545e+001
1.886071e+003,9.515366e+001
1.886553e+003,9.519157e+001
1.887036e+003,9.523224e+001
1.887518e+003,9.526759e+001
1.888000e+003,9.528999e+001
1.888482e+003,9.529401e+001
1.888964e+003,9.527834e+001
1.889446e+003,9.524730e+001
1.889928e+003,9.520963e+001
1.890410e+003,9.517531e+001
1.890893e+003,9.515151e+001
1.891375e+003,9.514084e+001
1.891857e+003,9.514188e+001
1.892339e+003,9.515091e+001
1.892821e+003,9.516346e+001
1.893303e+003,9.517554e+001
1.893785e+003,9.518437e+001
1.894267e+003,9.518875e+001
1.894750e+003,9.518913e+001
1.895232e+003,9.518716e+001
1.895714e+003,9.518478e+001
1.896196e+003,9.518336e+001
1.896678e+003,9.518310e+001
1.897160e+003,9.518306e+001
1.897642e+003,9.518159e+001
1.898125e+003,9.517680e+001
1.898606e+003,9.516737e+001
1.899089e+003,9.515295e+001
1.899571e+003,9.513461e+001
1.900053e+003,9.511494e+001
1.900535e+003,9.509731e+001
1.901017e+003,9.508535e+001
1.901499e+003,9.508147e+001
1.901981e+003,9.508614e+001
1.902464e+003,9.509739e+001
1.902946e+003,9.511116e+001
1.903428e+003,9.512248e+001
1.903910e+003,9.512690e+001
1.904392e+003,9.512180e+001
1.904874e+003,9.510729e+001
1.905356e+003,9.508611e+001
1.905838e+003,9.506279e+001
1.906321e+003,9.504205e+001
1.906803e+003,9.502747e+001
1.907285e+003,9.502083e+001
1.907767e+003,9.502164e+001
1.908249e+003,9.502783e+001
1.908731e+003,9.503654e+001
1.909213e+003,9.504512e+001
1.909695e+003,9.505209e+001
1.910177e+003,9.505722e+001
1.910660e+003,9.506126e+001
1.911142e+003,9.506509e+001
1.911624e+003,9.506908e+001
1.912106e+003,9.507275e+001
1.912588e+003,9.507489e+001
1.913070e+003,9.507379e+001
1.913552e+003,9.506765e+001
1.914034e+003,9.505508e+001
1.914517e+003,9.503544e+001
1.914999e+003,9.500912e+001
1.915481e+003,9.497774e+001
1.915963e+003,9.494446e+001
1.916445e+003,9.491395e+001
1.916927e+003,9.489186e+001
1.917409e+003,9.488343e+001
1.917892e+003,9.489104e+001
1.918374e+003,9.491265e+001
1.918856e+003,9.494207e+001
1.919338e+003,9.497167e+001
1.919820e+003,9.499487e+001
1.920302e+003,9.500797e+001
1.920784e+003,9.501047e+001
1.921266e+003,9.500455e+001
1.921749e+003,9.499448e+001
1.922231e+003,9.498547e+001
1.922713e+003,9.498222e+001
1.923195e+003,9.498719e+001
1.923677e+003,9.499963e+001
1.924159e+003,9.501630e+001
1.924641e+003,9.503332e+001
1.925123e+003,9.504753e+001
1.925605e+003,9.505730e+001
1.926088e+003,9.506253e+001
1.926570e+003,9.506378e+001
1.927052e+003,9.506203e+001
1.927534e+003,9.505782e+001
1.928016e+003,9.505128e+001
1.928498e+003,9.504219e+001
1.928980e+003,9.503028e+001
1.929462e+003,9.501568e+001
1.929945e+003,9.499905e+001
1.930427e+003,9.498183e+001
1.930909e+003,9.496609e+001
1.931391e+003,9.495377e+001
1.931873e+003,9.494660e+001
1.932355e+003,9.494542e+001
1.932837e+003,9.495026e+001
1.933320e+003,9.495999e+001
1.933802e+003,9.497281e+001
1.934284e+003,9.498627e+001
1.934766e+003,9.499777e+001
1.935248e+003,9.500459e+001
1.935730e+003,9.500457e+001
1.936212e+003,9.499652e+001
1.936694e+003,9.498058e+001
1.937177e+003,9.495832e+001
1.937659e+003,9.493250e+001
1.938141e+003,9.490674e+001
1.938623e+003,9.488478e+001
1.939105e+003,9.486956e+001
1.939587e+003,9.486275e+001
1.940069e+003,9.486455e+001
1.940551e+003,9.487391e+001
1.941033e+003,9.488874e+001
1.941516e+003,9.490654e+001
1.941998e+003,9.492461e+001
1.942480e+003,9.494083e+001
1.942962e+003,9.495347e+001
1.943444e+003,9.496205e+001
1.943926e+003,9.496658e+001
1.944408e+003,9.496764e+001
1.944890e+003,9.496589e+001
1.945373e+003,9.496220e+001
1.945855e+003,9.495762e+001
1.946337e+003,9.495374e+001
1.946819e+003,9.495183e+001
1.947301e+003,9.495295e+001
1.947783e+003,9.495694e+001
1.948265e+003,9.496280e+001
1.948748e+003,9.496874e+001
1.949229e+003,9.497292e+001
1.949712e+003,9.497424e+001
1.950194e+003,9.497279e+001
1.950676e+003,9.496980e+001
1.951158e+003,9.496717e+001
1.951640e+003,9.496659e+001
1.952122e+003,9.496874e+001
1.952604e+003,9.497294e+001
1.953087e+003,9.497735e+001
1.953569e+003,9.497990e+001
1.954051e+003,9.497912e+001
1.954533e+003,9.497481e+001
1.955015e+003,9.496804e+001
1.955497e+003,9.496085e+001
1.955979e+003,9.495508e+001
1.956461e+003,9.495157e+001
1.956944e+003,9.495010e+001
1.957426e+003,9.494955e+001
1.957908e+003,9.494905e+001
1.958390e+003,9.494793e+001
1.958872e+003,9.494663e+001
1.959354e+003,9.494599e+001
1.959836e+003,9.494633e+001
1.960318e+003,9.494693e+001
1.960801e+003,9.494546e+001
1.961283e+003,9.493859e+001
1.961765e+003,9.492346e+001
1.962247e+003,9.489809e+001
1.962729e+003,9.486346e+001
1.963211e+003,9.482252e+001
1.963693e+003,9.478012e+001
1.964176e+003,9.474126e+001
1.964657e+003,9.471051e+001
1.965140e+003,9.469173e+001
1.965622e+003,9.468742e+001
1.966104e+003,9.469835e+001
1.966586e+003,9.472276e+001
1.967068e+003,9.475584e+001
1.967550e+003,9.479069e+001
1.968032e+003,9.481969e+001
1.968515e+003,9.483608e+001
1.968997e+003,9.483579e+001
1.969479e+003,9.481800e+001
1.969961e+003,9.478495e+001
1.970443e+003,9.474228e+001
1.970925e+003,9.469740e+001
1.971407e+003,9.465829e+001
1.971889e+003,9.463161e+001
1.972372e+003,9.462205e+001
1.972854e+003,9.463148e+001
1.973336e+003,9.465940e+001
1.973818e+003,9.470190e+001
1.974300e+003,9.475237e+001
1.974782e+003,9.480118e+001
1.975264e+003,9.483709e+001
1.975746e+003,9.484801e+001
1.976229e+003,9.482393e+001
1.976711e+003,9.475942e+001
1.977193e+003,9.465652e+001
1.977675e+003,9.452586e+001
1.978157e+003,9.438566e+001
1.978639e+003,9.425671e+001
1.979121e+003,9.415696e+001
1.979604e+003,9.409681e+001
1.980085e+003,9.407813e+001
1.980568e+003,9.409576e+001
1.981050e+003,9.414056e+001
1.981532e+003,9.420121e+001
1.982014e+003,9.426745e+001
1.982496e+003,9.433141e+001
1.982978e+003,9.438859e+001
1.983460e+003,9.443756e+001
1.983943e+003,9.447916e+001
1.984425e+003,9.451483e+001
1.984907e+003,9.454612e+001
1.985389e+003,9.457385e+001
1.985871e+003,9.459854e+001
1.986353e+003,9.462067e+001
1.986835e+003,9.464120e+001
1.987317e+003,9.466175e+001
1.987800e+003,9.468421e+001
1.988282e+003,9.471010e+001
1.988764e+003,9.474017e+001
1.989246e+003,9.477324e+001
1.989728e+003,9.480695e+001
1.990210e+003,9.483750e+001
1.990692e+003,9.486123e+001
1.991174e+003,9.487572e+001
1.991656e+003,9.488089e+001
1.992139e+003,9.487976e+001
1.992621e+003,9.487827e+001
1.993103e+003,9.488255e+001
1.993585e+003,9.489753e+001
1.994067e+003,9.492457e+001
1.994549e+003,9.496149e+001
1.995031e+003,9.500309e+001
1.995514e+003,9.504292e+001
1.995996e+003,9.507489e+001
1.996478e+003,9.509498e+001
1.996960e+003,9.510224e+001
1.997442e+003,9.509918e+001
1.997924e+003,9.509074e+001
1.998406e+003,9.508236e+001
1.998888e+003,9.507802e+001
1.999371e+003,9.507964e+001
1.999853e+003,9.508701e+001
2.000335e+003,9.509892e+001
2.000817e+003,9.511434e+001
2.001299e+003,9.513327e+001
2.001781e+003,9.515671e+001
2.002263e+003,9.518579e+001
2.002745e+003,9.522070e+001
2.003228e+003,9.526001e+001
2.003710e+003,9.530003e+001
2.004192e+003,9.533586e+001
2.004674e+003,9.536148e+001
2.005156e+003,9.537183e+001
2.005638e+003,9.536316e+001
2.006120e+003,9.533378e+001
2.006603e+003,9.528368e+001
2.007084e+003,9.521434e+001
2.007567e+003,9.512928e+001
2.008049e+003,9.503498e+001
2.008531e+003,9.494017e+001
2.009013e+003,9.485540e+001
2.009495e+003,9.478978e+001
2.009977e+003,9.474910e+001
2.010459e+003,9.473378e+001
2.010942e+003,9.473949e+001
2.011424e+003,9.475865e+001
2.011906e+003,9.478326e+001
2.012388e+003,9.480693e+001
2.012870e+003,9.482712e+001
2.013352e+003,9.484509e+001
2.013834e+003,9.486436e+001
2.014316e+003,9.488860e+001
2.014799e+003,9.491908e+001
2.015281e+003,9.495409e+001
2.015763e+003,9.498938e+001
2.016245e+003,9.501955e+001
2.016727e+003,9.504106e+001
2.017209e+003,9.505405e+001
2.017691e+003,9.506226e+001
2.018173e+003,9.507074e+001
2.018656e+003,9.508370e+001
2.019138e+003,9.510223e+001
2.019620e+003,9.512444e+001
2.020102e+003,9.514626e+001
2.020584e+003,9.516408e+001
2.021066e+003,9.517644e+001
2.021548e+003,9.518542e+001
2.022031e+003,9.519571e+001
2.022512e+003,9.521260e+001
2.022995e+003,9.523999e+001
2.023477e+003,9.527879e+001
2.023959e+003,9.532565e+001
2.024441e+003,9.537473e+001
2.024923e+003,9.541908e+001
2.025405e+003,9.545322e+001
2.025887e+003,9.547423e+001
2.026370e+003,9.548161e+001
2.026852e+003,9.547713e+001
2.027334e+003,9.546330e+001
2.027816e+003,9.544270e+001
2.028298e+003,9.541776e+001
2.028780e+003,9.538998e+001
2.029262e+003,9.536076e+001
2.029744e+003,9.533048e+001
2.030227e+003,9.529922e+001
2.030709e+003,9.526643e+001
2.031191e+003,9.523191e+001
2.031673e+003,9.519507e+001
2.032155e+003,9.515592e+001
2.032637e+003,9.511497e+001
2.033119e+003,9.507333e+001
2.033601e+003,9.503262e+001
2.034083e+003,9.499509e+001
2.034566e+003,9.496327e+001
2.035048e+003,9.493963e+001
2.035530e+003,9.492538e+001
2.036012e+003,9.492033e+001
2.036494e+003,9.492207e+001
2.036976e+003,9.492652e+001
2.037458e+003,9.492928e+001
2.037940e+003,9.492665e+001
2.038423e+003,9.491714e+001
2.038905e+003,9.490201e+001
2.039387e+003,9.488465e+001
2.039869e+003,9.487006e+001
2.040351e+003,9.486257e+001
2.040833e+003,9.486481e+001
2.041315e+003,9.487656e+001
2.041798e+003,9.489490e+001
2.042280e+003,9.491562e+001
2.042762e+003,9.493449e+001
2.043244e+003,9.494813e+001
2.043726e+003,9.495463e+001
2.044208e+003,9.495333e+001
2.044690e+003,9.494409e+001
2.045172e+003,9.492622e+001
2.045655e+003,9.489852e+001
2.046137e+003,9.485905e+001
2.046619e+003,9.480656e+001
2.047101e+003,9.474075e+001
2.047583e+003,9.466387e+001
2.048065e+003,9.458058e+001
2.048547e+003,9.449755e+001
2.049029e+003,9.442235e+001
2.049511e+003,9.436224e+001
2.049994e+003,9.432293e+001
2.050476e+003,9.430792e+001
2.050958e+003,9.431724e+001
2.051440e+003,9.434777e+001
2.051922e+003,9.439338e+001
2.052404e+003,9.444616e+001
2.052886e+003,9.449775e+001
2.053368e+003,9.454098e+001
2.053851e+003,9.457119e+001
2.054333e+003,9.458693e+001
2.054815e+003,9.458970e+001
2.055297e+003,9.458317e+001
2.055779e+003,9.457156e+001
2.056261e+003,9.455854e+001
2.056743e+003,9.454654e+001
2.057226e+003,9.453691e+001
2.057708e+003,9.453056e+001
2.058190e+003,9.452851e+001
2.058672e+003,9.453163e+001
2.059154e+003,9.453981e+001
2.059636e+003,9.455122e+001
2.060118e+003,9.456159e+001
2.060600e+003,9.456516e+001
2.061083e+003,9.455600e+001
2.061565e+003,9.453047e+001
2.062047e+003,9.448908e+001
2.062529e+003,9.443703e+001
2.063011e+003,9.438366e+001
2.063493e+003,9.433971e+001
2.063975e+003,9.431432e+001
2.064457e+003,9.431197e+001
2.064939e+003,9.433141e+001
2.065422e+003,9.436625e+001
2.065904e+003,9.440756e+001
2.066386e+003,9.444653e+001
2.066868e+003,9.447712e+001
2.067350e+003,9.449680e+001
2.067832e+003,9.450592e+001
2.068314e+003,9.450655e+001
2.068796e+003,9.450066e+001
2.069279e+003,9.448994e+001
2.069761e+003,9.447573e+001
2.070243e+003,9.445940e+001
2.070725e+003,9.444304e+001
2.071207e+003,9.442905e+001
2.071689e+003,9.441977e+001
2.072171e+003,9.441639e+001
2.072654e+003,9.441830e+001
2.073135e+003,9.442309e+001
2.073618e+003,9.442738e+001
2.074100e+003,9.442750e+001
2.074582e+003,9.442085e+001
2.075064e+003,9.440644e+001
2.075546e+003,9.438506e+001
2.076028e+003,9.435852e+001
2.076510e+003,9.432912e+001
2.076993e+003,9.429903e+001
2.077475e+003,9.427048e+001
2.077957e+003,9.424524e+001
2.078439e+003,9.422512e+001
2.078921e+003,9.421146e+001
2.079403e+003,9.420503e+001
2.079885e+003,9.420560e+001
2.080367e+003,9.421184e+001
2.080850e+003,9.422157e+001
2.081332e+003,9.423238e+001
2.081814e+003,9.424203e+001
2.082296e+003,9.424931e+001
2.082778e+003,9.425405e+001
2.083260e+003,9.425692e+001
2.083742e+003,9.425880e+001
2.084224e+003,9.426047e+001
2.084707e+003,9.426219e+001
2.085189e+003,9.426401e+001
2.085671e+003,9.426582e+001
2.086153e+003,9.426802e+001
2.086635e+003,9.427133e+001
2.087117e+003,9.427683e+001
2.087599e+003,9.428544e+001
2.088082e+003,9.429737e+001
2.088563e+003,9.431221e+001
2.089046e+003,9.432894e+001
2.089528e+003,9.434639e+001
2.090010e+003,9.436381e+001
2.090492e+003,9.438123e+001
2.090974e+003,9.439947e+001
2.091456e+003,9.441955e+001
2.091938e+003,9.444203e+001
2.092421e+003,9.446673e+001
2.092903e+003,9.449222e+001
2.093385e+003,9.451610e+001
2.093867e+003,9.453565e+001
2.094349e+003,9.454871e+001
2.094831e+003,9.455399e+001
2.095313e+003,9.455169e+001
2.095795e+003,9.454323e+001
2.096278e+003,9.453087e+001
2.096760e+003,9.451720e+001
2.097242e+003,9.450437e+001
2.097724e+003,9.449390e+001
2.098206e+003,9.448638e+001
2.098688e+003,9.448128e+001
2.099170e+003,9.447745e+001
2.099652e+003,9.447335e+001
2.100135e+003,9.446767e+001
2.100617e+003,9.445981e+001
2.101099e+003,9.445016e+001
2.101581e+003,9.444010e+001
2.102063e+003,9.443134e+001
2.102545e+003,9.442564e+001
2.103027e+003,9.442380e+001
2.103510e+003,9.442557e+001
2.103991e+003,9.442973e+001
2.104474e+003,9.443462e+001
2.104956e+003,9.443871e+001
2.105438e+003,9.444131e+001
2.105920e+003,9.444279e+001
2.106402e+003,9.444430e+001
2.106884e+003,9.444726e+001
2.107366e+003,9.445284e+001
2.107849e+003,9.446130e+001
2.108331e+003,9.447213e+001
2.108813e+003,9.448386e+001
2.109295e+003,9.449474e+001
2.109777e+003,9.450305e+001
2.110259e+003,9.450735e+001
2.110741e+003,9.450682e+001
2.111223e+003,9.450142e+001
2.111706e+003,9.449194e+001
2.112188e+003,9.448012e+001
2.112670e+003,9.446844e+001
2.113152e+003,9.445984e+001
2.113634e+003,9.445691e+001
2.114116e+003,9.446118e+001
2.114598e+003,9.447235e+001
2.115080e+003,9.448820e+001
2.115563e+003,9.450507e+001
2.116045e+003,9.451904e+001
2.116527e+003,9.452687e+001
2.117009e+003,9.452740e+001
2.117491e+003,9.452156e+001
2.117973e+003,9.451216e+001
2.118455e+003,9.450241e+001
2.118938e+003,9.449483e+001
2.119420e+003,9.449023e+001
2.119902e+003,9.448767e+001
2.120384e+003,9.448505e+001
2.120866e+003,9.448054e+001
2.121348e+003,9.447366e+001
2.121830e+003,9.446604e+001
2.122312e+003,9.446108e+001
2.122794e+003,9.446303e+001
2.123277e+003,9.447552e+001
2.123759e+003,9.450053e+001
2.124241e+003,9.453742e+001
2.124723e+003,9.458338e+001
2.125205e+003,9.463405e+001
2.125687e+003,9.468490e+001
2.126169e+003,9.473200e+001
2.126651e+003,9.477309e+001
2.127134e+003,9.480745e+001
2.127616e+003,9.483586e+001
2.128098e+003,9.486012e+001
2.128580e+003,9.488287e+001
2.129062e+003,9.490702e+001
2.129544e+003,9.493509e+001
2.130026e+003,9.496886e+001
2.130509e+003,9.500835e+001
2.130990e+003,9.505177e+001
2.131473e+003,9.509552e+001
2.131955e+003,9.513470e+001
2.132437e+003,9.516446e+001
2.132919e+003,9.518133e+001
2.133401e+003,9.518425e+001
2.133883e+003,9.517484e+001
2.134365e+003,9.515674e+001
2.134848e+003,9.513413e+001
2.135330e+003,9.511088e+001
2.135812e+003,9.508920e+001
2.136294e+003,9.506989e+001
2.136776e+003,9.505286e+001
2.137258e+003,9.503781e+001
2.137740e+003,9.502540e+001
2.138222e+003,9.501665e+001
2.138705e+003,9.501306e+001
2.139187e+003,9.501557e+001
2.139669e+003,9.502392e+001
2.140151e+003,9.503669e+001
2.140633e+003,9.505164e+001
2.141115e+003,9.506685e+001
2.141597e+003,9.508137e+001
2.142079e+003,9.509567e+001
2.142562e+003,9.511116e+001
2.143044e+003,9.512922e+001
2.143526e+003,9.514980e+001
2.144008e+003,9.517120e+001
2.144490e+003,9.518968e+001
2.144972e+003,9.520091e+001
2.145454e+003,9.520152e+001
2.145937e+003,9.519027e+001
2.146418e+003,9.516927e+001
2.146901e+003,9.514368e+001
2.147383e+003,9.512033e+001
2.147865e+003,9.510640e+001
2.148347e+003,9.510676e+001
2.148829e+003,9.512318e+001
2.149311e+003,9.515372e+001
2.149793e+003,9.519321e+001
2.150276e+003,9.523487e+001
2.150758e+003,9.527175e+001
2.151240e+003,9.529807e+001
2.151722e+003,9.531082e+001
2.152204e+003,9.531077e+001
2.152686e+003,9.530280e+001
2.153168e+003,9.529541e+001
2.153650e+003,9.529919e+001
2.154133e+003,9.532450e+001
2.154615e+003,9.537880e+001
2.155097e+003,9.546223e+001
2.155579e+003,9.556552e+001
2.156061e+003,9.566861e+001
2.156543e+003,9.574233e+001
2.157025e+003,9.575393e+001
2.157507e+003,9.567532e+001
2.157990e+003,9.549271e+001
2.158472e+003,9.521486e+001
2.158954e+003,9.487486e+001
2.159436e+003,9.452351e+001
2.159918e+003,9.421329e+001
2.160400e+003,9.398170e+001
2.160882e+003,9.384315e+001
2.161365e+003,9.378910e+001
2.161846e+003,9.379623e+001
2.162329e+003,9.383594e+001
2.162811e+003,9.388219e+001
2.163293e+003,9.391741e+001
2.163775e+003,9.393410e+001
2.164257e+003,9.393415e+001
2.164739e+003,9.392517e+001
2.165221e+003,9.391590e+001
2.165704e+003,9.391354e+001
2.166186e+003,9.392211e+001
2.166668e+003,9.394177e+001
2.167150e+003,9.397053e+001
2.167632e+003,9.400529e+001
2.168114e+003,9.404311e+001
2.168596e+003,9.408144e+001
2.169078e+003,9.411887e+001
2.169561e+003,9.415416e+001
2.170043e+003,9.418666e+001
2.170525e+003,9.421578e+001
2.171007e+003,9.424139e+001
2.171489e+003,9.426369e+001
2.171971e+003,9.428308e+001
2.172453e+003,9.429975e+001
2.172935e+003,9.431335e+001
2.173417e+003,9.432280e+001
2.173900e+003,9.432679e+001
2.174382e+003,9.432401e+001
2.174864e+003,9.431435e+001
2.175346e+003,9.429897e+001
2.175828e+003,9.428023e+001
2.176310e+003,9.426102e+001
2.176792e+003,9.424346e+001
2.177274e+003,9.422834e+001
2.177757e+003,9.421492e+001
2.178239e+003,9.420111e+001
2.178721e+003,9.418467e+001
2.179203e+003,9.416417e+001
2.179685e+003,9.413985e+001
2.180167e+003,9.411354e+001
2.180649e+003,9.408828e+001
2.181132e+003,9.406709e+001
2.181614e+003,9.405216e+001
2.182096e+003,9.404380e+001
2.182578e+003,9.404057e+001
2.183060e+003,9.404004e+001
2.183542e+003,9.403962e+001
2.184024e+003,9.403796e+001
2.184506e+003,9.403505e+001
2.184989e+003,9.403259e+001
2.185471e+003,9.403311e+001
2.185953e+003,9.403868e+001
2.186435e+003,9.405049e+001
2.186917e+003,9.406854e+001
2.187399e+003,9.409153e+001
2.187881e+003,9.411789e+001
2.188363e+003,9.414629e+001
2.188845e+003,9.417612e+001
2.189328e+003,9.420741e+001
2.189810e+003,9.424012e+001
2.190292e+003,9.427370e+001
2.190774e+003,9.430643e+001
2.191256e+003,9.433557e+001
2.191738e+003,9.435803e+001
2.192220e+003,9.437100e+001
2.192702e+003,9.437296e+001
2.193185e+003,9.436450e+001
2.193667e+003,9.434784e+001
2.194149e+003,9.432693e+001
2.194631e+003,9.430579e+001
2.195113e+003,9.428789e+001
2.195595e+003,9.427468e+001
2.196077e+003,9.426584e+001
2.196560e+003,9.425970e+001
2.197042e+003,9.425402e+001
2.197524e+003,9.424709e+001
2.198006e+003,9.423852e+001
2.198488e+003,9.422939e+001
2.198970e+003,9.422185e+001
2.199452e+003,9.421822e+001
2.199934e+003,9.421974e+001
2.200417e+003,9.422639e+001
2.200899e+003,9.423663e+001
2.201381e+003,9.424774e+001
2.201863e+003,9.425715e+001
2.202345e+003,9.426321e+001
2.202827e+003,9.426609e+001
2.203309e+003,9.426746e+001
2.203791e+003,9.427007e+001
2.204273e+003,9.427652e+001
2.204756e+003,9.428827e+001
2.205238e+003,9.430441e+001
2.205720e+003,9.432222e+001
2.206202e+003,9.433750e+001
2.206684e+003,9.434615e+001
2.207166e+003,9.434545e+001
2.207648e+003,9.433476e+001
2.208130e+003,9.431597e+001
2.208613e+003,9.429280e+001
2.209095e+003,9.426963e+001
2.209577e+003,9.425047e+001
2.210059e+003,9.423767e+001
2.210541e+003,9.423170e+001
2.211023e+003,9.423102e+001
2.211505e+003,9.423282e+001
2.211988e+003,9.423405e+001
2.212469e+003,9.423193e+001
2.212952e+003,9.422483e+001
2.213434e+003,9.421237e+001
2.213916e+003,9.419553e+001
2.214398e+003,9.417631e+001
2.214880e+003,9.415757e+001
2.215362e+003,9.414209e+001
2.215844e+003,9.413241e+001
2.216327e+003,9.413016e+001
2.216809e+003,9.413537e+001
2.217291e+003,9.414663e+001
2.217773e+003,9.416117e+001
2.218255e+003,9.417571e+001
2.218737e+003,9.418726e+001
2.219219e+003,9.419408e+001
2.219701e+003,9.419610e+001
2.220184e+003,9.419467e+001
2.220666e+003,9.419189e+001
2.221148e+003,9.418958e+001
2.221630e+003,9.418850e+001
2.222112e+003,9.418800e+001
2.222594e+003,9.418644e+001
2.223076e+003,9.418183e+001
2.223558e+003,9.417316e+001
2.224041e+003,9.416106e+001
2.224523e+003,9.414764e+001
2.225005e+003,9.413628e+001
2.225487e+003,9.413017e+001
2.225969e+003,9.413144e+001
2.226451e+003,9.414034e+001
2.226933e+003,9.415530e+001
2.227416e+003,9.417352e+001
2.227897e+003,9.419225e+001
2.228380e+003,9.420941e+001
2.228862e+003,9.422444e+001
2.229344e+003,9.423801e+001
2.229826e+003,9.425150e+001
2.230308e+003,9.426572e+001
2.230790e+003,9.428064e+001
2.231272e+003,9.429452e+001
2.231755e+003,9.430445e+001
2.232237e+003,9.430706e+001
2.232719e+003,9.429963e+001
2.233201e+003,9.428098e+001
2.233683e+003,9.425198e+001
2.234165e+003,9.421579e+001
2.234647e+003,9.417704e+001
2.235129e+003,9.414112e+001
2.235612e+003,9.411314e+001
2.236094e+003,9.409696e+001
2.236576e+003,9.409431e+001
2.237058e+003,9.410459e+001
2.237540e+003,9.412454e+001
2.238022e+003,9.414925e+001
2.238504e+003,9.417289e+001
2.238986e+003,9.418989e+001
2.239469e+003,9.419631e+001
2.239951e+003,9.419048e+001
2.240433e+003,9.417342e+001
2.240915e+003,9.414858e+001
2.241397e+003,9.412070e+001
2.241879e+003,9.409454e+001
2.242361e+003,9.407366e+001
2.242844e+003,9.405956e+001
2.243326e+003,9.405151e+001
2.243808e+003,9.404729e+001
2.244290e+003,9.404391e+001
2.244772e+003,9.403922e+001
2.245254e+003,9.403214e+001
2.245736e+003,9.402342e+001
2.246218e+003,9.401492e+001
2.246700e+003,9.400896e+001
2.247183e+003,9.400720e+001
2.247665e+003,9.401015e+001
2.248147e+003,9.401678e+001
2.248629e+003,9.402511e+001
2.249111e+003,9.403271e+001
2.249593e+003,9.403757e+001
2.250075e+003,9.403858e+001
2.250557e+003,9.403584e+001
2.251040e+003,9.403040e+001
2.251522e+003,9.402382e+001
2.252004e+003,9.401778e+001
2.252486e+003,9.401367e+001
2.252968e+003,9.401221e+001
2.253450e+003,9.401352e+001
2.253932e+003,9.401682e+001
2.254415e+003,9.402089e+001
2.254896e+003,9.402406e+001
2.255379e+003,9.402467e+001
2.255861e+003,9.402173e+001
2.256343e+003,9.401514e+001
2.256825e+003,9.400630e+001
2.257307e+003,9.399766e+001
2.257789e+003,9.399213e+001
2.258271e+003,9.399216e+001
2.258754e+003,9.399888e+001
2.259236e+003,9.401134e+001
2.259718e+003,9.402677e+001
2.260200e+003,9.404117e+001
2.260682e+003,9.405066e+001
2.261164e+003,9.405270e+001
2.261646e+003,9.404664e+001
2.262128e+003,9.403393e+001
2.262611e+003,9.401720e+001
2.263093e+003,9.399928e+001
2.263575e+003,9.398203e+001
2.264057e+003,9.396603e+001
2.264539e+003,9.395051e+001
2.265021e+003,9.393417e+001
2.265503e+003,9.391589e+001
2.265985e+003,9.389552e+001
2.266468e+003,9.387391e+001
2.266950e+003,9.385254e+001
2.267432e+003,9.383299e+001
2.267914e+003,9.381631e+001
2.268396e+003,9.380285e+001
2.268878e+003,9.379247e+001
2.269360e+003,9.378484e+001
2.269843e+003,9.377985e+001
2.270324e+003,9.377782e+001
2.270807e+003,9.377889e+001
2.271289e+003,9.378288e+001
2.271771e+003,9.378884e+001
2.272253e+003,9.379504e+001
2.272735e+003,9.379948e+001
2.273217e+003,9.380035e+001
2.273699e+003,9.379690e+001
2.274182e+003,9.378954e+001
2.274664e+003,9.377991e+001
2.275146e+003,9.377023e+001
2.275628e+003,9.376270e+001
2.276110e+003,9.375890e+001
2.276592e+003,9.375953e+001
2.277074e+003,9.376435e+001
2.277556e+003,9.377248e+001
2.278039e+003,9.378280e+001
2.278521e+003,9.379402e+001
2.279003e+003,9.380484e+001
2.279485e+003,9.381400e+001
2.279967e+003,9.382025e+001
2.280449e+003,9.382253e+001
2.280931e+003,9.382014e+001
2.281413e+003,9.381297e+001
2.281896e+003,9.380170e+001
2.282378e+003,9.378747e+001
2.282860e+003,9.377195e+001
2.283342e+003,9.375689e+001
2.283824e+003,9.374393e+001
2.284306e+003,9.373434e+001
2.284788e+003,9.372897e+001
2.285271e+003,9.372824e+001
2.285752e+003,9.373203e+001
2.286235e+003,9.373975e+001
2.286717e+003,9.375020e+001
2.287199e+003,9.376160e+001
2.287681e+003,9.377209e+001
2.288163e+003,9.377995e+001
2.288645e+003,9.378418e+001
2.289127e+003,9.378486e+001
2.289610e+003,9.378314e+001
2.290092e+003,9.378109e+001
2.290574e+003,9.378088e+001
2.291056e+003,9.378444e+001
2.291538e+003,9.379260e+001
2.292020e+003,9.380505e+001
2.292502e+003,9.382037e+001
2.292984e+003,9.383658e+001
2.293467e+003,9.385166e+001
2.293949e+003,9.386401e+001
2.294431e+003,9.387267e+001
2.294913e+003,9.387734e+001
2.295395e+003,9.387820e+001
2.295877e+003,9.387563e+001
2.296359e+003,9.387012e+001
2.296841e+003,9.386214e+001
2.297323e+003,9.385252e+001
2.297806e+003,9.384214e+001
2.298288e+003,9.383222e+001
2.298770e+003,9.382413e+001
2.299252e+003,9.381889e+001
2.299734e+003,9.381731e+001
2.300216e+003,9.381932e+001
2.300698e+003,9.382439e+001
2.301180e+003,9.383149e+001
2.301663e+003,9.383947e+001
2.302145e+003,9.384740e+001
2.302627e+003,9.385473e+001
2.303109e+003,9.386150e+001
2.303591e+003,9.386798e+001
2.304073e+003,9.387450e+001
2.304555e+003,9.388110e+001
2.305038e+003,9.388729e+001
2.305520e+003,9.389211e+001
2.306002e+003,9.389417e+001
2.306484e+003,9.389214e+001
2.306966e+003,9.388518e+001
2.307448e+003,9.387315e+001
2.307930e+003,9.385688e+001
2.308412e+003,9.383797e+001
2.308895e+003,9.381832e+001
2.309377e+003,9.379977e+001
2.309859e+003,9.378342e+001
2.310341e+003,9.376974e+001
2.310823e+003,9.375820e+001
2.311305e+003,9.374778e+001
2.311787e+003,9.373746e+001
2.312269e+003,9.372655e+001
2.312751e+003,9.371505e+001
2.313234e+003,9.370348e+001
2.313716e+003,9.369270e+001
2.314198e+003,9.368326e+001
2.314680e+003,9.367529e+001
2.315162e+003,9.366810e+001
2.315644e+003,9.366039e+001
2.316126e+003,9.365075e+001
2.316608e+003,9.363801e+001
2.317091e+003,9.362181e+001
2.317573e+003,9.360277e+001
2.318055e+003,9.358229e+001
2.318537e+003,9.356211e+001
2.319019e+003,9.354361e+001
2.319501e+003,9.352713e+001
2.319983e+003,9.351148e+001
2.320466e+003,9.349448e+001
2.320948e+003,9.347359e+001
2.321430e+003,9.344732e+001
2.321912e+003,9.341627e+001
2.322394e+003,9.338392e+001
2.322876e+003,9.335612e+001
2.323358e+003,9.333963e+001
2.323840e+003,9.334026e+001
2.324323e+003,9.336098e+001
2.324805e+003,9.340094e+001
2.325287e+003,9.345554e+001
2.325769e+003,9.351751e+001
2.326251e+003,9.357861e+001
2.326733e+003,9.363160e+001
2.327215e+003,9.367162e+001
2.327697e+003,9.369729e+001
2.328179e+003,9.371049e+001
2.328662e+003,9.371546e+001
2.329144e+003,9.371714e+001
2.329626e+003,9.371952e+001
2.330108e+003,9.372445e+001
2.330590e+003,9.373149e+001
2.331072e+003,9.373873e+001
2.331554e+003,9.374405e+001
2.332036e+003,9.374636e+001
2.332519e+003,9.374606e+001
2.333001e+003,9.374489e+001
2.333483e+003,9.374507e+001
2.333965e+003,9.374841e+001
2.334447e+003,9.375574e+001
2.334929e+003,9.376651e+001
2.335411e+003,9.377938e+001
2.335894e+003,9.379240e+001
2.336375e+003,9.380379e+001
2.336858e+003,9.381230e+001
2.337340e+003,9.381747e+001
2.337822e+003,9.381937e+001
2.338304e+003,9.381860e+001
2.338786e+003,9.381589e+001
2.339268e+003,9.381206e+001
2.339750e+003,9.380788e+001
2.340233e+003,9.380399e+001
2.340715e+003,9.380071e+001
2.341197e+003,9.379803e+001
2.341679e+003,9.379505e+001
2.342161e+003,9.379053e+001
2.342643e+003,9.378252e+001
2.343125e+003,9.376922e+001
2.343607e+003,9.374932e+001
2.344090e+003,9.372279e+001
2.344572e+003,9.369134e+001
2.345054e+003,9.365853e+001
2.345536e+003,9.362898e+001
2.346018e+003,9.360708e+001
2.346500e+003,9.359570e+001
2.346982e+003,9.359579e+001
2.347464e+003,9.360653e+001
2.347947e+003,9.362585e+001
2.348429e+003,9.365132e+001
2.348911e+003,9.368034e+001
2.349393e+003,9.371044e+001
2.349875e+003,9.373932e+001
2.350357e+003,9.376489e+001
2.350839e+003,9.378549e+001
2.351322e+003,9.380013e+001
2.351803e+003,9.380853e+001
2.352286e+003,9.381132e+001
2.352768e+003,9.380951e+001
2.353250e+003,9.380410e+001
2.353732e+003,9.379572e+001
2.354214e+003,9.378479e+001
2.354696e+003,9.377201e+001
2.355178e+003,9.375888e+001
2.355661e+003,9.374788e+001
2.356143e+003,9.374190e+001
2.356625e+003,9.374345e+001
2.357107e+003,9.375333e+001
2.357589e+003,9.377016e+001
2.358071e+003,9.379040e+001
2.358553e+003,9.380909e+001
2.359035e+003,9.382143e+001
2.359518e+003,9.382342e+001
2.360000e+003,9.381335e+001
2.360482e+003,9.379166e+001
2.360964e+003,9.376083e+001
2.361446e+003,9.372454e+001
2.361928e+003,9.368707e+001
2.362410e+003,9.365294e+001
2.362892e+003,9.362653e+001
2.363375e+003,9.361095e+001
2.363857e+003,9.360765e+001
2.364339e+003,9.361555e+001
2.364821e+003,9.363121e+001
2.365303e+003,9.364931e+001
2.365785e+003,9.366407e+001
2.366267e+003,9.367056e+001
2.366750e+003,9.366600e+001
2.367232e+003,9.365049e+001
2.367714e+003,9.362655e+001
2.368196e+003,9.359852e+001
2.368678e+003,9.357089e+001
2.369160e+003,9.354731e+001
2.369642e+003,9.352995e+001
2.370124e+003,9.351926e+001
2.370606e+003,9.351459e+001
2.371089e+003,9.351440e+001
2.371571e+003,9.351711e+001
2.372053e+003,9.352126e+001
2.372535e+003,9.352566e+001
2.373017e+003,9.352937e+001
2.373499e+003,9.353162e+001
2.373981e+003,9.353194e+001
2.374463e+003,9.353001e+001
2.374946e+003,9.352603e+001
2.375428e+003,9.352065e+001
2.375910e+003,9.351488e+001
2.376392e+003,9.350993e+001
2.376874e+003,9.350694e+001
2.377356e+003,9.350646e+001
2.377838e+003,9.350845e+001
2.378321e+003,9.351228e+001
2.378802e+003,9.351677e+001
2.379285e+003,9.352072e+001
2.379767e+003,9.352312e+001
2.380249e+003,9.352356e+001
2.380731e+003,9.352216e+001
2.381213e+003,9.351959e+001
2.381695e+003,9.351664e+001
2.382177e+003,9.351404e+001
2.382660e+003,9.351208e+001
2.383142e+003,9.351069e+001
2.383624e+003,9.350934e+001
2.384106e+003,9.350743e+001
2.384588e+003,9.350448e+001
2.385070e+003,9.350026e+001
2.385552e+003,9.349488e+001
2.386034e+003,9.348881e+001
2.386517e+003,9.348248e+001
2.386999e+003,9.347637e+001
2.387481e+003,9.347075e+001
2.387963e+003,9.346572e+001
2.388445e+003,9.346123e+001
2.388927e+003,9.345725e+001
2.389409e+003,9.345374e+001
2.389891e+003,9.345066e+001
2.390374e+003,9.344780e+001
2.390856e+003,9.344482e+001
2.391338e+003,9.344114e+001
2.391820e+003,9.343612e+001
2.392302e+003,9.342915e+001
2.392784e+003,9.342006e+001
2.393266e+003,9.340903e+001
2.393749e+003,9.339677e+001
2.394230e+003,9.338435e+001
2.394713e+003,9.337292e+001
2.395195e+003,9.336343e+001
2.395677e+003,9.335653e+001
2.396159e+003,9.335247e+001
2.396641e+003,9.335104e+001
2.397123e+003,9.335184e+001
2.397605e+003,9.335436e+001
2.398088e+003,9.335802e+001
2.398570e+003,9.336236e+001
2.399052e+003,9.336697e+001
2.399534e+003,9.337168e+001
2.400016e+003,9.337652e+001
2.400498e+003,9.338161e+001
2.400980e+003,9.338720e+001
2.401462e+003,9.339352e+001
2.401945e+003,9.340056e+001
2.402427e+003,9.340794e+001
2.402909e+003,9.341498e+001
2.403391e+003,9.342075e+001
2.403873e+003,9.342424e+001
2.404355e+003,9.342470e+001
2.404837e+003,9.342174e+001
2.405319e+003,9.341548e+001
2.405802e+003,9.340643e+001
2.406284e+003,9.339533e+001
2.406766e+003,9.338304e+001
2.407248e+003,9.337029e+001
2.407730e+003,9.335764e+001
2.408212e+003,9.334547e+001
2.408694e+003,9.333397e+001
2.409177e+003,9.332329e+001
2.409658e+003,9.331345e+001
2.410141e+003,9.330464e+001
2.410623e+003,9.329696e+001
2.411105e+003,9.329067e+001
2.411587e+003,9.328611e+001
2.412069e+003,9.328367e+001
2.412551e+003,9.328355e+001
2.413033e+003,9.328577e+001
2.413516e+003,9.328986e+001
2.413998e+003,9.329495e+001
2.414480e+003,9.329989e+001
2.414962e+003,9.330351e+001
2.415444e+003,9.330511e+001
2.415926e+003,9.330461e+001
2.416408e+003,9.330270e+001
2.416890e+003,9.330057e+001
2.417373e+003,9.329946e+001
2.417855e+003,9.330022e+001
2.418337e+003,9.330288e+001
2.418819e+003,9.330672e+001
2.419301e+003,9.331041e+001
2.419783e+003,9.331250e+001
2.420265e+003,9.331190e+001
2.420747e+003,9.330822e+001
2.421229e+003,9.330173e+001
2.421712e+003,9.329333e+001
2.422194e+003,9.328400e+001
2.422676e+003,9.327470e+001
2.423158e+003,9.326605e+001
2.423640e+003,9.325846e+001
2.424122e+003,9.325206e+001
2.424604e+003,9.324709e+001
2.425086e+003,9.324361e+001
2.425569e+003,9.324171e+001
2.426051e+003,9.324123e+001
2.426533e+003,9.324169e+001
2.427015e+003,9.324239e+001
2.427497e+003,9.324242e+001
2.427979e+003,9.324099e+001
2.428461e+003,9.323756e+001
2.428944e+003,9.323201e+001
2.429426e+003,9.322451e+001
2.429908e+003,9.321551e+001
2.430390e+003,9.320538e+001
2.430872e+003,9.319451e+001
2.431354e+003,9.318314e+001
2.431836e+003,9.317138e+001
2.432318e+003,9.315954e+001
2.432801e+003,9.314793e+001
2.433283e+003,9.313702e+001
2.433765e+003,9.312724e+001
2.434247e+003,9.311881e+001
2.434729e+003,9.311169e+001
2.435211e+003,9.310547e+001
2.435693e+003,9.309944e+001
2.436175e+003,9.309286e+001
2.436657e+003,9.308504e+001
2.437140e+003,9.307553e+001
2.437622e+003,9.306421e+001
2.438104e+003,9.305127e+001
2.438586e+003,9.303716e+001
2.439068e+003,9.302237e+001
2.439550e+003,9.300729e+001
2.440032e+003,9.299223e+001
2.440514e+003,9.297711e+001
2.440997e+003,9.296188e+001
2.441479e+003,9.294628e+001
2.441961e+003,9.293032e+001
2.442443e+003,9.291415e+001
2.442925e+003,9.289827e+001
2.443407e+003,9.288345e+001
2.443889e+003,9.287054e+001
2.444372e+003,9.286035e+001
2.444854e+003,9.285342e+001
2.445336e+003,9.284986e+001
2.445818e+003,9.284944e+001
2.446300e+003,9.285149e+001
2.446782e+003,9.285511e+001
2.447264e+003,9.285936e+001
2.447746e+003,9.286324e+001
2.448229e+003,9.286591e+001
2.448711e+003,9.286678e+001
2.449193e+003,9.286555e+001
2.449675e+003,9.286229e+001
2.450157e+003,9.285740e+001
2.450639e+003,9.285157e+001
2.451121e+003,9.284563e+001
2.451604e+003,9.284043e+001
2.452085e+003,9.283668e+001
2.452568e+003,9.283487e+001
2.453050e+003,9.283517e+001
2.453532e+003,9.283754e+001
2.454014e+003,9.284176e+001
2.454496e+003,9.284729e+001
2.454978e+003,9.285347e+001
2.455460e+003,9.285929e+001
2.455943e+003,9.286364e+001
2.456425e+003,9.286546e+001
2.456907e+003,9.286400e+001
2.457389e+003,9.285908e+001
2.457871e+003,9.285139e+001
2.458353e+003,9.284225e+001
2.458835e+003,9.283333e+001
2.459317e+003,9.282630e+001
2.459800e+003,9.282224e+001
2.460282e+003,9.282143e+001
2.460764e+003,9.282346e+001
2.461246e+003,9.282747e+001
2.461728e+003,9.283265e+001
2.462210e+003,9.283844e+001
2.462692e+003,9.284466e+001
2.463174e+003,9.285126e+001
2.463656e+003,9.285803e+001
2.464139e+003,9.286414e+001
2.464621e+003,9.286833e+001
2.465103e+003,9.286914e+001
2.465585e+003,9.286542e+001
2.466067e+003,9.285698e+001
2.466549e+003,9.284483e+001
2.467031e+003,9.283103e+001
2.467513e+003,9.281816e+001
2.467996e+003,9.280865e+001
2.468478e+003,9.280407e+001
2.468960e+003,9.280478e+001
2.469442e+003,9.280997e+001
2.469924e+003,9.281804e+001
2.470406e+003,9.282729e+001
2.470888e+003,9.283620e+001
2.471371e+003,9.284370e+001
2.471853e+003,9.284917e+001
2.472335e+003,9.285233e+001
2.472817e+003,9.285307e+001
2.473299e+003,9.285136e+001
2.473781e+003,9.284730e+001
2.474263e+003,9.284127e+001
2.474745e+003,9.283392e+001
2.475228e+003,9.282610e+001
2.475710e+003,9.281871e+001
2.476192e+003,9.281242e+001
2.476674e+003,9.280751e+001
2.477156e+003,9.280379e+001
2.477638e+003,9.280079e+001
2.478120e+003,9.279780e+001
2.478602e+003,9.279435e+001
2.479084e+003,9.279008e+001
2.479567e+003,9.278502e+001
2.480049e+003,9.277945e+001
2.480531e+003,9.277371e+001
2.481013e+003,9.276836e+001
2.481495e+003,9.276371e+001
2.481977e+003,9.275993e+001
2.482459e+003,9.275697e+001
2.482941e+003,9.275440e+001
2.483424e+003,9.275163e+001
2.483906e+003,9.274792e+001
2.484388e+003,9.274272e+001
2.484870e+003,9.273573e+001
2.485352e+003,9.272704e+001
2.485834e+003,9.271711e+001
2.486316e+003,9.270663e+001
2.486799e+003,9.269621e+001
2.487281e+003,9.268610e+001
2.487763e+003,9.267629e+001
2.488245e+003,9.266648e+001
2.488727e+003,9.265626e+001
2.489209e+003,9.264542e+001
2.489691e+003,9.263399e+001
2.490173e+003,9.262211e+001
2.490656e+003,9.261000e+001
2.491138e+003,9.259763e+001
2.491620e+003,9.258466e+001
2.492102e+003,9.257050e+001
2.492584e+003,9.255468e+001
2.493066e+003,9.253709e+001
2.493548e+003,9.251827e+001
2.494030e+003,9.249934e+001
2.494512e+003,9.248171e+001
2.494995e+003,9.246671e+001
2.495477e+003,9.245522e+001
2.495959e+003,9.244730e+001
2.496441e+003,9.244228e+001
2.496923e+003,9.243908e+001
2.497405e+003,9.243642e+001
2.497887e+003,9.243334e+001
2.498370e+003,9.242927e+001
2.498852e+003,9.242408e+001
2.499334e+003,9.241815e+001
2.499816e+003,9.241206e+001
2.500298e+003,9.240659e+001
2.500780e+003,9.240253e+001
2.501262e+003,9.240051e+001
2.501744e+003,9.240095e+001
2.502227e+003,9.240382e+001
2.502709e+003,9.240858e+001
2.503191e+003,9.241417e+001
2.503673e+003,9.241931e+001
2.504155e+003,9.242273e+001
2.504637e+003,9.242347e+001
2.505119e+003,9.242115e+001
2.505601e+003,9.241598e+001
2.506083e+003,9.240858e+001
2.506566e+003,9.239965e+001
2.507048e+003,9.238977e+001
2.507530e+003,9.237917e+001
2.508012e+003,9.236781e+001
2.508494e+003,9.235553e+001
2.508976e+003,9.234223e+001
2.509458e+003,9.232818e+001
2.509940e+003,9.231387e+001
2.510423e+003,9.229993e+001
2.510905e+003,9.228699e+001
2.511387e+003,9.227552e+001
2.511869e+003,9.226563e+001
2.512351e+003,9.225721e+001
2.512833e+003,9.224989e+001
2.513315e+003,9.224344e+001
2.513798e+003,9.223766e+001
2.514280e+003,9.223262e+001
2.514762e+003,9.222863e+001
2.515244e+003,9.222615e+001
2.515726e+003,9.222567e+001
2.516208e+003,9.222753e+001
2.516690e+003,9.223167e+001
2.517172e+003,9.223756e+001
2.517655e+003,9.224422e+001
2.518137e+003,9.225042e+001
2.518619e+003,9.225494e+001
2.519101e+003,9.225719e+001
2.519583e+003,9.225722e+001
2.520065e+003,9.225584e+001
2.520547e+003,9.225427e+001
2.521029e+003,9.225372e+001
2.521511e+003,9.225477e+001
2.521994e+003,9.225716e+001
2.522476e+003,9.225993e+001
2.522958e+003,9.226180e+001
2.523440e+003,9.226184e+001
2.523922e+003,9.225990e+001
2.524404e+003,9.225672e+001
2.524886e+003,9.225366e+001
2.525368e+003,9.225216e+001
2.525851e+003,9.225292e+001
2.526333e+003,9.225596e+001
2.526815e+003,9.226038e+001
2.527297e+003,9.226498e+001
2.527779e+003,9.226891e+001
2.528261e+003,9.227194e+001
2.528743e+003,9.227451e+001
2.529226e+003,9.227749e+001
2.529708e+003,9.228133e+001
2.530190e+003,9.228587e+001
2.530672e+003,9.229006e+001
2.531154e+003,9.229250e+001
2.531636e+003,9.229186e+001
2.532118e+003,9.228765e+001
2.532600e+003,9.228053e+001
2.533083e+003,9.227207e+001
2.533565e+003,9.226420e+001
2.534047e+003,9.225835e+001
2.534529e+003,9.225503e+001
2.535011e+003,9.225342e+001
2.535493e+003,9.225185e+001
2.535975e+003,9.224837e+001
2.536457e+003,9.224141e+001
2.536939e+003,9.223031e+001
2.537422e+003,9.221548e+001
2.537904e+003,9.219820e+001
2.538386e+003,9.218021e+001
2.538868e+003,9.216310e+001
2.539350e+003,9.214821e+001
2.539832e+003,9.213615e+001
2.540314e+003,9.212716e+001
2.540796e+003,9.212103e+001
2.541279e+003,9.211731e+001
2.541761e+003,9.211549e+001
2.542243e+003,9.211503e+001
2.542725e+003,9.211553e+001
2.543207e+003,9.211663e+001
2.543689e+003,9.211810e+001
2.544171e+003,9.211970e+001
2.544654e+003,9.212116e+001
2.545135e+003,9.212216e+001
2.545618e+003,9.212234e+001
2.546100e+003,9.212148e+001
2.546582e+003,9.211953e+001
2.547064e+003,9.211691e+001
2.547546e+003,9.211433e+001
2.548028e+003,9.211268e+001
2.548510e+003,9.211275e+001
2.548993e+003,9.211498e+001
2.549475e+003,9.211920e+001
2.549957e+003,9.212473e+001
2.550439e+003,9.213065e+001
2.550921e+003,9.213597e+001
2.551403e+003,9.214008e+001
2.551885e+003,9.214278e+001
2.552367e+003,9.214436e+001
2.552850e+003,9.214528e+001
2.553332e+003,9.214606e+001
2.553814e+003,9.214703e+001
2.554296e+003,9.214832e+001
2.554778e+003,9.214981e+001
2.555260e+003,9.215135e+001
2.555742e+003,9.215263e+001
2.556224e+003,9.215342e+001
2.556707e+003,9.215345e+001
2.557189e+003,9.215246e+001
2.557671e+003,9.215031e+001
2.558153e+003,9.214697e+001
2.558635e+003,9.214277e+001
2.559117e+003,9.213820e+001
2.559599e+003,9.213396e+001
2.560082e+003,9.213058e+001
2.560563e+003,9.212837e+001
2.561046e+003,9.212716e+001
2.561528e+003,9.212634e+001
2.562010e+003,9.212511e+001
2.562492e+003,9.212263e+001
2.562974e+003,9.211830e+001
2.563456e+003,9.211186e+001
2.563938e+003,9.210345e+001
2.564421e+003,9.209345e+001
2.564903e+003,9.208242e+001
2.565385e+003,9.207100e+001
2.565867e+003,9.205990e+001
2.566349e+003,9.204982e+001
2.566831e+003,9.204140e+001
2.567313e+003,9.203498e+001
2.567795e+003,9.203059e+001
2.568278e+003,9.202776e+001
2.568760e+003,9.202565e+001
2.569242e+003,9.202326e+001
2.569724e+003,9.201984e+001
2.570206e+003,9.201492e+001
2.570688e+003,9.200864e+001
2.571170e+003,9.200150e+001
2.571652e+003,9.199406e+001
2.572135e+003,9.198674e+001
2.572617e+003,9.197972e+001
2.573099e+003,9.197286e+001
2.573581e+003,9.196613e+001
2.574063e+003,9.195982e+001
2.574545e+003,9.195454e+001
2.575027e+003,9.195128e+001
2.575510e+003,9.195089e+001
2.575991e+003,9.195377e+001
2.576474e+003,9.195959e+001
2.576956e+003,9.196735e+001
2.577438e+003,9.197561e+001
2.577920e+003,9.198305e+001
2.578402e+003,9.198880e+001
2.578884e+003,9.199250e+001
2.579366e+003,9.199440e+001
2.579849e+003,9.199484e+001
2.580331e+003,9.199399e+001
2.580813e+003,9.199185e+001
2.581295e+003,9.198832e+001
2.581777e+003,9.198332e+001
2.582259e+003,9.197734e+001
2.582741e+003,9.197115e+001
2.583223e+003,9.196588e+001
2.583706e+003,9.196253e+001
2.584188e+003,9.196157e+001
2.584670e+003,9.196285e+001
2.585152e+003,9.196562e+001
2.585634e+003,9.196891e+001
2.586116e+003,9.197182e+001
2.586598e+003,9.197397e+001
2.587080e+003,9.197528e+001
2.587563e+003,9.197595e+001
2.588045e+003,9.197607e+001
2.588527e+003,9.197541e+001
2.589009e+003,9.197354e+001
2.589491e+003,9.196994e+001
2.589973e+003,9.196438e+001
2.590455e+003,9.195720e+001
2.590938e+003,9.194920e+001
2.591419e+003,9.194149e+001
2.591902e+003,9.193512e+001
2.592384e+003,9.193066e+001
2.592866e+003,9.192800e+001
2.593348e+003,9.192645e+001
2.593830e+003,9.192509e+001
2.594312e+003,9.192294e+001
2.594794e+003,9.191943e+001
2.595277e+003,9.191438e+001
2.595759e+003,9.190798e+001
2.596241e+003,9.190062e+001
2.596723e+003,9.189272e+001
2.597205e+003,9.188457e+001
2.597687e+003,9.187648e+001
2.598169e+003,9.186865e+001
2.598651e+003,9.186121e+001
2.599134e+003,9.185442e+001
2.599616e+003,9.184834e+001
2.600098e+003,9.184291e+001
2.600580e+003,9.183787e+001
2.601062e+003,9.183270e+001
2.601544e+003,9.182674e+001
2.602026e+003,9.181943e+001
2.602508e+003,9.181022e+001
2.602990e+003,9.179884e+001
2.603473e+003,9.178535e+001
2.603955e+003,9.177006e+001
2.604437e+003,9.175365e+001
2.604919e+003,9.173689e+001
2.605401e+003,9.172060e+001
2.605883e+003,9.170563e+001
2.606365e+003,9.169247e+001
2.606847e+003,9.168136e+001
2.607330e+003,9.167210e+001
2.607812e+003,9.166423e+001
2.608294e+003,9.165719e+001
2.608776e+003,9.165035e+001
2.609258e+003,9.164323e+001
2.609740e+003,9.163548e+001
2.610222e+003,9.162679e+001
2.610705e+003,9.161686e+001
2.611187e+003,9.160542e+001
2.611669e+003,9.159212e+001
2.612151e+003,9.157674e+001
2.612633e+003,9.155926e+001
2.613115e+003,9.153999e+001
2.613597e+003,9.151951e+001
2.614079e+003,9.149847e+001
2.614562e+003,9.147754e+001
2.615044e+003,9.145730e+001
2.615526e+003,9.143800e+001
2.616008e+003,9.141980e+001
2.616490e+003,9.140268e+001
2.616972e+003,9.138658e+001
2.617454e+003,9.137138e+001
2.617936e+003,9.135689e+001
2.618418e+003,9.134275e+001
2.618901e+003,9.132861e+001
2.619383e+003,9.131406e+001
2.619865e+003,9.129884e+001
2.620347e+003,9.128299e+001
2.620829e+003,9.126675e+001
2.621311e+003,9.125060e+001
2.621793e+003,9.123503e+001
2.622276e+003,9.122024e+001
2.622758e+003,9.120630e+001
2.623240e+003,9.119299e+001
2.623722e+003,9.118009e+001
2.624204e+003,9.116755e+001
2.624686e+003,9.115561e+001
2.625168e+003,9.114464e+001
2.625650e+003,9.113511e+001
2.626133e+003,9.112711e+001
2.626615e+003,9.112032e+001
2.627097e+003,9.111403e+001
2.627579e+003,9.110733e+001
2.628061e+003,9.109949e+001
2.628543e+003,9.109026e+001
2.629025e+003,9.107999e+001
2.629507e+003,9.106956e+001
2.629990e+003,9.106006e+001
2.630472e+003,9.105246e+001
2.630954e+003,9.104724e+001
2.631436e+003,9.104443e+001
2.631918e+003,9.104350e+001
2.632400e+003,9.104381e+001
2.632882e+003,9.104463e+001
2.633364e+003,9.104557e+001
2.633846e+003,9.104639e+001
2.634329e+003,9.104713e+001
2.634811e+003,9.104794e+001
2.635293e+003,9.104893e+001
2.635775e+003,9.105019e+001
2.636257e+003,9.105162e+001
2.636739e+003,9.105308e+001
2.637221e+003,9.105421e+001
2.637704e+003,9.105465e+001
2.638186e+003,9.105404e+001
2.638668e+003,9.105212e+001
2.639150e+003,9.104886e+001
2.639632e+003,9.104453e+001
2.640114e+003,9.103958e+001
2.640596e+003,9.103458e+001
2.641078e+003,9.102995e+001
2.641561e+003,9.102581e+001
2.642043e+003,9.102193e+001
2.642525e+003,9.101777e+001
2.643007e+003,9.101282e+001
2.643489e+003,9.100660e+001
2.643971e+003,9.099917e+001
2.644453e+003,9.099071e+001
2.644935e+003,9.098176e+001
2.645417e+003,9.097275e+001
2.645900e+003,9.096378e+001
2.646382e+003,9.095479e+001
2.646864e+003,9.094531e+001
2.647346e+003,9.093498e+001
2.647828e+003,9.092349e+001
2.648310e+003,9.091094e+001
2.648792e+003,9.089762e+001
2.649274e+003,9.088388e+001
2.649757e+003,9.086999e+001
2.650239e+003,9.085596e+001
2.650721e+003,9.084169e+001
2.651203e+003,9.082690e+001
2.651685e+003,9.081147e+001
2.652167e+003,9.079549e+001
2.652649e+003,9.077924e+001
2.653132e+003,9.076315e+001
2.653614e+003,9.074751e+001
2.654096e+003,9.073240e+001
2.654578e+003,9.071767e+001
2.655060e+003,9.070306e+001
2.655542e+003,9.068826e+001
2.656024e+003,9.067322e+001
2.656506e+003,9.065814e+001
2.656989e+003,9.064346e+001
2.657471e+003,9.062967e+001
2.657953e+003,9.061720e+001
2.658435e+003,9.060630e+001
2.658917e+003,9.059692e+001
2.659399e+003,9.058876e+001
2.659881e+003,9.058155e+001
2.660363e+003,9.057486e+001
2.660845e+003,9.056850e+001
2.661328e+003,9.056235e+001
2.661810e+003,9.055649e+001
2.662292e+003,9.055106e+001
2.662774e+003,9.054630e+001
2.663256e+003,9.054233e+001
2.663738e+003,9.053912e+001
2.664220e+003,9.053637e+001
2.664702e+003,9.053357e+001
2.665185e+003,9.053004e+001
2.665667e+003,9.052511e+001
2.666149e+003,9.051831e+001
2.666631e+003,9.050956e+001
2.667113e+003,9.049909e+001
2.667595e+003,9.048753e+001
2.668077e+003,9.047545e+001
2.668560e+003,9.046339e+001
2.669042e+003,9.045152e+001
2.669524e+003,9.043967e+001
2.670006e+003,9.042757e+001
2.670488e+003,9.041489e+001
2.670970e+003,9.040157e+001
2.671452e+003,9.038783e+001
2.671934e+003,9.037406e+001
2.672417e+003,9.036071e+001
2.672899e+003,9.034802e+001
2.673381e+003,9.033607e+001
2.673863e+003,9.032469e+001
2.674345e+003,9.031378e+001
2.674827e+003,9.030340e+001
2.675309e+003,9.029390e+001
2.675791e+003,9.028588e+001
2.676273e+003,9.028002e+001
2.676756e+003,9.027676e+001
2.677238e+003,9.027622e+001
2.677720e+003,9.027805e+001
2.678202e+003,9.028164e+001
2.678684e+003,9.028625e+001
2.679166e+003,9.029133e+001
2.679648e+003,9.029655e+001
2.680130e+003,9.030186e+001
2.680613e+003,9.030744e+001
2.681095e+003,9.031341e+001
2.681577e+003,9.031987e+001
2.682059e+003,9.032683e+001
2.682541e+003,9.033421e+001
2.683023e+003,9.034193e+001
2.683505e+003,9.034997e+001
2.683988e+003,9.035825e+001
2.684469e+003,9.036672e+001
2.684952e+003,9.037518e+001
2.685434e+003,9.038339e+001
2.685916e+003,9.039110e+001
2.686398e+003,9.039815e+001
2.686880e+003,9.040455e+001
2.687362e+003,9.041051e+001
2.687844e+003,9.041634e+001
2.688327e+003,9.042233e+001
2.688809e+003,9.042867e+001
2.689291e+003,9.043531e+001
2.689773e+003,9.044202e+001
2.690255e+003,9.044854e+001
2.690737e+003,9.045460e+001
2.691219e+003,9.046011e+001
2.691701e+003,9.046507e+001
2.692184e+003,9.046967e+001
2.692666e+003,9.047417e+001
2.693148e+003,9.047882e+001
2.693630e+003,9.048380e+001
2.694112e+003,9.048921e+001
2.694594e+003,9.049504e+001
2.695076e+003,9.050120e+001
2.695558e+003,9.050740e+001
2.696041e+003,9.051334e+001
2.696523e+003,9.051852e+001
2.697005e+003,9.052256e+001
2.697487e+003,9.052509e+001
2.697969e+003,9.052598e+001
2.698451e+003,9.052527e+001
2.698933e+003,9.052329e+001
2.699416e+003,9.052040e+001
2.699897e+003,9.051711e+001
2.700380e+003,9.051379e+001
2.700862e+003,9.051078e+001
2.701344e+003,9.050832e+001
2.701826e+003,9.050653e+001
2.702308e+003,9.050548e+001
2.702790e+003,9.050504e+001
2.703272e+003,9.050493e+001
2.703755e+003,9.050468e+001
2.704237e+003,9.050368e+001
2.704719e+003,9.050127e+001
2.705201e+003,9.049702e+001
2.705683e+003,9.049068e+001
2.706165e+003,9.048251e+001
2.706647e+003,9.047292e+001
2.707129e+003,9.046255e+001
2.707612e+003,9.045192e+001
2.708094e+003,9.044139e+001
2.708576e+003,9.043098e+001
2.709058e+003,9.042055e+001
2.709540e+003,9.040986e+001
2.710022e+003,9.039877e+001
2.710504e+003,9.038725e+001
2.710986e+003,9.037537e+001
2.711469e+003,9.036322e+001
2.711951e+003,9.035077e+001
2.712433e+003,9.033790e+001
2.712915e+003,9.032435e+001
2.713397e+003,9.030989e+001
2.713879e+003,9.029450e+001
2.714361e+003,9.027833e+001
2.714844e+003,9.026174e+001
2.715325e+003,9.024522e+001
2.715808e+003,9.022919e+001
2.716290e+003,9.021386e+001
2.716772e+003,9.019933e+001
2.717254e+003,9.018543e+001
2.717736e+003,9.017197e+001
2.718218e+003,9.015869e+001
2.718700e+003,9.014554e+001
2.719183e+003,9.013245e+001
2.719665e+003,9.011948e+001
2.720147e+003,9.010665e+001
2.720629e+003,9.009399e+001
2.721111e+003,9.008155e+001
2.721593e+003,9.006947e+001
2.722075e+003,9.005798e+001
2.722557e+003,9.004727e+001
2.723040e+003,9.003765e+001
2.723522e+003,9.002933e+001
2.724004e+003,9.002229e+001
2.724486e+003,9.001635e+001
2.724968e+003,9.001124e+001
2.725450e+003,9.000662e+001
2.725932e+003,9.000234e+001
2.726414e+003,8.999834e+001
2.726896e+003,8.999490e+001
2.727379e+003,8.999233e+001
2.727861e+003,8.999094e+001
2.728343e+003,8.999086e+001
2.728825e+003,8.999197e+001
2.729307e+003,8.999385e+001
2.729789e+003,8.999599e+001
2.730271e+003,8.999786e+001
2.730753e+003,8.999920e+001
2.731236e+003,9.000005e+001
2.731718e+003,9.000079e+001
2.732200e+003,9.000211e+001
2.732682e+003,9.000460e+001
2.733164e+003,9.000872e+001
2.733646e+003,9.001460e+001
2.734128e+003,9.002197e+001
2.734611e+003,9.003033e+001
2.735093e+003,9.003901e+001
2.735575e+003,9.004751e+001
2.736057e+003,9.005557e+001
2.736539e+003,9.006327e+001
2.737021e+003,9.007090e+001
2.737503e+003,9.007894e+001
2.737985e+003,9.008781e+001
2.738468e+003,9.009781e+001
2.738950e+003,9.010908e+001
2.739432e+003,9.012155e+001
2.739914e+003,9.013511e+001
2.740396e+003,9.014944e+001
2.740878e+003,9.016425e+001
2.741360e+003,9.017919e+001
2.741842e+003,9.019398e+001
2.742324e+003,9.020832e+001
2.742807e+003,9.022213e+001
2.743289e+003,9.023544e+001
2.743771e+003,9.024852e+001
2.744253e+003,9.026169e+001
2.744735e+003,9.027526e+001
2.745217e+003,9.028944e+001
2.745699e+003,9.030418e+001
2.746182e+003,9.031933e+001
2.746664e+003,9.033456e+001
2.747146e+003,9.034955e+001
2.747628e+003,9.036408e+001
2.748110e+003,9.037805e+001
2.748592e+003,9.039147e+001
2.749074e+003,9.040430e+001
2.749556e+003,9.041653e+001
2.750039e+003,9.042799e+001
2.750521e+003,9.043858e+001
2.751003e+003,9.044823e+001
2.751485e+003,9.045702e+001
2.751967e+003,9.046515e+001
2.752449e+003,9.047285e+001
2.752931e+003,9.048038e+001
2.753413e+003,9.048767e+001
2.753896e+003,9.049461e+001
2.754378e+003,9.050088e+001
2.754860e+003,9.050619e+001
2.755342e+003,9.051035e+001
2.755824e+003,9.051346e+001
2.756306e+003,9.051578e+001
2.756788e+003,9.051758e+001
2.757270e+003,9.051912e+001
2.757752e+003,9.052049e+001
2.758235e+003,9.052158e+001
2.758717e+003,9.052221e+001
2.759199e+003,9.052219e+001
2.759681e+003,9.052155e+001
2.760163e+003,9.052036e+001
2.760645e+003,9.051883e+001
2.761127e+003,9.051711e+001
2.761610e+003,9.051515e+001
2.762092e+003,9.051276e+001
2.762574e+003,9.050951e+001
2.763056e+003,9.050500e+001
2.763538e+003,9.049888e+001
2.764020e+003,9.049108e+001
2.764502e+003,9.048177e+001
2.764984e+003,9.047137e+001
2.765467e+003,9.046043e+001
2.765949e+003,9.044951e+001
2.766431e+003,9.043907e+001
2.766913e+003,9.042941e+001
2.767395e+003,9.042055e+001
2.767877e+003,9.041226e+001
2.768359e+003,9.040398e+001
2.768841e+003,9.039507e+001
2.769323e+003,9.038479e+001
2.769806e+003,9.037264e+001
2.770288e+003,9.035846e+001
2.770770e+003,9.034249e+001
2.771252e+003,9.032538e+001
2.771734e+003,9.030793e+001
2.772216e+003,9.029090e+001
2.772698e+003,9.027480e+001
2.773180e+003,9.025976e+001
2.773663e+003,9.024550e+001
2.774145e+003,9.023161e+001
2.774627e+003,9.021772e+001
2.775109e+003,9.020363e+001
2.775591e+003,9.018938e+001
2.776073e+003,9.017516e+001
2.776555e+003,9.016119e+001
2.777038e+003,9.014755e+001
2.777520e+003,9.013417e+001
2.778002e+003,9.012069e+001
2.778484e+003,9.010676e+001
2.778966e+003,9.009203e+001
2.779448e+003,9.007629e+001
2.779930e+003,9.005943e+001
2.780412e+003,9.004156e+001
2.780895e+003,9.002289e+001
2.781377e+003,9.000380e+001
2.781859e+003,8.998490e+001
2.782341e+003,8.996690e+001
2.782823e+003,8.995065e+001
2.783305e+003,8.993690e+001
2.783787e+003,8.992612e+001
2.784269e+003,8.991831e+001
2.784751e+003,8.991303e+001
2.785234e+003,8.990950e+001
2.785716e+003,8.990678e+001
2.786198e+003,8.990417e+001
2.786680e+003,8.990127e+001
2.787162e+003,8.989807e+001
2.787644e+003,8.989478e+001
2.788126e+003,8.989160e+001
2.788608e+003,8.988864e+001
2.789091e+003,8.988576e+001
2.789573e+003,8.988271e+001
2.790055e+003,8.987938e+001
2.790537e+003,8.987579e+001
2.791019e+003,8.987238e+001
2.791501e+003,8.986971e+001
2.791983e+003,8.986823e+001
2.792466e+003,8.986819e+001
2.792948e+003,8.986935e+001
2.793430e+003,8.987116e+001
2.793912e+003,8.987296e+001
2.794394e+003,8.987423e+001
2.794876e+003,8.987475e+001
2.795358e+003,8.987469e+001
2.795840e+003,8.987446e+001
2.796323e+003,8.987450e+001
2.796805e+003,8.987505e+001
2.797287e+003,8.987605e+001
2.797769e+003,8.987730e+001
2.798251e+003,8.987851e+001
2.798733e+003,8.987944e+001
2.799215e+003,8.988014e+001
2.799697e+003,8.988069e+001
2.800179e+003,8.988139e+001
2.800662e+003,8.988235e+001
2.801144e+003,8.988364e+001
2.801626e+003,8.988515e+001
2.802108e+003,8.988676e+001
2.802590e+003,8.988834e+001
2.803072e+003,8.988988e+001
2.803554e+003,8.989137e+001
2.804036e+003,8.989281e+001
2.804519e+003,8.989405e+001
2.805001e+003,8.989488e+001
2.805483e+003,8.989499e+001
2.805965e+003,8.989407e+001
2.806447e+003,8.989200e+001
2.806929e+003,8.988883e+001
2.807411e+003,8.988480e+001
2.807894e+003,8.988025e+001
2.808375e+003,8.987545e+001
2.808858e+003,8.987059e+001
2.809340e+003,8.986567e+001
2.809822e+003,8.986056e+001
2.810304e+003,8.985503e+001
2.810786e+003,8.984880e+001
2.811268e+003,8.984167e+001
2.811750e+003,8.983337e+001
2.812233e+003,8.982375e+001
2.812715e+003,8.981263e+001
2.813197e+003,8.979996e+001
2.813679e+003,8.978580e+001
2.814161e+003,8.977037e+001
2.814643e+003,8.975407e+001
2.815125e+003,8.973743e+001
2.815607e+003,8.972099e+001
2.816090e+003,8.970520e+001
2.816572e+003,8.969028e+001
2.817054e+003,8.967625e+001
2.817536e+003,8.966285e+001
2.818018e+003,8.964962e+001
2.818500e+003,8.963607e+001
2.818982e+003,8.962171e+001
2.819464e+003,8.960628e+001
2.819947e+003,8.958973e+001
2.820429e+003,8.957236e+001
2.820911e+003,8.955472e+001
2.821393e+003,8.953741e+001
2.821875e+003,8.952107e+001
2.822357e+003,8.950617e+001
2.822839e+003,8.949286e+001
2.823322e+003,8.948098e+001
2.823803e+003,8.947010e+001
2.824286e+003,8.945975e+001
2.824768e+003,8.944946e+001
2.825250e+003,8.943897e+001
2.825732e+003,8.942825e+001
2.826214e+003,8.941753e+001
2.826696e+003,8.940704e+001
2.827178e+003,8.939715e+001
2.827661e+003,8.938796e+001
2.828143e+003,8.937945e+001
2.828625e+003,8.937138e+001
2.829107e+003,8.936339e+001
2.829589e+003,8.935510e+001
2.830071e+003,8.934615e+001
2.830553e+003,8.933633e+001
2.831035e+003,8.932550e+001
2.831518e+003,8.931384e+001
2.832000e+003,8.930156e+001
2.832482e+003,8.928900e+001
2.832964e+003,8.927654e+001
2.833446e+003,8.926443e+001
2.833928e+003,8.925283e+001
2.834410e+003,8.924171e+001
2.834892e+003,8.923100e+001
2.835375e+003,8.922051e+001
2.835857e+003,8.921021e+001
2.836339e+003,8.919994e+001
2.836821e+003,8.918960e+001
2.837303e+003,8.917896e+001
2.837785e+003,8.916761e+001
2.838267e+003,8.915506e+001
2.838750e+003,8.914076e+001
2.839231e+003,8.912431e+001
2.839714e+003,8.910567e+001
2.840196e+003,8.908521e+001
2.840678e+003,8.906362e+001
2.841160e+003,8.904178e+001
2.841642e+003,8.902042e+001
2.842124e+003,8.899996e+001
2.842606e+003,8.898039e+001
2.843089e+003,8.896124e+001
2.843571e+003,8.894193e+001
2.844053e+003,8.892193e+001
2.844535e+003,8.890097e+001
2.845017e+003,8.887911e+001
2.845499e+003,8.885671e+001
2.845981e+003,8.883423e+001
2.846463e+003,8.881222e+001
2.846946e+003,8.879106e+001
2.847428e+003,8.877106e+001
2.847910e+003,8.875249e+001
2.848392e+003,8.873547e+001
2.848874e+003,8.872013e+001
2.849356e+003,8.870640e+001
2.849838e+003,8.869406e+001
2.850320e+003,8.868269e+001
2.850802e+003,8.867180e+001
2.851285e+003,8.866097e+001
2.851767e+003,8.864997e+001
2.852249e+003,8.863887e+001
2.852731e+003,8.862788e+001
2.853213e+003,8.861732e+001
2.853695e+003,8.860738e+001
2.854177e+003,8.859801e+001
2.854659e+003,8.858890e+001
2.855142e+003,8.857963e+001
2.855624e+003,8.856983e+001
2.856106e+003,8.855933e+001
2.856588e+003,8.854817e+001
2.857070e+003,8.853654e+001
2.857552e+003,8.852471e+001
2.858034e+003,8.851279e+001
2.858517e+003,8.850075e+001
2.858999e+003,8.848846e+001
2.859481e+003,8.847574e+001
2.859963e+003,8.846241e+001
2.860445e+003,8.844832e+001
2.860927e+003,8.843340e+001
2.861409e+003,8.841743e+001
2.861891e+003,8.840015e+001
2.862374e+003,8.838126e+001
2.862856e+003,8.836045e+001
2.863338e+003,8.833775e+001
2.863820e+003,8.831338e+001
2.864302e+003,8.828786e+001
2.864784e+003,8.826179e+001
2.865266e+003,8.823565e+001
2.865748e+003,8.820969e+001
2.866230e+003,8.818384e+001
2.866713e+003,8.815778e+001
2.867195e+003,8.813119e+001
2.867677e+003,8.810394e+001
2.868159e+003,8.807606e+001
2.868641e+003,8.804789e+001
2.869123e+003,8.801974e+001
2.869605e+003,8.799184e+001
2.870088e+003,8.796417e+001
2.870570e+003,8.793647e+001
2.871052e+003,8.790838e+001
2.871534e+003,8.787955e+001
2.872016e+003,8.784983e+001
2.872498e+003,8.781920e+001
2.872980e+003,8.778786e+001
2.873462e+003,8.775598e+001
2.873945e+003,8.772361e+001
2.874427e+003,8.769075e+001
2.874909e+003,8.765730e+001
2.875391e+003,8.762324e+001
2.875873e+003,8.758870e+001
2.876355e+003,8.755399e+001
2.876837e+003,8.751952e+001
2.877319e+003,8.748564e+001
2.877802e+003,8.745257e+001
2.878284e+003,8.742020e+001
2.878766e+003,8.738821e+001
2.879248e+003,8.735603e+001
2.879730e+003,8.732317e+001
2.880212e+003,8.728917e+001
2.880694e+003,8.725394e+001
2.881176e+003,8.721770e+001
2.881658e+003,8.718100e+001
2.882141e+003,8.714449e+001
2.882623e+003,8.710889e+001
2.883105e+003,8.707462e+001
2.883587e+003,8.704185e+001
2.884069e+003,8.701021e+001
2.884551e+003,8.697894e+001
2.885033e+003,8.694707e+001
2.885516e+003,8.691362e+001
2.885998e+003,8.687771e+001
2.886480e+003,8.683897e+001
2.886962e+003,8.679737e+001
2.887444e+003,8.675327e+001
2.887926e+003,8.670720e+001
2.888408e+003,8.665969e+001
2.888890e+003,8.661108e+001
2.889373e+003,8.656150e+001
2.889855e+003,8.651080e+001
2.890337e+003,8.645866e+001
2.890819e+003,8.640476e+001
2.891301e+003,8.634872e+001
2.891783e+003,8.629021e+001
2.892265e+003,8.622890e+001
2.892747e+003,8.616441e+001
2.893229e+003,8.609636e+001
2.893712e+003,8.602440e+001
2.894194e+003,8.594798e+001
2.894676e+003,8.586661e+001
2.895158e+003,8.577973e+001
2.895640e+003,8.568672e+001
2.896122e+003,8.558711e+001
2.896604e+003,8.548062e+001
2.897086e+003,8.536736e+001
2.897569e+003,8.524802e+001
2.898051e+003,8.512370e+001
2.898533e+003,8.499599e+001
2.899015e+003,8.486660e+001
2.899497e+003,8.473717e+001
2.899979e+003,8.460908e+001
2.900461e+003,8.448337e+001
2.900944e+003,8.436079e+001
2.901426e+003,8.424199e+001
2.901908e+003,8.412772e+001
2.902390e+003,8.401888e+001
2.902872e+003,8.391653e+001
2.903354e+003,8.382185e+001
2.903836e+003,8.373619e+001
2.904318e+003,8.366096e+001
2.904801e+003,8.359791e+001
2.905283e+003,8.354918e+001
2.905765e+003,8.351722e+001
2.906247e+003,8.350470e+001
2.906729e+003,8.351401e+001
2.907211e+003,8.354671e+001
2.907693e+003,8.360322e+001
2.908175e+003,8.368242e+001
2.908657e+003,8.378172e+001
2.909140e+003,8.389728e+001
2.909622e+003,8.402457e+001
2.910104e+003,8.415867e+001
2.910586e+003,8.429463e+001
2.911068e+003,8.442778e+001
2.911550e+003,8.455385e+001
2.912032e+003,8.466911e+001
2.912514e+003,8.477065e+001
2.912997e+003,8.485629e+001
2.913479e+003,8.492494e+001
2.913961e+003,8.497637e+001
2.914443e+003,8.501114e+001
2.914925e+003,8.503029e+001
2.915407e+003,8.503513e+001
2.915889e+003,8.502704e+001
2.916372e+003,8.500746e+001
2.916854e+003,8.497783e+001
2.917336e+003,8.493968e+001
2.917818e+003,8.489458e+001
2.918300e+003,8.484420e+001
2.918782e+003,8.479009e+001
2.919264e+003,8.473373e+001
2.919746e+003,8.467650e+001
2.920229e+003,8.461987e+001
2.920711e+003,8.456538e+001
2.921193e+003,8.451488e+001
2.921675e+003,8.447031e+001
2.922157e+003,8.443371e+001
2.922639e+003,8.440676e+001
2.923121e+003,8.439079e+001
2.923603e+003,8.438670e+001
2.924085e+003,8.439512e+001
2.924568e+003,8.441680e+001
2.925050e+003,8.445261e+001
2.925532e+003,8.450386e+001
2.926014e+003,8.457187e+001
2.926496e+003,8.465782e+001
2.926978e+003,8.476215e+001
2.927460e+003,8.488451e+001
2.927942e+003,8.502348e+001
2.928425e+003,8.517679e+001
2.928907e+003,8.534158e+001
2.929389e+003,8.551463e+001
2.929871e+003,8.569253e+001
2.930353e+003,8.587196e+001
2.930835e+003,8.604965e+001
2.931317e+003,8.622242e+001
2.931800e+003,8.638746e+001
2.932281e+003,8.654235e+001
2.932764e+003,8.668524e+001
2.933246e+003,8.681488e+001
2.933728e+003,8.693050e+001
2.934210e+003,8.703173e+001
2.934692e+003,8.711835e+001
2.935174e+003,8.719038e+001
2.935656e+003,8.724787e+001
2.936139e+003,8.729110e+001
2.936621e+003,8.732054e+001
2.937103e+003,8.733698e+001
2.937585e+003,8.734129e+001
2.938067e+003,8.733436e+001
2.938549e+003,8.731693e+001
2.939031e+003,8.728947e+001
2.939513e+003,8.725217e+001
2.939996e+003,8.720486e+001
2.940478e+003,8.714733e+001
2.940960e+003,8.707903e+001
2.941442e+003,8.699928e+001
2.941924e+003,8.690716e+001
2.942406e+003,8.680155e+001
2.942888e+003,8.668136e+001
2.943370e+003,8.654570e+001
2.943853e+003,8.639415e+001
2.944335e+003,8.622697e+001
2.944817e+003,8.604520e+001
2.945299e+003,8.585072e+001
2.945781e+003,8.564617e+001
2.946263e+003,8.543503e+001
2.946745e+003,8.522175e+001
2.947228e+003,8.501189e+001
2.947709e+003,8.481212e+001
2.948192e+003,8.463011e+001
2.948674e+003,8.447393e+001
2.949156e+003,8.435117e+001
2.949638e+003,8.426804e+001
2.950120e+003,8.422827e+001
2.950602e+003,8.423280e+001
2.951084e+003,8.427965e+001
2.951567e+003,8.436427e+001
2.952049e+003,8.448028e+001
2.952531e+003,8.462008e+001
2.953013e+003,8.477547e+001
2.953495e+003,8.493816e+001
2.953977e+003,8.510002e+001
2.954459e+003,8.525362e+001
2.954941e+003,8.539262e+001
2.955424e+003,8.551201e+001
2.955906e+003,8.560844e+001
2.956388e+003,8.567992e+001
2.956870e+003,8.572578e+001
2.957352e+003,8.574621e+001
2.957834e+003,8.574182e+001
2.958316e+003,8.571373e+001
2.958798e+003,8.566361e+001
2.959281e+003,8.559393e+001
2.959763e+003,8.550826e+001
2.960245e+003,8.541116e+001
2.960727e+003,8.530804e+001
2.961209e+003,8.520458e+001
2.961691e+003,8.510630e+001
2.962173e+003,8.501829e+001
2.962656e+003,8.494494e+001
2.963137e+003,8.489021e+001
2.963620e+003,8.485768e+001
2.964102e+003,8.485054e+001
2.964584e+003,8.487115e+001
2.965066e+003,8.492056e+001
2.965548e+003,8.499775e+001
2.966030e+003,8.509952e+001
2.966512e+003,8.522037e+001
2.966995e+003,8.535323e+001
2.967477e+003,8.549011e+001
2.967959e+003,8.562312e+001
2.968441e+003,8.574502e+001
2.968923e+003,8.584967e+001
2.969405e+003,8.593236e+001
2.969887e+003,8.598994e+001
2.970369e+003,8.602135e+001
2.970852e+003,8.602795e+001
2.971334e+003,8.601403e+001
2.971816e+003,8.598702e+001
2.972298e+003,8.595712e+001
2.972780e+003,8.593666e+001
2.973262e+003,8.593864e+001
2.973744e+003,8.597511e+001
2.974226e+003,8.605549e+001
2.974708e+003,8.618530e+001
2.975191e+003,8.636539e+001
2.975673e+003,8.659173e+001
2.976155e+003,8.685624e+001
2.976637e+003,8.714747e+001
2.977119e+003,8.745226e+001
2.977601e+003,8.775717e+001
2.978083e+003,8.805015e+001
2.978565e+003,8.832168e+001
2.979048e+003,8.856552e+001
2.979530e+003,8.877881e+001
2.980012e+003,8.896138e+001
2.980494e+003,8.911504e+001
2.980976e+003,8.924249e+001
2.981458e+003,8.934646e+001
2.981940e+003,8.942942e+001
2.982423e+003,8.949340e+001
2.982905e+003,8.954023e+001
2.983387e+003,8.957156e+001
2.983869e+003,8.958913e+001
2.984351e+003,8.959465e+001
2.984833e+003,8.958964e+001
2.985315e+003,8.957543e+001
2.985797e+003,8.955318e+001
2.986280e+003,8.952390e+001
2.986762e+003,8.948888e+001
2.987244e+003,8.944944e+001
2.987726e+003,8.940709e+001
2.988208e+003,8.936322e+001
2.988690e+003,8.931897e+001
2.989172e+003,8.927512e+001
2.989654e+003,8.923226e+001
2.990136e+003,8.919106e+001
2.990619e+003,8.915253e+001
2.991101e+003,8.911825e+001
2.991583e+003,8.909013e+001
2.992065e+003,8.907023e+001
2.992547e+003,8.906023e+001
2.993029e+003,8.906104e+001
2.993511e+003,8.907270e+001
2.993994e+003,8.909440e+001
2.994476e+003,8.912473e+001
2.994958e+003,8.916203e+001
2.995440e+003,8.920443e+001
2.995922e+003,8.925007e+001
2.996404e+003,8.929699e+001
2.996886e+003,8.934303e+001
2.997368e+003,8.938611e+001
2.997851e+003,8.942431e+001
2.998333e+003,8.945628e+001
2.998815e+003,8.948139e+001
2.999297e+003,8.949975e+001
2.999779e+003,8.951205e+001
3.000261e+003,8.951912e+001
3.000743e+003,8.952183e+001
3.001225e+003,8.952071e+001
3.001708e+003,8.951606e+001
3.002190e+003,8.950815e+001
3.002672e+003,8.949737e+001
3.003154e+003,8.948437e+001
3.003636e+003,8.946993e+001
3.004118e+003,8.945483e+001
3.004600e+003,8.943957e+001
3.005082e+003,8.942420e+001
3.005564e+003,8.940851e+001
3.006047e+003,8.939205e+001
3.006529e+003,8.937447e+001
3.007011e+003,8.935567e+001
3.007493e+003,8.933575e+001
3.007975e+003,8.931504e+001
3.008457e+003,8.929375e+001
3.008939e+003,8.927201e+001
3.009422e+003,8.924979e+001
3.009904e+003,8.922693e+001
3.010386e+003,8.920332e+001
3.010868e+003,8.917889e+001
3.011350e+003,8.915376e+001
3.011832e+003,8.912801e+001
3.012314e+003,8.910176e+001
3.012796e+003,8.907511e+001
3.013279e+003,8.904816e+001
3.013761e+003,8.902116e+001
3.014243e+003,8.899444e+001
3.014725e+003,8.896842e+001
3.015207e+003,8.894356e+001
3.015689e+003,8.891994e+001
3.016171e+003,8.889748e+001
3.016653e+003,8.887571e+001
3.017135e+003,8.885403e+001
3.017618e+003,8.883186e+001
3.018100e+003,8.880890e+001
3.018582e+003,8.878516e+001
3.019064e+003,8.876096e+001
3.019546e+003,8.873679e+001
3.020028e+003,8.871320e+001
3.020510e+003,8.869054e+001
3.020992e+003,8.866906e+001
3.021475e+003,8.864879e+001
3.021957e+003,8.862955e+001
3.022439e+003,8.861092e+001
3.022921e+003,8.859227e+001
3.023403e+003,8.857268e+001
3.023885e+003,8.855119e+001
3.024367e+003,8.852708e+001
3.024850e+003,8.850005e+001
3.025332e+003,8.847058e+001
3.025814e+003,8.843974e+001
3.026296e+003,8.840900e+001
3.026778e+003,8.837974e+001
3.027260e+003,8.835268e+001
3.027742e+003,8.832770e+001
3.028224e+003,8.830383e+001
3.028707e+003,8.827970e+001
3.029189e+003,8.825407e+001
3.029671e+003,8.822638e+001
3.030153e+003,8.819692e+001
3.030635e+003,8.816687e+001
3.031117e+003,8.813767e+001
3.031599e+003,8.811046e+001
3.032081e+003,8.808559e+001
3.032563e+003,8.806244e+001
3.033046e+003,8.803973e+001
3.033528e+003,8.801588e+001
3.034010e+003,8.798983e+001
3.034492e+003,8.796121e+001
3.034974e+003,8.793047e+001
3.035456e+003,8.789880e+001
3.035938e+003,8.786742e+001
3.036420e+003,8.783746e+001
3.036903e+003,8.780931e+001
3.037385e+003,8.778268e+001
3.037867e+003,8.775677e+001
3.038349e+003,8.773045e+001
3.038831e+003,8.770284e+001
3.039313e+003,8.767345e+001
3.039795e+003,8.764247e+001
3.040278e+003,8.761059e+001
3.040760e+003,8.757884e+001
3.041242e+003,8.754817e+001
3.041724e+003,8.751925e+001
3.042206e+003,8.749197e+001
3.042688e+003,8.746580e+001
3.043170e+003,8.743967e+001
3.043652e+003,8.741257e+001
3.044135e+003,8.738374e+001
3.044617e+003,8.735284e+001
3.045099e+003,8.732015e+001
3.045581e+003,8.728615e+001
3.046063e+003,8.725146e+001
3.046545e+003,8.721658e+001
3.047027e+003,8.718180e+001
3.047509e+003,8.714729e+001
3.047991e+003,8.711317e+001
3.048474e+003,8.707964e+001
3.048956e+003,8.704694e+001
3.049438e+003,8.701533e+001
3.049920e+003,8.698478e+001
3.050402e+003,8.695496e+001
3.050884e+003,8.692529e+001
3.051366e+003,8.689505e+001
3.051848e+003,8.686366e+001
3.052331e+003,8.683100e+001
3.052813e+003,8.679712e+001
3.053295e+003,8.676248e+001
3.053777e+003,8.672742e+001
3.054259e+003,8.669216e+001
3.054741e+003,8.665661e+001
3.055223e+003,8.662045e+001
3.055706e+003,8.658344e+001
3.056188e+003,8.654563e+001
3.056670e+003,8.650732e+001
3.057152e+003,8.646928e+001
3.057634e+003,8.643220e+001
3.058116e+003,8.639661e+001
3.058598e+003,8.636274e+001
3.059080e+003,8.633034e+001
3.059563e+003,8.629910e+001
3.060045e+003,8.626848e+001
3.060527e+003,8.623811e+001
3.061009e+003,8.620759e+001
3.061491e+003,8.617654e+001
3.061973e+003,8.614452e+001
3.062455e+003,8.611117e+001
3.062937e+003,8.607623e+001
3.063419e+003,8.603989e+001
3.063902e+003,8.600267e+001
3.064384e+003,8.596558e+001
3.064866e+003,8.592973e+001
3.065348e+003,8.589592e+001
3.065830e+003,8.586437e+001
3.066312e+003,8.583465e+001
3.066794e+003,8.580569e+001
3.067276e+003,8.577622e+001
3.067759e+003,8.574522e+001
3.068241e+003,8.571194e+001
3.068723e+003,8.567619e+001
3.069205e+003,8.563814e+001
3.069687e+003,8.559808e+001
3.070169e+003,8.555650e+001
3.070651e+003,8.551384e+001
3.071134e+003,8.547078e+001
3.071615e+003,8.542804e+001
3.072098e+003,8.538642e+001
3.072580e+003,8.534655e+001
3.073062e+003,8.530854e+001
3.073544e+003,8.527204e+001
3.074026e+003,8.523612e+001
3.074508e+003,8.519978e+001
3.074990e+003,8.516220e+001
3.075473e+003,8.512321e+001
3.075955e+003,8.508327e+001
3.076437e+003,8.504324e+001
3.076919e+003,8.500406e+001
3.077401e+003,8.496604e+001
3.077883e+003,8.492891e+001
3.078365e+003,8.489180e+001
3.078847e+003,8.485362e+001
3.079330e+003,8.481361e+001
3.079812e+003,8.477166e+001
3.080294e+003,8.472843e+001
3.080776e+003,8.468495e+001
3.081258e+003,8.464229e+001
3.081740e+003,8.460117e+001
3.082222e+003,8.456169e+001
3.082704e+003,8.452353e+001
3.083187e+003,8.448613e+001
3.083669e+003,8.444891e+001
3.084151e+003,8.441147e+001
3.084633e+003,8.437360e+001
3.085115e+003,8.433508e+001
3.085597e+003,8.429577e+001
3.086079e+003,8.425544e+001
3.086562e+003,8.421396e+001
3.087043e+003,8.417133e+001
3.087526e+003,8.412770e+001
3.088008e+003,8.408333e+001
3.088490e+003,8.403838e+001
3.088972e+003,8.399288e+001
3.089454e+003,8.394662e+001
3.089936e+003,8.389951e+001
3.090418e+003,8.385162e+001
3.090901e+003,8.380346e+001
3.091383e+003,8.375587e+001
3.091865e+003,8.370972e+001
3.092347e+003,8.366550e+001
3.092829e+003,8.362299e+001
3.093311e+003,8.358116e+001
3.093793e+003,8.353851e+001
3.094275e+003,8.349352e+001
3.094758e+003,8.344521e+001
3.095240e+003,8.339358e+001
3.095722e+003,8.333965e+001
3.096204e+003,8.328501e+001
3.096686e+003,8.323129e+001
3.097168e+003,8.317962e+001
3.097650e+003,8.313036e+001
3.098132e+003,8.308315e+001
3.098615e+003,8.303726e+001
3.099097e+003,8.299177e+001
3.099579e+003,8.294595e+001
3.100061e+003,8.289935e+001
3.100543e+003,8.285183e+001
3.101025e+003,8.280351e+001
3.101507e+003,8.275474e+001
3.101990e+003,8.270600e+001
3.102471e+003,8.265784e+001
3.102954e+003,8.261078e+001
3.103436e+003,8.256491e+001
3.103918e+003,8.251994e+001
3.104400e+003,8.247501e+001
3.104882e+003,8.242908e+001
3.105364e+003,8.238123e+001
3.105846e+003,8.233097e+001
3.106329e+003,8.227867e+001
3.106811e+003,8.222530e+001
3.107293e+003,8.217206e+001
3.107775e+003,8.211994e+001
3.108257e+003,8.206916e+001
3.108739e+003,8.201917e+001
3.109221e+003,8.196889e+001
3.109703e+003,8.191717e+001
3.110186e+003,8.186337e+001
3.110668e+003,8.180762e+001
3.111150e+003,8.175076e+001
3.111632e+003,8.169388e+001
3.112114e+003,8.163793e+001
3.112596e+003,8.158344e+001
3.113078e+003,8.153034e+001
3.113560e+003,8.147833e+001
3.114042e+003,8.142712e+001
3.114525e+003,8.137656e+001
3.115007e+003,8.132655e+001
3.115489e+003,8.127695e+001
3.115971e+003,8.122736e+001
3.116453e+003,8.117691e+001
3.116935e+003,8.112479e+001
3.117417e+003,8.107034e+001
3.117900e+003,8.101361e+001
3.118382e+003,8.095532e+001
3.118864e+003,8.089671e+001
3.119346e+003,8.083897e+001
3.119828e+003,8.078280e+001
3.120310e+003,8.072816e+001
3.120792e+003,8.067434e+001
3.121274e+003,8.062035e+001
3.121757e+003,8.056535e+001
3.122239e+003,8.050898e+001
3.122721e+003,8.045134e+001
3.123203e+003,8.039277e+001
3.123685e+003,8.033344e+001
3.124167e+003,8.027323e+001
3.124649e+003,8.021181e+001
3.125131e+003,8.014896e+001
3.125614e+003,8.008479e+001
3.126096e+003,8.002007e+001
3.126578e+003,7.995590e+001
3.127060e+003,7.989343e+001
3.127542e+003,7.983324e+001
3.128024e+003,7.977519e+001
3.128506e+003,7.971846e+001
3.128988e+003,7.966190e+001
3.129470e+003,7.960459e+001
3.129953e+003,7.954604e+001
3.130435e+003,7.948649e+001
3.130917e+003,7.942630e+001
3.131399e+003,7.936599e+001
3.131881e+003,7.930581e+001
3.132363e+003,7.924572e+001
3.132845e+003,7.918562e+001
3.133328e+003,7.912561e+001
3.133810e+003,7.906610e+001
3.134292e+003,7.900766e+001
3.134774e+003,7.895075e+001
3.135256e+003,7.889545e+001
3.135738e+003,7.884122e+001
3.136220e+003,7.878711e+001
3.136702e+003,7.873213e+001
3.137185e+003,7.867560e+001
3.137667e+003,7.861732e+001
3.138149e+003,7.855758e+001
3.138631e+003,7.849683e+001
3.139113e+003,7.843533e+001
3.139595e+003,7.837293e+001
3.140077e+003,7.830924e+001
3.140559e+003,7.824384e+001
3.141042e+003,7.817669e+001
3.141524e+003,7.810826e+001
3.142006e+003,7.803947e+001
3.142488e+003,7.797128e+001
3.142970e+003,7.790437e+001
3.143452e+003,7.783891e+001
3.143934e+003,7.777455e+001
3.144417e+003,7.771086e+001
3.144898e+003,7.764753e+001
3.145381e+003,7.758461e+001
3.145863e+003,7.752238e+001
3.146345e+003,7.746106e+001
3.146827e+003,7.740053e+001
3.147309e+003,7.734019e+001
3.147791e+003,7.727917e+001
3.148273e+003,7.721672e+001
3.148756e+003,7.715260e+001
3.149238e+003,7.708719e+001
3.149720e+003,7.702134e+001
3.150202e+003,7.695597e+001
3.150684e+003,7.689147e+001
3.151166e+003,7.682764e+001
3.151648e+003,7.676373e+001
3.152130e+003,7.669884e+001
3.152613e+003,7.663242e+001
3.153095e+003,7.656450e+001
3.153577e+003,7.649568e+001
3.154059e+003,7.642677e+001
3.154541e+003,7.635842e+001
3.155023e+003,7.629083e+001
3.155505e+003,7.622388e+001
3.155987e+003,7.615729e+001
3.156469e+003,7.609102e+001
3.156952e+003,7.602542e+001
3.157434e+003,7.596098e+001
3.157916e+003,7.589806e+001
3.158398e+003,7.583656e+001
3.158880e+003,7.577582e+001
3.159362e+003,7.571477e+001
3.159844e+003,7.565247e+001
3.160326e+003,7.558854e+001
3.160809e+003,7.552329e+001
3.161291e+003,7.545773e+001
3.161773e+003,7.539279e+001
3.162255e+003,7.532904e+001
3.162737e+003,7.526641e+001
3.163219e+003,7.520426e+001
3.163701e+003,7.514176e+001
3.164184e+003,7.507846e+001
3.164666e+003,7.501450e+001
3.165148e+003,7.495053e+001
3.165630e+003,7.488726e+001
3.166112e+003,7.482517e+001
3.166594e+003,7.476405e+001
3.167076e+003,7.470311e+001
3.167558e+003,7.464143e+001
3.168041e+003,7.457825e+001
3.168523e+003,7.451340e+001
3.169005e+003,7.444721e+001
3.169487e+003,7.438027e+001
3.169969e+003,7.431309e+001
3.170451e+003,7.424590e+001
3.170933e+003,7.417873e+001
3.171415e+003,7.411178e+001
3.171897e+003,7.404548e+001
3.172380e+003,7.398071e+001
3.172862e+003,7.391842e+001
3.173344e+003,7.385924e+001
3.173826e+003,7.380304e+001
3.174308e+003,7.374899e+001
3.174790e+003,7.369560e+001
3.175272e+003,7.364152e+001
3.175754e+003,7.358581e+001
3.176237e+003,7.352829e+001
3.176719e+003,7.346936e+001
3.177201e+003,7.340958e+001
3.177683e+003,7.334926e+001
3.178165e+003,7.328828e+001
3.178647e+003,7.322632e+001
3.179129e+003,7.316315e+001
3.179612e+003,7.309916e+001
3.180094e+003,7.303519e+001
3.180576e+003,7.297234e+001
3.181058e+003,7.291125e+001
3.181540e+003,7.285177e+001
3.182022e+003,7.279263e+001
3.182504e+003,7.273206e+001
3.182986e+003,7.266833e+001
3.183469e+003,7.260064e+001
3.183951e+003,7.252938e+001
3.184433e+003,7.245610e+001
3.184915e+003,7.238287e+001
3.185397e+003,7.231139e+001
3.185879e+003,7.224251e+001
3.186361e+003,7.217598e+001
3.186843e+003,7.211089e+001
3.187325e+003,7.204617e+001
3.187808e+003,7.198110e+001
3.188290e+003,7.191540e+001
3.188772e+003,7.184913e+001
3.189254e+003,7.178242e+001
3.189736e+003,7.171525e+001
3.190218e+003,7.164750e+001
3.190700e+003,7.157913e+001
3.191182e+003,7.151041e+001
3.191665e+003,7.144189e+001
3.192147e+003,7.137420e+001
3.192629e+003,7.130753e+001
3.193111e+003,7.124150e+001
3.193593e+003,7.117507e+001
3.194075e+003,7.110694e+001
3.194557e+003,7.103616e+001
3.195040e+003,7.096258e+001
3.195521e+003,7.088702e+001
3.196004e+003,7.081092e+001
3.196486e+003,7.073572e+001
3.196968e+003,7.066223e+001
3.197450e+003,7.059039e+001
3.197932e+003,7.051938e+001
3.198414e+003,7.044821e+001
3.198896e+003,7.037633e+001
3.199379e+003,7.030385e+001
3.199861e+003,7.023137e+001
3.200343e+003,7.015955e+001
3.200825e+003,7.008849e+001
3.201307e+003,7.001762e+001
3.201789e+003,6.994600e+001
3.202271e+003,6.987263e+001
3.202753e+003,6.979727e+001
3.203236e+003,6.972037e+001
3.203718e+003,6.964306e+001
3.204200e+003,6.956647e+001
3.204682e+003,6.949113e+001
3.205164e+003,6.941679e+001
3.205646e+003,6.934254e+001
3.206128e+003,6.926730e+001
3.206610e+003,6.919051e+001
3.207093e+003,6.911234e+001
3.207575e+003,6.903364e+001
3.208057e+003,6.895541e+001
3.208539e+003,6.887827e+001
3.209021e+003,6.880222e+001
3.209503e+003,6.872664e+001
3.209985e+003,6.865083e+001
3.210468e+003,6.857445e+001
3.210949e+003,6.849773e+001
3.211432e+003,6.842140e+001
3.211914e+003,6.834603e+001
3.212396e+003,6.827175e+001
3.212878e+003,6.819809e+001
3.213360e+003,6.812417e+001
3.213842e+003,6.804928e+001
3.214324e+003,6.797347e+001
3.214807e+003,6.789755e+001
3.215289e+003,6.782290e+001
3.215771e+003,6.775066e+001
3.216253e+003,6.768111e+001
3.216735e+003,6.761348e+001
3.217217e+003,6.754616e+001
3.217699e+003,6.747733e+001
3.218181e+003,6.740577e+001
3.218664e+003,6.733122e+001
3.219146e+003,6.725439e+001
3.219628e+003,6.717636e+001
3.220110e+003,6.709814e+001
3.220592e+003,6.702011e+001
3.221074e+003,6.694218e+001
3.221556e+003,6.686404e+001
3.222038e+003,6.678580e+001
3.222521e+003,6.670803e+001
3.223003e+003,6.663171e+001
3.223485e+003,6.655760e+001
3.223967e+003,6.648586e+001
3.224449e+003,6.641578e+001
3.224931e+003,6.634615e+001
3.225413e+003,6.627576e+001
3.225896e+003,6.620400e+001
3.226377e+003,6.613123e+001
3.226860e+003,6.605861e+001
3.227342e+003,6.598740e+001
3.227824e+003,6.591851e+001
3.228306e+003,6.585201e+001
3.228788e+003,6.578727e+001
3.229270e+003,6.572331e+001
3.229752e+003,6.565945e+001
3.230235e+003,6.559546e+001
3.230717e+003,6.553152e+001
3.231199e+003,6.546780e+001
3.231681e+003,6.540411e+001
3.232163e+003,6.533968e+001
3.232645e+003,6.527354e+001
3.233127e+003,6.520503e+001
3.233609e+003,6.513422e+001
3.234092e+003,6.506216e+001
3.234574e+003,6.499033e+001
3.235056e+003,6.492014e+001
3.235538e+003,6.485222e+001
3.236020e+003,6.478613e+001
3.236502e+003,6.472072e+001
3.236984e+003,6.465475e+001
3.237466e+003,6.458761e+001
3.237948e+003,6.451964e+001
3.238431e+003,6.445204e+001
3.238913e+003,6.438619e+001
3.239395e+003,6.432301e+001
3.239877e+003,6.426250e+001
3.240359e+003,6.420387e+001
3.240841e+003,6.414606e+001
3.241323e+003,6.408817e+001
3.241806e+003,6.403004e+001
3.242288e+003,6.397210e+001
3.242770e+003,6.391494e+001
3.243252e+003,6.385887e+001
3.243734e+003,6.380350e+001
3.244216e+003,6.374792e+001
3.244698e+003,6.369099e+001
3.245180e+003,6.363194e+001
3.245663e+003,6.357066e+001
3.246145e+003,6.350765e+001
3.246627e+003,6.344361e+001
3.247109e+003,6.337906e+001
3.247591e+003,6.331412e+001
3.248073e+003,6.324862e+001
3.248555e+003,6.318238e+001
3.249037e+003,6.311563e+001
3.249520e+003,6.304914e+001
3.250002e+003,6.298388e+001
3.250484e+003,6.292074e+001
3.250966e+003,6.286007e+001
3.251448e+003,6.280178e+001
3.251930e+003,6.274538e+001
3.252412e+003,6.269048e+001
3.252894e+003,6.263707e+001
3.253376e+003,6.258552e+001
3.253859e+003,6.253626e+001
3.254341e+003,6.248924e+001
3.254823e+003,6.244365e+001
3.255305e+003,6.239796e+001
3.255787e+003,6.235052e+001
3.256269e+003,6.230015e+001
3.256751e+003,6.224675e+001
3.257234e+003,6.219132e+001
3.257716e+003,6.213560e+001
3.258198e+003,6.208135e+001
3.258680e+003,6.202968e+001
3.259162e+003,6.198082e+001
3.259644e+003,6.193430e+001
3.260126e+003,6.188940e+001
3.260608e+003,6.184569e+001
3.261091e+003,6.180324e+001
3.261573e+003,6.176242e+001
3.262055e+003,6.172359e+001
3.262537e+003,6.168667e+001
3.263019e+003,6.165112e+001
3.263501e+003,6.161624e+001
3.263983e+003,6.158150e+001
3.264465e+003,6.154713e+001
3.264948e+003,6.151391e+001
3.265430e+003,6.148296e+001
3.265912e+003,6.145528e+001
3.266394e+003,6.143130e+001
3.266876e+003,6.141081e+001
3.267358e+003,6.139324e+001
3.267840e+003,6.137809e+001
3.268323e+003,6.136517e+001
3.268804e+003,6.135462e+001
3.269287e+003,6.134659e+001
3.269769e+003,6.134095e+001
3.270251e+003,6.133702e+001
3.270733e+003,6.133387e+001
3.271215e+003,6.133076e+001
3.271697e+003,6.132764e+001
3.272179e+003,6.132542e+001
3.272662e+003,6.132577e+001
3.273144e+003,6.133039e+001
3.273626e+003,6.134029e+001
3.274108e+003,6.135534e+001
3.274590e+003,6.137428e+001
3.275072e+003,6.139538e+001
3.275554e+003,6.141720e+001
3.276036e+003,6.143915e+001
3.276519e+003,6.146168e+001
3.277001e+003,6.148579e+001
3.277483e+003,6.151248e+001
3.277965e+003,6.154230e+001
3.278447e+003,6.157521e+001
3.278929e+003,6.161106e+001
3.279411e+003,6.164986e+001
3.279893e+003,6.169225e+001
3.280375e+003,6.173920e+001
3.280858e+003,6.179177e+001
3.281340e+003,6.185024e+001
3.281822e+003,6.191400e+001
3.282304e+003,6.198154e+001
3.282786e+003,6.205102e+001
3.283268e+003,6.212103e+001
3.283750e+003,6.219098e+001
3.284232e+003,6.226121e+001
3.284715e+003,6.233266e+001
3.285197e+003,6.240618e+001
3.285679e+003,6.248219e+001
3.286161e+003,6.256059e+001
3.286643e+003,6.264115e+001
3.287125e+003,6.272390e+001
3.287607e+003,6.280939e+001
3.288090e+003,6.289868e+001
3.288572e+003,6.299276e+001
3.289054e+003,6.309209e+001
3.289536e+003,6.319615e+001
3.290018e+003,6.330354e+001
3.290500e+003,6.341249e+001
3.290982e+003,6.352142e+001
3.291464e+003,6.362947e+001
3.291947e+003,6.373655e+001
3.292429e+003,6.384308e+001
3.292911e+003,6.394960e+001
3.293393e+003,6.405637e+001
3.293875e+003,6.416331e+001
3.294357e+003,6.427028e+001
3.294839e+003,6.437728e+001
3.295321e+003,6.448463e+001
3.295803e+003,6.459285e+001
3.296286e+003,6.470232e+001
3.296768e+003,6.481289e+001
3.297250e+003,6.492396e+001
3.297732e+003,6.503458e+001
3.298214e+003,6.514400e+001
3.298696e+003,6.525214e+001
3.299178e+003,6.535963e+001
3.299660e+003,6.546756e+001
3.300143e+003,6.557692e+001
3.300625e+003,6.568797e+001
3.301107e+003,6.580008e+001
3.301589e+003,6.591191e+001
3.302071e+003,6.602204e+001
3.302553e+003,6.612957e+001
3.303035e+003,6.623438e+001
3.303518e+003,6.633709e+001
3.304000e+003,6.643857e+001
3.304482e+003,6.653932e+001
3.304964e+003,6.663933e+001
3.305446e+003,6.673802e+001
3.305928e+003,6.683488e+001
3.306410e+003,6.692980e+001
3.306892e+003,6.702341e+001
3.307375e+003,6.711676e+001
3.307857e+003,6.721085e+001
3.308339e+003,6.730585e+001
3.308821e+003,6.740092e+001
3.309303e+003,6.749427e+001
3.309785e+003,6.758405e+001
3.310267e+003,6.766888e+001
3.310749e+003,6.774857e+001
3.311231e+003,6.782401e+001
3.311714e+003,6.789672e+001
3.312196e+003,6.796820e+001
3.312678e+003,6.803938e+001
3.313160e+003,6.811050e+001
3.313642e+003,6.818143e+001
3.314124e+003,6.825211e+001
3.314606e+003,6.832287e+001
3.315088e+003,6.839443e+001
3.315571e+003,6.846765e+001
3.316053e+003,6.854291e+001
3.316535e+003,6.861989e+001
3.317017e+003,6.869765e+001
3.317499e+003,6.877495e+001
3.317981e+003,6.885084e+001
3.318463e+003,6.892511e+001
3.318946e+003,6.899829e+001
3.319427e+003,6.907130e+001
3.319910e+003,6.914508e+001
3.320392e+003,6.922011e+001
3.320874e+003,6.929640e+001
3.321356e+003,6.937374e+001
3.321838e+003,6.945198e+001
3.322320e+003,6.953127e+001
3.322802e+003,6.961201e+001
3.323285e+003,6.969440e+001
3.323767e+003,6.977808e+001
3.324249e+003,6.986205e+001
3.324731e+003,6.994473e+001
3.325213e+003,7.002459e+001
3.325695e+003,7.010065e+001
3.326177e+003,7.017287e+001
3.326659e+003,7.024202e+001
3.327142e+003,7.030933e+001
3.327624e+003,7.037579e+001
3.328106e+003,7.044180e+001
3.328588e+003,7.050723e+001
3.329070e+003,7.057169e+001
3.329552e+003,7.063503e+001
3.330034e+003,7.069773e+001
3.330516e+003,7.076073e+001
3.330999e+003,7.082510e+001
3.331481e+003,7.089148e+001
3.331963e+003,7.095968e+001
3.332445e+003,7.102882e+001
3.332927e+003,7.109764e+001
3.333409e+003,7.116515e+001
3.333891e+003,7.123110e+001
3.334374e+003,7.129607e+001
3.334855e+003,7.136120e+001
3.335338e+003,7.142757e+001
3.335820e+003,7.149572e+001
3.336302e+003,7.156540e+001
3.336784e+003,7.163575e+001
3.337266e+003,7.170566e+001
3.337748e+003,7.177422e+001
3.338230e+003,7.184097e+001
3.338713e+003,7.190591e+001
3.339195e+003,7.196923e+001
3.339677e+003,7.203120e+001
3.340159e+003,7.209215e+001
3.340641e+003,7.215259e+001
3.341123e+003,7.221323e+001
3.341605e+003,7.227507e+001
3.342087e+003,7.233929e+001
3.342570e+003,7.240689e+001
3.343052e+003,7.247842e+001
3.343534e+003,7.255386e+001
3.344016e+003,7.263284e+001
3.344498e+003,7.271497e+001
3.344980e+003,7.280011e+001
3.345462e+003,7.288863e+001
3.345944e+003,7.298111e+001
3.346427e+003,7.307815e+001
3.346909e+003,7.317992e+001
3.347391e+003,7.328609e+001
3.347873e+003,7.339591e+001
3.348355e+003,7.350860e+001
3.348837e+003,7.362362e+001
3.349319e+003,7.374097e+001
3.349802e+003,7.386097e+001
3.350283e+003,7.398424e+001
3.350766e+003,7.411109e+001
3.351248e+003,7.424174e+001
3.351730e+003,7.437617e+001
3.352212e+003,7.451453e+001
3.352694e+003,7.465718e+001
3.353176e+003,7.480483e+001
3.353658e+003,7.495819e+001
3.354141e+003,7.511765e+001
3.354623e+003,7.528291e+001
3.355105e+003,7.545309e+001
3.355587e+003,7.562678e+001
3.356069e+003,7.580273e+001
3.356551e+003,7.598002e+001
3.357033e+003,7.615835e+001
3.357515e+003,7.633794e+001
3.357998e+003,7.651892e+001
3.358480e+003,7.670124e+001
3.358962e+003,7.688435e+001
3.359444e+003,7.706746e+001
3.359926e+003,7.724989e+001
3.360408e+003,7.743137e+001
3.360890e+003,7.761230e+001
3.361372e+003,7.779351e+001
3.361854e+003,7.797583e+001
3.362337e+003,7.815979e+001
3.362819e+003,7.834523e+001
3.363301e+003,7.853134e+001
3.363783e+003,7.871695e+001
3.364265e+003,7.890084e+001
3.364747e+003,7.908203e+001
3.365229e+003,7.925991e+001
3.365712e+003,7.943417e+001
3.366194e+003,7.960462e+001
3.366676e+003,7.977119e+001
3.367158e+003,7.993383e+001
3.367640e+003,8.009274e+001
3.368122e+003,8.024824e+001
3.368604e+003,8.040091e+001
3.369086e+003,8.055127e+001
3.369569e+003,8.069958e+001
3.370051e+003,8.084572e+001
3.370533e+003,8.098914e+001
3.371015e+003,8.112911e+001
3.371497e+003,8.126508e+001
3.371979e+003,8.139698e+001
3.372461e+003,8.152525e+001
3.372943e+003,8.165087e+001
3.373426e+003,8.177482e+001
3.373908e+003,8.189786e+001
3.374390e+003,8.202016e+001
3.374872e+003,8.214140e+001
3.375354e+003,8.226090e+001
3.375836e+003,8.237793e+001
3.376318e+003,8.249205e+001
3.376800e+003,8.260316e+001
3.377282e+003,8.271143e+001
3.377765e+003,8.281718e+001
3.378247e+003,8.292063e+001
3.378729e+003,8.302184e+001
3.379211e+003,8.312086e+001
3.379693e+003,8.321762e+001
3.380175e+003,8.331219e+001
3.380657e+003,8.340463e+001
3.381140e+003,8.349506e+001
3.381622e+003,8.358344e+001
3.382104e+003,8.366977e+001
3.382586e+003,8.375401e+001
3.383068e+003,8.383632e+001
3.383550e+003,8.391708e+001
3.384032e+003,8.399686e+001
3.384514e+003,8.407637e+001
3.384997e+003,8.415608e+001
3.385479e+003,8.423613e+001
3.385961e+003,8.431624e+001
3.386443e+003,8.439592e+001
3.386925e+003,8.447462e+001
3.387407e+003,8.455192e+001
3.387889e+003,8.462745e+001
3.388371e+003,8.470094e+001
3.388854e+003,8.477203e+001
3.389336e+003,8.484013e+001
3.389818e+003,8.490464e+001
3.390300e+003,8.496516e+001
3.390782e+003,8.502195e+001
3.391264e+003,8.507597e+001
3.391746e+003,8.512897e+001
3.392229e+003,8.518288e+001
3.392710e+003,8.523926e+001
3.393193e+003,8.529863e+001
3.393675e+003,8.536037e+001
3.394157e+003,8.542299e+001
3.394639e+003,8.548486e+001
3.395121e+003,8.554487e+001
3.395603e+003,8.560291e+001
3.396085e+003,8.565990e+001
3.396568e+003,8.571731e+001
3.397050e+003,8.577659e+001
3.397532e+003,8.583849e+001
3.398014e+003,8.590282e+001
3.398496e+003,8.596849e+001
3.398978e+003,8.603399e+001
3.399460e+003,8.609789e+001
3.399942e+003,8.615920e+001
3.400425e+003,8.621751e+001
3.400907e+003,8.627290e+001
3.401389e+003,8.632584e+001
3.401871e+003,8.637703e+001
3.402353e+003,8.642742e+001
3.402835e+003,8.647797e+001
3.403317e+003,8.652972e+001
3.403799e+003,8.658345e+001
3.404281e+003,8.663950e+001
3.404764e+003,8.669756e+001
3.405246e+003,8.675672e+001
3.405728e+003,8.681575e+001
3.406210e+003,8.687341e+001
3.406692e+003,8.692890e+001
3.407174e+003,8.698212e+001
3.407656e+003,8.703345e+001
3.408138e+003,8.708369e+001
3.408621e+003,8.713349e+001
3.409103e+003,8.718326e+001
3.409585e+003,8.723296e+001
3.410067e+003,8.728255e+001
3.410549e+003,8.733204e+001
3.411031e+003,8.738171e+001
3.411513e+003,8.743217e+001
3.411996e+003,8.748390e+001
3.412478e+003,8.753696e+001
3.412960e+003,8.759081e+001
3.413442e+003,8.764438e+001
3.413924e+003,8.769638e+001
3.414406e+003,8.774588e+001
3.414888e+003,8.779253e+001
3.415370e+003,8.783668e+001
3.415853e+003,8.787913e+001
3.416335e+003,8.792055e+001
3.416817e+003,8.796118e+001
3.417299e+003,8.800070e+001
3.417781e+003,8.803833e+001
3.418263e+003,8.807351e+001
3.418745e+003,8.810614e+001
3.419227e+003,8.813706e+001
3.419709e+003,8.816779e+001
3.420192e+003,8.820004e+001
3.420674e+003,8.823521e+001
3.421156e+003,8.827371e+001
3.421638e+003,8.831515e+001
3.422120e+003,8.835844e+001
3.422602e+003,8.840258e+001
3.423084e+003,8.844675e+001
3.423566e+003,8.849073e+001
3.424049e+003,8.853442e+001
3.424531e+003,8.857770e+001
3.425013e+003,8.862012e+001
3.425495e+003,8.866100e+001
3.425977e+003,8.869953e+001
3.426459e+003,8.873526e+001
3.426941e+003,8.876817e+001
3.427424e+003,8.879883e+001
3.427906e+003,8.882806e+001
3.428388e+003,8.885658e+001
3.428870e+003,8.888475e+001
3.429352e+003,8.891251e+001
3.429834e+003,8.893952e+001
3.430316e+003,8.896549e+001
3.430798e+003,8.899040e+001
3.431281e+003,8.901477e+001
3.431763e+003,8.903908e+001
3.432245e+003,8.906393e+001
3.432727e+003,8.908939e+001
3.433209e+003,8.911526e+001
3.433691e+003,8.914097e+001
3.434173e+003,8.916600e+001
3.434655e+003,8.919011e+001
3.435137e+003,8.921334e+001
3.435620e+003,8.923600e+001
3.436102e+003,8.925834e+001
3.436584e+003,8.928036e+001
3.437066e+003,8.930185e+001
3.437548e+003,8.932230e+001
3.438030e+003,8.934132e+001
3.438512e+003,8.935865e+001
3.438994e+003,8.937441e+001
3.439477e+003,8.938885e+001
3.439959e+003,8.940225e+001
3.440441e+003,8.941496e+001
3.440923e+003,8.942738e+001
3.441405e+003,8.944006e+001
3.441887e+003,8.945387e+001
3.442369e+003,8.946980e+001
3.442852e+003,8.948865e+001
3.443333e+003,8.951044e+001
3.443816e+003,8.953424e+001
3.444298e+003,8.955814e+001
3.444780e+003,8.957966e+001
3.445262e+003,8.959645e+001
3.445744e+003,8.960708e+001
3.446226e+003,8.961182e+001
3.446708e+003,8.961275e+001
3.447191e+003,8.961322e+001
3.447673e+003,8.961649e+001
3.448155e+003,8.962450e+001
3.448637e+003,8.963723e+001
3.449119e+003,8.965296e+001
3.449601e+003,8.966917e+001
3.450083e+003,8.968349e+001
3.450565e+003,8.969427e+001
3.451048e+003,8.970087e+001
3.451530e+003,8.970359e+001
3.452012e+003,8.970347e+001
3.452494e+003,8.970177e+001
3.452976e+003,8.969979e+001
3.453458e+003,8.969862e+001
3.453940e+003,8.969916e+001
3.454422e+003,8.970209e+001
3.454905e+003,8.970769e+001
3.455387e+003,8.971582e+001
3.455869e+003,8.972575e+001
3.456351e+003,8.973637e+001
3.456833e+003,8.974640e+001
3.457315e+003,8.975471e+001
3.457797e+003,8.976068e+001
3.458280e+003,8.976419e+001
3.458761e+003,8.976534e+001
3.459244e+003,8.976430e+001
3.459726e+003,8.976099e+001
3.460208e+003,8.975510e+001
3.460690e+003,8.974638e+001
3.461172e+003,8.973498e+001
3.461654e+003,8.972183e+001
3.462136e+003,8.970852e+001
3.462619e+003,8.969677e+001
3.463101e+003,8.968790e+001
3.463583e+003,8.968221e+001
3.464065e+003,8.967884e+001
3.464547e+003,8.967615e+001
3.465029e+003,8.967240e+001
3.465511e+003,8.966625e+001
3.465993e+003,8.965735e+001
3.466476e+003,8.964618e+001
3.466958e+003,8.963363e+001
3.467440e+003,8.962052e+001
3.467922e+003,8.960712e+001
3.468404e+003,8.959300e+001
3.468886e+003,8.957735e+001
3.469368e+003,8.955939e+001
3.469850e+003,8.953894e+001
3.470333e+003,8.951630e+001
3.470815e+003,8.949236e+001
3.471297e+003,8.946811e+001
3.471779e+003,8.944434e+001
3.472261e+003,8.942143e+001
3.472743e+003,8.939947e+001
3.473225e+003,8.937830e+001
3.473708e+003,8.935789e+001
3.474189e+003,8.933818e+001
3.474672e+003,8.931924e+001
3.475154e+003,8.930112e+001
3.475636e+003,8.928389e+001
3.476118e+003,8.926762e+001
3.476600e+003,8.925249e+001
3.477082e+003,8.923878e+001
3.477564e+003,8.922662e+001
3.478047e+003,8.921592e+001
3.478529e+003,8.920592e+001
3.479011e+003,8.919529e+001
3.479493e+003,8.918230e+001
3.479975e+003,8.916537e+001
3.480457e+003,8.914379e+001
3.480939e+003,8.911821e+001
3.481421e+003,8.909066e+001
3.481904e+003,8.906396e+001
3.482386e+003,8.904079e+001
3.482868e+003,8.902265e+001
3.483350e+003,8.900955e+001
3.483832e+003,8.900014e+001
3.484314e+003,8.899232e+001
3.484796e+003,8.898412e+001
3.485278e+003,8.897398e+001
3.485760e+003,8.896089e+001
3.486243e+003,8.894453e+001
3.486725e+003,8.892506e+001
3.487207e+003,8.890308e+001
3.487689e+003,8.887955e+001
3.488171e+003,8.885575e+001
3.488653e+003,8.883298e+001
3.489135e+003,8.881238e+001
3.489618e+003,8.879440e+001
3.490100e+003,8.877875e+001
3.490582e+003,8.876430e+001
3.491064e+003,8.874954e+001
3.491546e+003,8.873292e+001
3.492028e+003,8.871339e+001
3.492510e+003,8.869069e+001
3.492992e+003,8.866529e+001
3.493475e+003,8.863799e+001
3.493957e+003,8.860963e+001
3.494439e+003,8.858077e+001
3.494921e+003,8.855169e+001
3.495403e+003,8.852247e+001
3.495885e+003,8.849339e+001
3.496367e+003,8.846489e+001
3.496849e+003,8.843749e+001
3.497332e+003,8.841135e+001
3.497814e+003,8.838599e+001
3.498296e+003,8.836034e+001
3.498778e+003,8.833296e+001
3.499260e+003,8.830238e+001
3.499742e+003,8.826750e+001
3.500224e+003,8.822758e+001
3.500706e+003,8.818214e+001
3.501188e+003,8.813067e+001
3.501671e+003,8.807246e+001
3.502153e+003,8.800708e+001
3.502635e+003,8.793495e+001
3.503117e+003,8.785818e+001
3.503599e+003,8.778068e+001
3.504081e+003,8.770712e+001
3.504563e+003,8.764144e+001
3.505046e+003,8.758513e+001
3.505528e+003,8.753683e+001
3.506010e+003,8.749270e+001
3.506492e+003,8.744752e+001
3.506974e+003,8.739610e+001
3.507456e+003,8.733463e+001
3.507938e+003,8.726151e+001
3.508420e+003,8.717786e+001
3.508903e+003,8.708694e+001
3.509385e+003,8.699287e+001
3.509867e+003,8.689898e+001
3.510349e+003,8.680702e+001
3.510831e+003,8.671682e+001
3.511313e+003,8.662735e+001
3.511795e+003,8.653740e+001
3.512277e+003,8.644621e+001
3.512760e+003,8.635328e+001
3.513242e+003,8.625814e+001
3.513724e+003,8.616020e+001
3.514206e+003,8.605889e+001
3.514688e+003,8.595400e+001
3.515170e+003,8.584595e+001
3.515652e+003,8.573581e+001
3.516135e+003,8.562498e+001
3.516616e+003,8.551453e+001
3.517099e+003,8.540488e+001
3.517581e+003,8.529572e+001
3.518063e+003,8.518671e+001
3.518545e+003,8.507815e+001
3.519027e+003,8.497131e+001
3.519509e+003,8.486819e+001
3.519991e+003,8.477051e+001
3.520474e+003,8.467855e+001
3.520956e+003,8.459072e+001
3.521438e+003,8.450376e+001
3.521920e+003,8.441428e+001
3.522402e+003,8.432069e+001
3.522884e+003,8.422496e+001
3.523366e+003,8.413264e+001
3.523848e+003,8.405093e+001
3.524331e+003,8.398570e+001
3.524813e+003,8.393928e+001
3.525295e+003,8.391027e+001
3.525777e+003,8.389511e+001
3.526259e+003,8.389034e+001
3.526741e+003,8.389461e+001
3.527223e+003,8.390910e+001
3.527705e+003,8.393664e+001
3.528188e+003,8.397958e+001
3.528670e+003,8.403807e+001
3.529152e+003,8.410967e+001
3.529634e+003,8.419077e+001
3.530116e+003,8.427856e+001
3.530598e+003,8.437232e+001
3.531080e+003,8.447335e+001
3.531563e+003,8.458395e+001
3.532044e+003,8.470547e+001
3.532527e+003,8.483743e+001
3.533009e+003,8.497734e+001
3.533491e+003,8.512180e+001
3.533973e+003,8.526801e+001
3.534455e+003,8.541486e+001
3.534937e+003,8.556339e+001
3.535419e+003,8.571597e+001
3.535902e+003,8.587470e+001
3.536384e+003,8.604003e+001
3.536866e+003,8.621007e+001
3.537348e+003,8.638157e+001
3.537830e+003,8.655136e+001
3.538312e+003,8.671773e+001
3.538794e+003,8.688067e+001
3.539276e+003,8.704129e+001
3.539759e+003,8.720058e+001
3.540241e+003,8.735870e+001
3.540723e+003,8.751449e+001
3.541205e+003,8.766601e+001
3.541687e+003,8.781136e+001
3.542169e+003,8.794954e+001
3.542651e+003,8.808094e+001
3.543133e+003,8.820723e+001
3.543615e+003,8.833057e+001
3.544098e+003,8.845274e+001
3.544580e+003,8.857458e+001
3.545062e+003,8.869588e+001
3.545544e+003,8.881605e+001
3.546026e+003,8.893493e+001
3.546508e+003,8.905315e+001
3.546990e+003,8.917175e+001
3.547472e+003,8.929131e+001
3.547955e+003,8.941124e+001
3.548437e+003,8.952985e+001
3.548919e+003,8.964471e+001
3.549401e+003,8.975338e+001
3.549883e+003,8.985392e+001
3.550365e+003,8.994526e+001
3.550847e+003,9.002744e+001
3.551330e+003,9.010153e+001
3.551812e+003,9.016972e+001
3.552294e+003,9.023457e+001
3.552776e+003,9.029863e+001
3.553258e+003,9.036372e+001
3.553740e+003,9.043069e+001
3.554222e+003,9.049973e+001
3.554704e+003,9.057052e+001
3.555187e+003,9.064243e+001
3.555669e+003,9.071466e+001
3.556151e+003,9.078635e+001
3.556633e+003,9.085680e+001
3.557115e+003,9.092556e+001
3.557597e+003,9.099261e+001
3.558079e+003,9.105833e+001
3.558561e+003,9.112311e+001
3.559043e+003,9.118719e+001
3.559526e+003,9.125054e+001
3.560008e+003,9.131293e+001
3.560490e+003,9.137436e+001
3.560972e+003,9.143542e+001
3.561454e+003,9.149747e+001
3.561936e+003,9.156217e+001
3.562418e+003,9.163106e+001
3.562900e+003,9.170445e+001
3.563383e+003,9.178120e+001
3.563865e+003,9.185822e+001
3.564347e+003,9.193095e+001
3.564829e+003,9.199400e+001
3.565311e+003,9.204260e+001
3.565793e+003,9.207499e+001
3.566275e+003,9.209513e+001
3.566758e+003,9.211334e+001
3.567240e+003,9.214262e+001
3.567722e+003,9.219172e+001
3.568204e+003,9.226149e+001
3.568686e+003,9.234678e+001
3.569168e+003,9.244081e+001
3.569650e+003,9.253800e+001
3.570132e+003,9.263464e+001
3.570615e+003,9.272839e+001
3.571097e+003,9.281792e+001
3.571579e+003,9.290228e+001
3.572061e+003,9.298102e+001
3.572543e+003,9.305419e+001
3.573025e+003,9.312238e+001
3.573507e+003,9.318674e+001
3.573989e+003,9.324879e+001
3.574471e+003,9.331009e+001
3.574954e+003,9.337187e+001
3.575436e+003,9.343484e+001
3.575918e+003,9.349915e+001
3.576400e+003,9.356458e+001
3.576882e+003,9.363072e+001
3.577364e+003,9.369721e+001
3.577846e+003,9.376373e+001
3.578328e+003,9.382994e+001
3.578811e+003,9.389552e+001
3.579293e+003,9.396015e+001
3.579775e+003,9.402370e+001
3.580257e+003,9.408631e+001
3.580739e+003,9.414848e+001
3.581221e+003,9.421091e+001
3.581703e+003,9.427454e+001
3.582186e+003,9.433993e+001
3.582667e+003,9.440720e+001
3.583150e+003,9.447576e+001
3.583632e+003,9.454415e+001
3.584114e+003,9.460990e+001
3.584596e+003,9.466955e+001
3.585078e+003,9.471852e+001
3.585560e+003,9.475172e+001
3.586042e+003,9.476506e+001
3.586525e+003,9.475852e+001
3.587007e+003,9.473982e+001
3.587489e+003,9.472433e+001
3.587971e+003,9.472843e+001
3.588453e+003,9.476096e+001
3.588935e+003,9.482035e+001
3.589417e+003,9.489849e+001
3.589899e+003,9.498564e+001
3.590382e+003,9.507323e+001
3.590864e+003,9.515458e+001
3.591346e+003,9.522478e+001
3.591828e+003,9.528044e+001
3.592310e+003,9.531972e+001
3.592792e+003,9.534259e+001
3.593274e+003,9.535146e+001
3.593756e+003,9.535092e+001
3.594239e+003,9.534750e+001
3.594721e+003,9.534805e+001
3.595203e+003,9.535817e+001
3.595685e+003,9.538077e+001
3.596167e+003,9.541573e+001
3.596649e+003,9.546045e+001
3.597131e+003,9.551066e+001
3.597614e+003,9.556123e+001
3.598095e+003,9.560709e+001
3.598578e+003,9.564407e+001
3.599060e+003,9.566962e+001
3.599542e+003,9.568381e+001
3.600024e+003,9.568949e+001
3.600506e+003,9.569177e+001
3.600988e+003,9.569678e+001
3.601470e+003,9.570948e+001
3.601953e+003,9.573265e+001
3.602435e+003,9.576653e+001
3.602917e+003,9.580953e+001
3.603399e+003,9.585905e+001
3.603881e+003,9.591210e+001
3.604363e+003,9.596542e+001
3.604845e+003,9.601542e+001
3.605327e+003,9.605768e+001
3.605810e+003,9.608723e+001
3.606292e+003,9.609936e+001
3.606774e+003,9.609153e+001
3.607256e+003,9.606597e+001
3.607738e+003,9.603143e+001
3.608220e+003,9.600161e+001
3.608702e+003,9.598991e+001
3.609184e+003,9.600350e+001
3.609667e+003,9.604122e+001
3.610149e+003,9.609543e+001
3.610631e+003,9.615524e+001
3.611113e+003,9.620964e+001
3.611595e+003,9.624911e+001
3.612077e+003,9.626784e+001
3.612559e+003,9.626592e+001
3.613042e+003,9.625064e+001
3.613524e+003,9.623492e+001
3.614006e+003,9.623133e+001
3.614488e+003,9.624689e+001
3.614970e+003,9.628089e+001
3.615452e+003,9.632694e+001
3.615934e+003,9.637578e+001
3.616416e+003,9.641746e+001
3.616898e+003,9.644221e+001
3.617381e+003,9.644186e+001
3.617863e+003,9.641214e+001
3.618345e+003,9.635592e+001
3.618827e+003,9.628534e+001
3.619309e+003,9.621899e+001
3.619791e+003,9.617417e+001
3.620273e+003,9.615988e+001
3.620755e+003,9.617517e+001
3.621238e+003,9.621296e+001
3.621720e+003,9.626418e+001
3.622202e+003,9.632104e+001
3.622684e+003,9.637792e+001
3.623166e+003,9.643181e+001
3.623648e+003,9.648198e+001
3.624130e+003,9.652987e+001
3.624612e+003,9.657799e+001
3.625094e+003,9.662886e+001
3.625577e+003,9.668320e+001
3.626059e+003,9.673826e+001
3.626541e+003,9.678578e+001
3.627023e+003,9.681052e+001
3.627505e+003,9.679124e+001
3.627987e+003,9.670987e+001
3.628469e+003,9.657222e+001
3.628952e+003,9.642346e+001
3.629434e+003,9.632304e+001
3.629916e+003,9.629855e+001
3.630398e+003,9.633741e+001
3.630880e+003,9.641097e+001
3.631362e+003,9.649330e+001
3.631844e+003,9.656616e+001
3.632326e+003,9.661841e+001
3.632809e+003,9.664551e+001
3.633291e+003,9.664995e+001
3.633773e+003,9.664056e+001
3.634255e+003,9.662899e+001
3.634737e+003,9.662472e+001
3.635219e+003,9.663138e+001
3.635701e+003,9.664651e+001
3.636183e+003,9.666409e+001
3.636666e+003,9.667793e+001
3.637148e+003,9.668439e+001
3.637630e+003,9.668359e+001
3.638112e+003,9.667904e+001
3.638594e+003,9.667548e+001
3.639076e+003,9.667620e+001
3.639558e+003,9.668138e+001
3.640041e+003,9.668826e+001
3.640522e+003,9.669296e+001
3.641005e+003,9.669290e+001
3.641487e+003,9.668884e+001
3.641969e+003,9.668529e+001
3.642451e+003,9.668876e+001
3.642933e+003,9.670508e+001
3.643415e+003,9.673665e+001
3.643897e+003,9.678175e+001
3.644380e+003,9.683528e+001
3.644862e+003,9.689019e+001
3.645344e+003,9.693882e+001
3.645826e+003,9.697404e+001
3.646308e+003,9.699029e+001
3.646790e+003,9.698467e+001
3.647272e+003,9.695692e+001
3.647754e+003,9.690727e+001
3.648237e+003,9.683344e+001
3.648719e+003,9.673083e+001
3.649201e+003,9.660076e+001
3.649683e+003,9.646072e+001
3.650165e+003,9.634307e+001
3.650647e+003,9.627708e+001
3.651129e+003,9.627275e+001
3.651611e+003,9.632126e+001
3.652094e+003,9.640467e+001
3.652576e+003,9.650457e+001
3.653058e+003,9.660516e+001
3.653540e+003,9.669289e+001
3.654022e+003,9.675555e+001
3.654504e+003,9.678259e+001
3.654986e+003,9.676803e+001
3.655469e+003,9.671568e+001
3.655950e+003,9.664305e+001
3.656433e+003,9.657632e+001
3.656915e+003,9.653718e+001
3.657397e+003,9.653272e+001
3.657879e+003,9.655627e+001
3.658361e+003,9.659511e+001
3.658843e+003,9.663714e+001
3.659325e+003,9.667381e+001
3.659808e+003,9.670116e+001
3.660290e+003,9.671888e+001
3.660772e+003,9.672926e+001
3.661254e+003,9.673571e+001
3.661736e+003,9.674124e+001
3.662218e+003,9.674777e+001
3.662700e+003,9.675623e+001
3.663182e+003,9.676702e+001
3.663665e+003,9.678081e+001
3.664147e+003,9.679865e+001
3.664629e+003,9.682184e+001
3.665111e+003,9.685127e+001
3.665593e+003,9.688689e+001
3.666075e+003,9.692704e+001
3.666557e+003,9.696795e+001
3.667039e+003,9.700320e+001
3.667521e+003,9.702283e+001
3.668004e+003,9.701311e+001
3.668486e+003,9.695901e+001
3.668968e+003,9.685239e+001
3.669450e+003,9.670653e+001
3.669932e+003,9.656264e+001
3.670414e+003,9.647022e+001
3.670896e+003,9.645466e+001
3.671378e+003,9.650945e+001
3.671861e+003,9.661179e+001
3.672343e+003,9.673761e+001
3.672825e+003,9.686562e+001
3.673307e+003,9.697396e+001
3.673789e+003,9.703534e+001
3.674271e+003,9.701639e+001
3.674753e+003,9.689322e+001
3.675236e+003,9.668834e+001
3.675718e+003,9.648321e+001
3.676200e+003,9.635740e+001
3.676682e+003,9.632667e+001
3.677164e+003,9.635882e+001
3.677646e+003,9.641512e+001
3.678128e+003,9.646904e+001
3.678610e+003,9.650787e+001
3.679093e+003,9.653041e+001
3.679575e+003,9.654311e+001
3.680057e+003,9.655564e+001
3.680539e+003,9.657555e+001
3.681021e+003,9.660519e+001
3.681503e+003,9.664183e+001
3.681985e+003,9.667990e+001
3.682467e+003,9.671421e+001
3.682949e+003,9.674215e+001
3.683432e+003,9.676476e+001
3.683914e+003,9.678608e+001
3.684396e+003,9.681112e+001
3.684878e+003,9.684308e+001
3.685360e+003,9.688150e+001
3.685842e+003,9.692171e+001
3.686324e+003,9.695502e+001
3.686806e+003,9.697008e+001
3.687289e+003,9.695496e+001
3.687771e+003,9.690179e+001
3.688253e+003,9.681211e+001
3.688735e+003,9.670068e+001
3.689217e+003,9.659084e+001
3.689699e+003,9.650346e+001
3.690181e+003,9.644804e+001
3.690664e+003,9.642358e+001
3.691146e+003,9.642426e+001
3.691628e+003,9.644408e+001
3.692110e+003,9.647807e+001
3.692592e+003,9.652161e+001
3.693074e+003,9.656980e+001
3.693556e+003,9.661722e+001
3.694038e+003,9.665856e+001
3.694521e+003,9.668951e+001
3.695003e+003,9.670774e+001
3.695485e+003,9.671423e+001
3.695967e+003,9.671318e+001
3.696449e+003,9.671109e+001
3.696931e+003,9.671419e+001
3.697413e+003,9.672615e+001
3.697895e+003,9.674659e+001
3.698377e+003,9.677145e+001
3.698860e+003,9.679392e+001
3.699342e+003,9.680605e+001
3.699824e+003,9.680022e+001
3.700306e+003,9.677156e+001
3.700788e+003,9.672069e+001
3.701270e+003,9.665597e+001
3.701752e+003,9.659193e+001
3.702234e+003,9.654376e+001
3.702717e+003,9.652082e+001
3.703199e+003,9.652384e+001
3.703681e+003,9.654723e+001
3.704163e+003,9.658264e+001
3.704645e+003,9.662223e+001
3.705127e+003,9.666011e+001
3.705609e+003,9.669273e+001
3.706092e+003,9.671883e+001
3.706573e+003,9.673883e+001
3.707056e+003,9.675379e+001
3.707538e+003,9.676425e+001
3.708020e+003,9.676919e+001
3.708502e+003,9.676510e+001
3.708984e+003,9.674622e+001
3.709466e+003,9.670558e+001
3.709948e+003,9.663832e+001
3.710431e+003,9.654641e+001
3.710913e+003,9.644229e+001
3.711395e+003,9.634649e+001
3.711877e+003,9.627856e+001
3.712359e+003,9.624802e+001
3.712841e+003,9.625312e+001
3.713323e+003,9.628561e+001
3.713805e+003,9.633599e+001
3.714288e+003,9.639605e+001
3.714770e+003,9.645937e+001
3.715252e+003,9.652055e+001
3.715734e+003,9.657475e+001
3.716216e+003,9.661761e+001
3.716698e+003,9.664594e+001
3.717180e+003,9.665850e+001
3.717662e+003,9.665723e+001
3.718145e+003,9.664713e+001
3.718627e+003,9.663502e+001
3.719109e+003,9.662691e+001
3.719591e+003,9.662584e+001
3.720073e+003,9.663081e+001
3.720555e+003,9.663777e+001
3.721037e+003,9.664152e+001
3.721520e+003,9.663847e+001
3.722001e+003,9.662852e+001
3.722484e+003,9.661507e+001
3.722966e+003,9.660282e+001
3.723448e+003,9.659454e+001
3.723930e+003,9.658924e+001
3.724412e+003,9.658239e+001
3.724894e+003,9.656860e+001
3.725376e+003,9.654509e+001
3.725859e+003,9.651482e+001
3.726341e+003,9.648691e+001
3.726823e+003,9.647292e+001
3.727305e+003,9.648110e+001
3.727787e+003,9.651292e+001
3.728269e+003,9.656343e+001
3.728751e+003,9.662407e+001
3.729233e+003,9.668505e+001
3.729716e+003,9.673699e+001
3.730198e+003,9.677169e+001
3.730680e+003,9.678326e+001
3.731162e+003,9.676989e+001
3.731644e+003,9.673516e+001
3.732126e+003,9.668723e+001
3.732608e+003,9.663442e+001
3.733090e+003,9.658028e+001
3.733573e+003,9.652048e+001
3.734055e+003,9.644594e+001
3.734537e+003,9.635030e+001
3.735019e+003,9.623972e+001
3.735501e+003,9.613687e+001
3.735983e+003,9.607024e+001
3.736465e+003,9.605502e+001
3.736948e+003,9.608624e+001
3.737430e+003,9.614660e+001
3.737912e+003,9.621818e+001
3.738394e+003,9.628834e+001
3.738876e+003,9.635101e+001
3.739358e+003,9.640598e+001
3.739840e+003,9.645725e+001
3.740322e+003,9.651047e+001
3.740804e+003,9.657021e+001
3.741287e+003,9.663738e+001
3.741769e+003,9.670724e+001
3.742251e+003,9.676796e+001
3.742733e+003,9.679994e+001
3.743215e+003,9.677872e+001
3.743697e+003,9.668684e+001
3.744179e+003,9.653652e+001
3.744661e+003,9.637985e+001
3.745144e+003,9.627747e+001
3.745626e+003,9.625523e+001
3.746108e+003,9.630055e+001
3.746590e+003,9.638581e+001
3.747072e+003,9.648536e+001
3.747554e+003,9.657980e+001
3.748036e+003,9.665440e+001
3.748518e+003,9.669759e+001
3.749000e+003,9.670123e+001
3.749483e+003,9.666237e+001
3.749965e+003,9.658574e+001
3.750447e+003,9.648422e+001
3.750929e+003,9.637613e+001
3.751411e+003,9.628052e+001
3.751893e+003,9.621259e+001
3.752375e+003,9.618033e+001
3.752858e+003,9.618407e+001
3.753340e+003,9.621796e+001
3.753822e+003,9.627306e+001
3.754304e+003,9.633952e+001
3.754786e+003,9.640807e+001
3.755268e+003,9.647073e+001
3.755750e+003,9.652100e+001
3.756232e+003,9.655453e+001
3.756715e+003,9.656927e+001
3.757197e+003,9.656541e+001
3.757679e+003,9.654456e+001
3.758161e+003,9.650919e+001
3.758643e+003,9.646270e+001
3.759125e+003,9.641084e+001
3.759607e+003,9.636252e+001
3.760089e+003,9.632855e+001
3.760572e+003,9.631750e+001
3.761054e+003,9.633212e+001
3.761536e+003,9.636845e+001
3.762018e+003,9.641757e+001
3.762500e+003,9.646833e+001
3.762982e+003,9.650928e+001
3.763464e+003,9.653052e+001
3.763947e+003,9.652627e+001
3.764428e+003,9.649836e+001
3.764911e+003,9.645823e+001
3.765393e+003,9.642368e+001
3.765875e+003,9.641029e+001
3.766357e+003,9.642354e+001
3.766839e+003,9.645738e+001
3.767321e+003,9.649852e+001
3.767803e+003,9.653133e+001
3.768286e+003,9.654218e+001
3.768768e+003,9.652341e+001
3.769250e+003,9.647737e+001
3.769732e+003,9.641779e+001
3.770214e+003,9.636444e+001
3.770696e+003,9.633300e+001
3.771178e+003,9.632841e+001
3.771660e+003,9.634582e+001
3.772143e+003,9.637582e+001
3.772625e+003,9.640922e+001
3.773107e+003,9.643935e+001
3.773589e+003,9.646275e+001
3.774071e+003,9.647903e+001
3.774553e+003,9.649024e+001
3.775035e+003,9.649956e+001
3.775517e+003,9.650989e+001
3.776000e+003,9.652232e+001
3.776482e+003,9.653517e+001
3.776964e+003,9.654385e+001
3.777446e+003,9.654152e+001
3.777928e+003,9.652139e+001
3.778410e+003,9.648062e+001
3.778892e+003,9.642433e+001
3.779375e+003,9.636676e+001
3.779856e+003,9.632555e+001
3.780339e+003,9.631280e+001
3.780821e+003,9.632971e+001
3.781303e+003,9.636819e+001
3.781785e+003,9.641564e+001
3.782267e+003,9.645897e+001
3.782749e+003,9.648708e+001
3.783231e+003,9.649299e+001
3.783714e+003,9.647562e+001
3.784196e+003,9.644116e+001
3.784678e+003,9.640144e+001
3.785160e+003,9.636895e+001
3.785642e+003,9.635145e+001
3.786124e+003,9.634975e+001
3.786606e+003,9.635939e+001
3.787088e+003,9.637406e+001
3.787571e+003,9.638859e+001
3.788053e+003,9.640010e+001
3.788535e+003,9.640801e+001
3.789017e+003,9.641287e+001
3.789499e+003,9.641547e+001
3.789981e+003,9.641631e+001
3.790463e+003,9.641582e+001
3.790945e+003,9.641505e+001
3.791427e+003,9.641611e+001
3.791910e+003,9.642169e+001
3.792392e+003,9.643404e+001
3.792874e+003,9.645335e+001
3.793356e+003,9.647702e+001
3.793838e+003,9.649940e+001
3.794320e+003,9.651272e+001
3.794802e+003,9.650916e+001
3.795284e+003,9.648441e+001
3.795767e+003,9.644192e+001
3.796249e+003,9.639469e+001
3.796731e+003,9.636102e+001
3.797213e+003,9.635561e+001
3.797695e+003,9.638266e+001
3.798177e+003,9.643551e+001
3.798659e+003,9.650043e+001
3.799142e+003,9.655933e+001
3.799624e+003,9.659075e+001
3.800106e+003,9.657169e+001
3.800588e+003,9.648650e+001
3.801070e+003,9.634496e+001
3.801552e+003,9.619359e+001
3.802034e+003,9.609105e+001
3.802516e+003,9.606648e+001
3.802999e+003,9.610988e+001
3.803481e+003,9.619364e+001
3.803963e+003,9.629063e+001
3.804445e+003,9.637899e+001
3.804927e+003,9.644066e+001
3.805409e+003,9.646060e+001
3.805891e+003,9.643020e+001
3.806373e+003,9.635554e+001
3.806855e+003,9.626215e+001
3.807338e+003,9.618518e+001
3.807820e+003,9.614857e+001
3.808302e+003,9.615430e+001
3.808784e+003,9.618891e+001
3.809266e+003,9.623542e+001
3.809748e+003,9.628076e+001
3.810230e+003,9.631828e+001
3.810712e+003,9.634778e+001
3.811195e+003,9.637375e+001
3.811677e+003,9.640266e+001
3.812159e+003,9.643945e+001
3.812641e+003,9.648474e+001
3.813123e+003,9.653344e+001
3.813605e+003,9.657475e+001
3.814087e+003,9.659364e+001
3.814570e+003,9.657466e+001
3.815052e+003,9.651030e+001
3.815534e+003,9.641223e+001
3.816016e+003,9.631373e+001
3.816498e+003,9.625228e+001
3.816980e+003,9.624654e+001
3.817462e+003,9.629105e+001
3.817944e+003,9.636687e+001
3.818427e+003,9.645163e+001
3.818909e+003,9.652254e+001
3.819391e+003,9.655542e+001
3.819873e+003,9.652628e+001
3.820355e+003,9.642343e+001
3.820837e+003,9.626760e+001
3.821319e+003,9.611428e+001
3.821801e+003,9.601754e+001
3.822283e+003,9.599423e+001
3.822766e+003,9.602857e+001
3.823248e+003,9.609483e+001
3.823730e+003,9.617059e+001
3.824212e+003,9.623924e+001
3.824694e+003,9.628889e+001
3.825176e+003,9.631203e+001
3.825658e+003,9.630727e+001
3.826140e+003,9.628140e+001
3.826623e+003,9.624864e+001
3.827105e+003,9.622493e+001
3.827587e+003,9.622074e+001
3.828069e+003,9.623739e+001
3.828551e+003,9.626862e+001
3.829033e+003,9.630430e+001
3.829515e+003,9.633439e+001
3.829998e+003,9.635123e+001
3.830479e+003,9.635183e+001
3.830962e+003,9.633889e+001
3.831444e+003,9.632030e+001
3.831926e+003,9.630584e+001
3.832408e+003,9.630282e+001
3.832890e+003,9.631313e+001
3.833372e+003,9.633371e+001
3.833854e+003,9.635884e+001
3.834337e+003,9.638264e+001
3.834819e+003,9.640049e+001
3.835301e+003,9.640934e+001
3.835783e+003,9.640682e+001
3.836265e+003,9.639050e+001
3.836747e+003,9.635712e+001
3.837229e+003,9.630398e+001
3.837711e+003,9.623167e+001
3.838194e+003,9.614758e+001
3.838676e+003,9.606602e+001
3.839158e+003,9.600365e+001
3.839640e+003,9.597193e+001
3.840122e+003,9.597279e+001
3.840604e+003,9.599945e+001
3.841086e+003,9.604062e+001
3.841568e+003,9.608437e+001
3.842051e+003,9.612099e+001
3.842533e+003,9.614471e+001
3.843015e+003,9.615457e+001
3.843497e+003,9.615479e+001
3.843979e+003,9.615292e+001
3.844461e+003,9.615686e+001
3.844943e+003,9.617172e+001
3.845426e+003,9.619855e+001
3.845907e+003,9.623490e+001
3.846390e+003,9.627637e+001
3.846872e+003,9.631842e+001
3.847354e+003,9.635752e+001
3.847836e+003,9.639207e+001
3.848318e+003,9.642284e+001
3.848800e+003,9.645245e+001
3.849282e+003,9.648456e+001
3.849765e+003,9.652176e+001
3.850247e+003,9.656347e+001
3.850729e+003,9.660361e+001
3.851211e+003,9.662798e+001
3.851693e+003,9.661248e+001
3.852175e+003,9.652745e+001
3.852657e+003,9.635893e+001
3.853139e+003,9.614319e+001
3.853622e+003,9.596045e+001
3.854104e+003,9.586626e+001
3.854586e+003,9.585493e+001
3.855068e+003,9.589087e+001
3.855550e+003,9.594312e+001
3.856032e+003,9.599476e+001
3.856514e+003,9.604036e+001
3.856996e+003,9.608131e+001
3.857479e+003,9.612144e+001
3.857961e+003,9.616391e+001
3.858443e+003,9.620911e+001
3.858925e+003,9.625464e+001
3.859407e+003,9.629608e+001
3.859889e+003,9.632848e+001
3.860371e+003,9.634829e+001
3.860854e+003,9.635458e+001
3.861336e+003,9.634930e+001
3.861818e+003,9.633585e+001
3.862300e+003,9.631654e+001
3.862782e+003,9.629049e+001
3.863264e+003,9.625426e+001
3.863746e+003,9.620608e+001
3.864228e+003,9.615175e+001
3.864710e+003,9.610628e+001
3.865193e+003,9.608746e+001
3.865675e+003,9.610613e+001
3.866157e+003,9.616128e+001
3.866639e+003,9.624207e+001
3.867121e+003,9.633224e+001
3.867603e+003,9.641248e+001
3.868085e+003,9.646114e+001
3.868567e+003,9.645718e+001
3.869050e+003,9.639025e+001
3.869532e+003,9.627665e+001
3.870014e+003,9.616110e+001
3.870496e+003,9.608926e+001
3.870978e+003,9.607659e+001
3.871460e+003,9.610759e+001
3.871942e+003,9.615458e+001
3.872424e+003,9.619153e+001
3.872906e+003,9.620071e+001
3.873389e+003,9.617665e+001
3.873871e+003,9.612904e+001
3.874353e+003,9.607998e+001
3.874835e+003,9.605280e+001
3.875317e+003,9.605984e+001
3.875799e+003,9.609995e+001
3.876281e+003,9.616329e+001
3.876764e+003,9.623763e+001
3.877246e+003,9.631127e+001
3.877728e+003,9.637342e+001
3.878210e+003,9.641366e+001
3.878692e+003,9.642210e+001
3.879174e+003,9.639199e+001
3.879656e+003,9.632505e+001
3.880138e+003,9.623646e+001
3.880621e+003,9.615257e+001
3.881103e+003,9.609888e+001
3.881585e+003,9.608787e+001
3.882067e+003,9.611589e+001
3.882549e+003,9.616879e+001
3.883031e+003,9.622808e+001
3.883513e+003,9.627463e+001
3.883995e+003,9.629095e+001
3.884478e+003,9.626595e+001
3.884960e+003,9.620258e+001
3.885442e+003,9.612296e+001
3.885924e+003,9.606038e+001
3.886406e+003,9.604000e+001
3.886888e+003,9.606666e+001
3.887370e+003,9.612890e+001
3.887853e+003,9.620927e+001
3.888334e+003,9.629082e+001
3.888817e+003,9.635882e+001
3.889299e+003,9.640059e+001
3.889781e+003,9.640587e+001
3.890263e+003,9.636959e+001
3.890745e+003,9.629629e+001
3.891227e+003,9.620245e+001
3.891709e+003,9.611201e+001
3.892192e+003,9.604624e+001
3.892674e+003,9.601527e+001
3.893156e+003,9.601798e+001
3.893638e+003,9.604690e+001
3.894120e+003,9.609298e+001
3.894602e+003,9.614830e+001
3.895084e+003,9.620658e+001
3.895566e+003,9.626294e+001
3.896049e+003,9.631331e+001
3.896531e+003,9.635414e+001
3.897013e+003,9.638212e+001
3.897495e+003,9.639469e+001
3.897977e+003,9.639067e+001
3.898459e+003,9.637154e+001
3.898941e+003,9.634216e+001
3.899423e+003,9.631013e+001
3.899906e+003,9.628352e+001
3.900388e+003,9.626759e+001
3.900870e+003,9.626260e+001
3.901352e+003,9.626353e+001
3.901834e+003,9.626180e+001
3.902316e+003,9.624778e+001
3.902798e+003,9.621445e+001
3.903281e+003,9.616103e+001
3.903762e+003,9.609522e+001
3.904245e+003,9.603165e+001
3.904727e+003,9.598515e+001
3.905209e+003,9.596436e+001
3.905691e+003,9.596947e+001
3.906173e+003,9.599442e+001
3.906655e+003,9.603094e+001
3.907137e+003,9.607158e+001
3.907620e+003,9.611090e+001
3.908102e+003,9.614558e+001
3.908584e+003,9.617392e+001
3.909066e+003,9.619534e+001
3.909548e+003,9.620975e+001
3.910030e+003,9.621758e+001
3.910512e+003,9.621986e+001
3.910994e+003,9.621868e+001
3.911477e+003,9.621690e+001
3.911959e+003,9.621783e+001
3.912441e+003,9.622395e+001
3.912923e+003,9.623589e+001
3.913405e+003,9.625200e+001
3.913887e+003,9.626842e+001
3.914369e+003,9.628008e+001
3.914851e+003,9.628223e+001
3.915333e+003,9.627198e+001
3.915816e+003,9.624992e+001
3.916298e+003,9.622052e+001
3.916780e+003,9.619064e+001
3.917262e+003,9.616660e+001
3.917744e+003,9.615154e+001
3.918226e+003,9.614492e+001
3.918708e+003,9.614423e+001
3.919190e+003,9.614708e+001
3.919673e+003,9.615279e+001
3.920155e+003,9.616195e+001
3.920637e+003,9.617545e+001
3.921119e+003,9.619259e+001
3.921601e+003,9.621023e+001
3.922083e+003,9.622298e+001
3.922565e+003,9.622444e+001
3.923048e+003,9.620944e+001
3.923530e+003,9.617690e+001
3.924012e+003,9.613192e+001
3.924494e+003,9.608559e+001
3.924976e+003,9.605080e+001
3.925458e+003,9.603633e+001
3.925940e+003,9.604360e+001
3.926422e+003,9.606741e+001
3.926905e+003,9.609946e+001
3.927387e+003,9.613171e+001
3.927869e+003,9.615811e+001
3.928351e+003,9.617553e+001
3.928833e+003,9.618357e+001
3.929315e+003,9.618372e+001
3.929797e+003,9.617815e+001
3.930279e+003,9.616835e+001
3.930761e+003,9.615475e+001
3.931244e+003,9.613711e+001
3.931726e+003,9.611584e+001
3.932208e+003,9.609309e+001
3.932690e+003,9.607288e+001
3.933172e+003,9.605950e+001
3.933654e+003,9.605595e+001
3.934136e+003,9.606251e+001
3.934618e+003,9.607704e+001
3.935101e+003,9.609564e+001
3.935583e+003,9.611411e+001
3.936065e+003,9.612897e+001
3.936547e+003,9.613853e+001
3.937029e+003,9.614308e+001
3.937511e+003,9.614484e+001
3.937993e+003,9.614695e+001
3.938476e+003,9.615215e+001
3.938958e+003,9.616151e+001
3.939440e+003,9.617375e+001
3.939922e+003,9.618548e+001
3.940404e+003,9.619189e+001
3.940886e+003,9.618819e+001
3.941368e+003,9.617120e+001
3.941850e+003,9.614127e+001
3.942333e+003,9.610325e+001
3.942815e+003,9.606545e+001
3.943297e+003,9.603668e+001
3.943779e+003,9.602274e+001
3.944261e+003,9.602469e+001
3.944743e+003,9.603940e+001
3.945225e+003,9.606126e+001
3.945707e+003,9.608412e+001
3.946189e+003,9.610269e+001
3.946672e+003,9.611353e+001
3.947154e+003,9.611534e+001
3.947636e+003,9.610938e+001
3.948118e+003,9.609872e+001
3.948600e+003,9.608706e+001
3.949082e+003,9.607748e+001
3.949564e+003,9.607162e+001
3.950046e+003,9.606950e+001
3.950529e+003,9.607021e+001
3.951011e+003,9.607265e+001
3.951493e+003,9.607597e+001
3.951975e+003,9.607970e+001
3.952457e+003,9.608366e+001
3.952939e+003,9.608769e+001
3.953421e+003,9.609150e+001
3.953904e+003,9.609467e+001
3.954385e+003,9.609666e+001
3.954868e+003,9.609699e+001
3.955350e+003,9.609545e+001
3.955832e+003,9.609209e+001
3.956314e+003,9.608730e+001
3.956796e+003,9.608177e+001
3.957278e+003,9.607635e+001
3.957760e+003,9.607182e+001
3.958243e+003,9.606859e+001
3.958725e+003,9.606662e+001
3.959207e+003,9.606532e+001
3.959689e+003,9.606373e+001
3.960171e+003,9.606091e+001
3.960653e+003,9.605633e+001
3.961135e+003,9.605026e+001
3.961617e+003,9.604388e+001
3.962100e+003,9.603892e+001
3.962582e+003,9.603689e+001
3.963064e+003,9.603854e+001
3.963546e+003,9.604343e+001
3.964028e+003,9.604996e+001
3.964510e+003,9.605628e+001
3.964992e+003,9.606063e+001
3.965474e+003,9.606220e+001
3.965957e+003,9.606122e+001
3.966439e+003,9.605868e+001
3.966921e+003,9.605599e+001
3.967403e+003,9.605421e+001
3.967885e+003,9.605360e+001
3.968367e+003,9.605366e+001
3.968849e+003,9.605354e+001
3.969332e+003,9.605245e+001
3.969813e+003,9.605012e+001
3.970296e+003,9.604688e+001
3.970778e+003,9.604333e+001
3.971260e+003,9.603987e+001
3.971742e+003,9.603649e+001
3.972224e+003,9.603254e+001
3.972706e+003,9.602726e+001
3.973188e+003,9.602005e+001
3.973671e+003,9.601100e+001
3.974153e+003,9.600097e+001
3.974635e+003,9.599132e+001
3.975117e+003,9.598347e+001
3.975599e+003,9.597842e+001
3.976081e+003,9.597643e+001
3.976563e+003,9.597720e+001
3.977045e+003,9.598011e+001
3.977528e+003,9.598436e+001
3.978010e+003,9.598927e+001
3.978492e+003,9.599401e+001
3.978974e+003,9.599776e+001
3.979456e+003,9.599949e+001
3.979938e+003,9.599834e+001
3.980420e+003,9.599379e+001
3.980902e+003,9.598615e+001
3.981385e+003,9.597655e+001
3.981867e+003,9.596670e+001
3.982349e+003,9.595834e+001
3.982831e+003,9.595261e+001
3.983313e+003,9.594955e+001
3.983795e+003,9.594838e+001
3.984277e+003,9.594778e+001
3.984760e+003,9.594666e+001
3.985242e+003,9.594473e+001
3.985724e+003,9.594258e+001
3.986206e+003,9.594145e+001
3.986688e+003,9.594254e+001
3.987170e+003,9.594643e+001
3.987652e+003,9.595279e+001
3.988134e+003,9.596041e+001
3.988616e+003,9.596777e+001
3.989099e+003,9.597355e+001
3.989581e+003,9.597717e+001
3.990063e+003,9.597886e+001
3.990545e+003,9.597938e+001
3.991027e+003,9.597951e+001
3.991509e+003,9.597954e+001
3.991991e+003,9.597914e+001
3.992473e+003,9.597749e+001
3.992956e+003,9.597372e+001
3.993438e+003,9.596735e+001
3.993920e+003,9.595853e+001
3.994402e+003,9.594818e+001
3.994884e+003,9.593760e+001
3.995366e+003,9.592812e+001
3.995848e+003,9.592079e+001
3.996330e+003,9.591616e+001
3.996813e+003,9.591431e+001
3.997295e+003,9.591504e+001
3.997777e+003,9.591793e+001
3.998259e+003,9.592247e+001
3.998741e+003,9.592802e+001
3.999223e+003,9.593380e+001
3.999705e+003,9.593899e+001
4.000188e+003,9.594277e+001
